{
  "name": "s4-anneal-stage-2-20ep-5000g-best",
  "playerParams": [
    {
      "decisions": {
        "aggression": 1.460800051689148,
        "forwardPassMinGain": 6.846399784088135,
        "markDistance": 82.94149780273438,
        "passChanceDefault": 0.045499999076128006,
        "passChanceForward": 0.0421999990940094,
        "passChancePressured": 0.39399999380111694,
        "passChanceWing": 0.12240000069141388,
        "passDirDefensive": 0.0,
        "passDirNeutral": 1.8756999969482422,
        "passDirOffensive": 1.4979000091552734,
        "riskAppetite": 0.8830999732017517,
        "shootProgressThreshold": 0.5827999711036682,
        "tackleChance": 0.05079999938607216
      },
      "gk": null,
      "spatial": {
        "ball": {
          "max": 409.235107421875,
          "min": 0.0,
          "preferred": 214.08790588378906
        },
        "opponent": {
          "max": 237.5906982421875,
          "min": 35.32740020751953,
          "preferred": 113.29139709472656
        },
        "ownGoal": {
          "max": 746.4276733398438,
          "min": 537.63720703125,
          "preferred": 586.343994140625
        },
        "side": {
          "max": 367.2955017089844,
          "min": 166.85589599609375,
          "preferred": 329.2372131347656
        },
        "teammate": {
          "max": 400.0,
          "min": 157.8907012939453,
          "preferred": 174.38369750976562
        }
      }
    },
    {
      "decisions": {
        "aggression": 0.012400000356137753,
        "forwardPassMinGain": 15.167799949645996,
        "markDistance": 58.267398834228516,
        "passChanceDefault": 0.011800000444054604,
        "passChanceForward": 0.06909999996423721,
        "passChancePressured": 0.019999999552965164,
        "passChanceWing": 0.19830000400543213,
        "passDirDefensive": 0.0,
        "passDirNeutral": 1.8966000080108643,
        "passDirOffensive": 1.5973999500274658,
        "riskAppetite": 0.31940001249313354,
        "shootProgressThreshold": 0.6791999936103821,
        "tackleChance": 0.21649999916553497
      },
      "gk": null,
      "spatial": {
        "ball": {
          "max": 27.627599716186523,
          "min": 0.0,
          "preferred": 14.762900352478027
        },
        "opponent": {
          "max": 105.53759765625,
          "min": 40.55590057373047,
          "preferred": 90.935302734375
        },
        "ownGoal": {
          "max": 837.7343139648438,
          "min": 116.13349914550781,
          "preferred": 184.7624053955078
        },
        "side": {
          "max": 328.4005126953125,
          "min": 126.45549774169922,
          "preferred": 210.19540405273438
        },
        "teammate": {
          "max": 381.83380126953125,
          "min": 223.84829711914062,
          "preferred": 325.085205078125
        }
      }
    },
    {
      "decisions": {
        "aggression": 1.7526999711990356,
        "forwardPassMinGain": 10.464300155639648,
        "markDistance": 56.624298095703125,
        "passChanceDefault": 0.17159999907016754,
        "passChanceForward": 0.10819999873638153,
        "passChancePressured": 0.17239999771118164,
        "passChanceWing": 0.04749999940395355,
        "passDirDefensive": 0.0,
        "passDirNeutral": 1.2992000579833984,
        "passDirOffensive": 1.607200026512146,
        "riskAppetite": 0.5834000110626221,
        "shootProgressThreshold": 0.8529000282287598,
        "tackleChance": 0.13899999856948853
      },
      "gk": null,
      "spatial": {
        "ball": {
          "max": 23.593000411987305,
          "min": 0.0,
          "preferred": 0.0
        },
        "opponent": {
          "max": 188.3778076171875,
          "min": 9.541000366210938,
          "preferred": 62.59590148925781
        },
        "ownGoal": {
          "max": 279.3124084472656,
          "min": 130.66769409179688,
          "preferred": 177.86289978027344
        },
        "side": {
          "max": 398.3367004394531,
          "min": 275.6162109375,
          "preferred": 275.6162109375
        },
        "teammate": {
          "max": 111.90039825439453,
          "min": 0.0,
          "preferred": 95.3772964477539
        }
      }
    },
    {
      "decisions": {
        "aggression": 1.485200047492981,
        "forwardPassMinGain": 8.651000022888184,
        "markDistance": 36.6078987121582,
        "passChanceDefault": 0.1225999966263771,
        "passChanceForward": 0.01810000091791153,
        "passChancePressured": 0.19329999387264252,
        "passChanceWing": 0.1379999965429306,
        "passDirDefensive": 1.832800030708313,
        "passDirNeutral": 0.7706999778747559,
        "passDirOffensive": 1.0954999923706055,
        "riskAppetite": 0.2648000121116638,
        "shootProgressThreshold": 0.6726999878883362,
        "tackleChance": 0.15399999916553497
      },
      "gk": null,
      "spatial": {
        "ball": {
          "max": 496.0517883300781,
          "min": 133.49090576171875,
          "preferred": 303.968505859375
        },
        "opponent": {
          "max": 390.20001220703125,
          "min": 74.6521987915039,
          "preferred": 229.88150024414062
        },
        "ownGoal": {
          "max": 659.5399169921875,
          "min": 345.1415100097656,
          "preferred": 491.4096984863281
        },
        "side": {
          "max": 133.08900451660156,
          "min": 30.66309928894043,
          "preferred": 110.75769805908203
        },
        "teammate": {
          "max": 69.8750991821289,
          "min": 68.8541030883789,
          "preferred": 69.8750991821289
        }
      }
    },
    {
      "decisions": {
        "aggression": 0.5266000032424927,
        "forwardPassMinGain": 4.054900169372559,
        "markDistance": 78.98400115966797,
        "passChanceDefault": 0.20000000298023224,
        "passChanceForward": 0.04769999906420708,
        "passChancePressured": 0.3725999891757965,
        "passChanceWing": 0.18369999527931213,
        "passDirDefensive": 0.6363000273704529,
        "passDirNeutral": 0.325300008058548,
        "passDirOffensive": 1.3034000396728516,
        "riskAppetite": 0.9434000253677368,
        "shootProgressThreshold": 0.7803999781608582,
        "tackleChance": 0.07970000058412552
      },
      "gk": {
        "gkDistributionZone": 0.6237000226974487,
        "gkDiveChance": 1.0,
        "gkDiveCommitDist": 60.0,
        "gkPassTargetDist": 270.2867126464844,
        "gkRiskClearance": 0.38040000200271606
      },
      "spatial": {
        "ball": {
          "max": 314.39300537109375,
          "min": 163.90310668945312,
          "preferred": 222.81700134277344
        },
        "opponent": {
          "max": 358.57861328125,
          "min": 293.531494140625,
          "preferred": 312.239990234375
        },
        "ownGoal": {
          "max": 603.8892211914062,
          "min": 344.1610107421875,
          "preferred": 481.78021240234375
        },
        "side": {
          "max": 256.74578857421875,
          "min": 189.47889709472656,
          "preferred": 253.3802032470703
        },
        "teammate": {
          "max": 308.11981201171875,
          "min": 116.36710357666016,
          "preferred": 276.2023010253906
        }
      }
    }
  ],
  "sourceEpoch": 18,
  "sourceSession": "s4-anneal-stage-2-20ep-5000g",
  "type": "team-policy-v6",
  "version": 1
}
