{
  "acceptedCount": 3,
  "acceptedEpochs": [
    7,
    16,
    20
  ],
  "averageEpochElapsedMs": 555,
  "bestGoalDiff": 76.0,
  "epochs": 20,
  "finalChampionEpoch": 20,
  "finalChampionPlayerParams": [
    {
      "decisions": {
        "aggression": 1.7443000078201294,
        "forwardPassMinGain": 5.934999942779541,
        "markDistance": 36.900001525878906,
        "passChanceDefault": 0.09719999879598618,
        "passChanceForward": 0.09030000120401382,
        "passChancePressured": 0.06109999865293503,
        "passChanceWing": 0.04729999974370003,
        "passDirDefensive": 1.4266999959945679,
        "passDirNeutral": 0.430400013923645,
        "passDirOffensive": 1.8949999809265137,
        "riskAppetite": 0.02019999921321869,
        "shootProgressThreshold": 0.838100016117096,
        "tackleChance": 0.1316000074148178
      },
      "gk": null,
      "spatial": {
        "ball": {
          "max": 54.757999420166016,
          "min": 51.622100830078125,
          "preferred": 51.622100830078125
        },
        "opponent": {
          "max": 358.3739929199219,
          "min": 105.60870361328125,
          "preferred": 105.79869842529297
        },
        "ownGoal": {
          "max": 414.8959045410156,
          "min": 378.27239990234375,
          "preferred": 378.27239990234375
        },
        "side": {
          "max": 293.0242004394531,
          "min": 234.18600463867188,
          "preferred": 283.42498779296875
        },
        "teammate": {
          "max": 344.6803894042969,
          "min": 37.43550109863281,
          "preferred": 225.61050415039062
        }
      }
    },
    {
      "decisions": {
        "aggression": 0.0,
        "forwardPassMinGain": 18.0,
        "markDistance": 39.906700134277344,
        "passChanceDefault": 0.1535000056028366,
        "passChanceForward": 0.10119999945163727,
        "passChancePressured": 0.32899999618530273,
        "passChanceWing": 0.009999999776482582,
        "passDirDefensive": 0.2703000009059906,
        "passDirNeutral": 0.0,
        "passDirOffensive": 0.19869999587535858,
        "riskAppetite": 0.8537999987602234,
        "shootProgressThreshold": 0.558899998664856,
        "tackleChance": 0.20469999313354492
      },
      "gk": null,
      "spatial": {
        "ball": {
          "max": 90.62419891357422,
          "min": 66.3479995727539,
          "preferred": 83.63729858398438
        },
        "opponent": {
          "max": 235.98379516601562,
          "min": 0.0,
          "preferred": 95.56109619140625
        },
        "ownGoal": {
          "max": 584.9611206054688,
          "min": 523.4533081054688,
          "preferred": 584.9611206054688
        },
        "side": {
          "max": 486.8017883300781,
          "min": 160.08189392089844,
          "preferred": 335.6716003417969
        },
        "teammate": {
          "max": 300.5965881347656,
          "min": 125.23979949951172,
          "preferred": 228.53359985351562
        }
      }
    },
    {
      "decisions": {
        "aggression": 1.8167999982833862,
        "forwardPassMinGain": 5.3790998458862305,
        "markDistance": 53.920799255371094,
        "passChanceDefault": 0.01510000042617321,
        "passChanceForward": 0.08659999817609787,
        "passChancePressured": 0.07540000230073929,
        "passChanceWing": 0.19470000267028809,
        "passDirDefensive": 1.9421000480651855,
        "passDirNeutral": 1.2580000162124634,
        "passDirOffensive": 1.4436999559402466,
        "riskAppetite": 0.7735999822616577,
        "shootProgressThreshold": 0.821399986743927,
        "tackleChance": 0.059300001710653305
      },
      "gk": null,
      "spatial": {
        "ball": {
          "max": 51.67599868774414,
          "min": 18.416400909423828,
          "preferred": 20.344900131225586
        },
        "opponent": {
          "max": 267.168701171875,
          "min": 11.784600257873535,
          "preferred": 118.07039642333984
        },
        "ownGoal": {
          "max": 874.9663696289062,
          "min": 260.60211181640625,
          "preferred": 522.0991821289062
        },
        "side": {
          "max": 423.0744934082031,
          "min": 283.06390380859375,
          "preferred": 349.9613952636719
        },
        "teammate": {
          "max": 342.19940185546875,
          "min": 6.204400062561035,
          "preferred": 107.7874984741211
        }
      }
    },
    {
      "decisions": {
        "aggression": 1.944200038909912,
        "forwardPassMinGain": 2.7295000553131104,
        "markDistance": 25.0,
        "passChanceDefault": 0.12759999930858612,
        "passChanceForward": 0.008799999952316284,
        "passChancePressured": 0.2703000009059906,
        "passChanceWing": 0.16449999809265137,
        "passDirDefensive": 0.0,
        "passDirNeutral": 0.3327000141143799,
        "passDirOffensive": 0.18719999492168427,
        "riskAppetite": 0.1379999965429306,
        "shootProgressThreshold": 0.5788000226020813,
        "tackleChance": 0.05810000002384186
      },
      "gk": null,
      "spatial": {
        "ball": {
          "max": 620.7297973632812,
          "min": 75.16590118408203,
          "preferred": 358.0111083984375
        },
        "opponent": {
          "max": 284.7048034667969,
          "min": 6.708099842071533,
          "preferred": 56.160400390625
        },
        "ownGoal": {
          "max": 723.4976806640625,
          "min": 161.5283966064453,
          "preferred": 723.4976806640625
        },
        "side": {
          "max": 233.19729614257812,
          "min": 133.20779418945312,
          "preferred": 167.78289794921875
        },
        "teammate": {
          "max": 61.12590026855469,
          "min": 4.135300159454346,
          "preferred": 31.507699966430664
        }
      }
    },
    {
      "decisions": {
        "aggression": 1.8162000179290771,
        "forwardPassMinGain": 16.263399124145508,
        "markDistance": 75.52559661865234,
        "passChanceDefault": 0.18070000410079956,
        "passChanceForward": 0.1704999953508377,
        "passChancePressured": 0.2515000104904175,
        "passChanceWing": 0.09889999777078629,
        "passDirDefensive": 0.9046000242233276,
        "passDirNeutral": 0.0502999983727932,
        "passDirOffensive": 0.31949999928474426,
        "riskAppetite": 0.6134999990463257,
        "shootProgressThreshold": 0.7935000061988831,
        "tackleChance": 0.19529999792575836
      },
      "gk": {
        "gkDistributionZone": 0.3147999942302704,
        "gkDiveChance": 0.8446000218391418,
        "gkDiveCommitDist": 149.2913055419922,
        "gkPassTargetDist": 335.7868957519531,
        "gkRiskClearance": 0.3855000138282776
      },
      "spatial": {
        "ball": {
          "max": 373.5987854003906,
          "min": 364.2023010253906,
          "preferred": 364.2023010253906
        },
        "opponent": {
          "max": 352.61370849609375,
          "min": 263.7847900390625,
          "preferred": 263.7847900390625
        },
        "ownGoal": {
          "max": 215.18580627441406,
          "min": 72.15660095214844,
          "preferred": 101.91790008544922
        },
        "side": {
          "max": 42.05659866333008,
          "min": 2.893699884414673,
          "preferred": 2.893699884414673
        },
        "teammate": {
          "max": 384.15679931640625,
          "min": 23.45840072631836,
          "preferred": 308.7633056640625
        }
      }
    }
  ],
  "finishedAt": "2026-05-06T01:28:00Z",
  "gamesPerEpoch": 5000,
  "history": [
    {
      "accepted": false,
      "baselineAvgGoals": 0.647,
      "candidateAvgGoals": 0.693,
      "championEpoch": 0,
      "earlyStop": "indecisive",
      "elapsedMs": 475,
      "epoch": 1,
      "gamesRun": 150,
      "goalDiff": 7.0,
      "zScore": 0.525
    },
    {
      "accepted": false,
      "baselineAvgGoals": 0.84,
      "candidateAvgGoals": 0.497,
      "championEpoch": 0,