{
  "accepted": false,
  "candidate": {
    "playerParams": [
      {
        "aggression": 1.8760547637939453,
        "base": {
          "forwardPassMinGain": 15.0,
          "markDistance": 56.0,
          "passChanceDefault": 0.05700000002980232,
          "passChanceForward": 0.18000000715255737,
          "passChancePressured": 0.38339999318122864,
          "passChanceWing": 0.019500000402331352,
          "shootProgressThreshold": 0.7599999904632568,
          "tackleChance": 0.2199999988079071
        },
        "blockAvoidance": 0.2497309148311615,
        "blockDistance": 31.27446937561035,
        "chemistryBonus": 0.0,
        "chemistryTargetId": -1,
        "clearShotBonus": 0.0753587931394577,
        "corridorPreference": 0,
        "edgeAvoidance": 0.1450652778148651,
        "goalAttraction": 0.14346672594547272,
        "pressureRadius": 73.0160903930664,
        "riskAppetite": 0.4622790813446045,
        "visionRadius": 1000000000.0,
        "zoneAggression": [
          1.2558091878890991,
          0.9379268884658813,
          1.5770362615585327,
          0.5622893571853638,
          0.9655807614326477
        ]
      },
      {
        "aggression": 1.086790680885315,
        "base": {
          "forwardPassMinGain": 18.0,
          "markDistance": 54.0,
          "passChanceDefault": 0.024900000542402267,
          "passChanceForward": 0.16290000081062317,
          "passChancePressured": 0.4000000059604645,
          "passChanceWing": 0.009999999776482582,
          "shootProgressThreshold": 0.8113999962806702,
          "tackleChance": 0.19740000367164612
        },
        "blockAvoidance": 0.6524074077606201,
        "blockDistance": 26.605037689208984,
        "chemistryBonus": 0.0,
        "chemistryTargetId": -1,
        "clearShotBonus": 0.12517152726650238,
        "corridorPreference": 1,
        "edgeAvoidance": 0.39700382947921753,
        "goalAttraction": 0.0,
        "pressureRadius": 80.73920440673828,
        "riskAppetite": 0.5834321975708008,
        "visionRadius": 1000000000.0,
        "zoneAggression": [
          0.8989627957344055,
          0.9427258372306824,
          1.1982169151306152,
          1.0009821653366089,
          1.0675474405288696
        ]
      },
      {
        "aggression": 1.5127427577972412,
        "base": {
          "forwardPassMinGain": 15.0,
          "markDistance": 73.0,
          "passChanceDefault": 0.004999999888241291,
          "passChanceForward": 0.12139999866485596,
          "passChancePressured": 0.4000000059604645,
          "passChanceWing": 0.009999999776482582,
          "shootProgressThreshold": 0.8125,
          "tackleChance": 0.17949999868869781
        },
        "blockAvoidance": 0.41501757502555847,
        "blockDistance": 24.546802520751953,
        "chemistryBonus": 0.0,
        "chemistryTargetId": -1,
        "clearShotBonus": 0.03633898124098778,
        "corridorPreference": 0,
        "edgeAvoidance": 0.0,
        "goalAttraction": 0.24369734525680542,
        "pressureRadius": 61.685302734375,
        "riskAppetite": 0.5012112855911255,
        "visionRadius": 1000000000.0,
        "zoneAggression": [
          0.9573509097099304,
          1.0220143795013428,
          0.8697384595870972,
          1.0011345148086548,
          0.6954342722892761
        ]
      },
      {
        "aggression": 1.2033013105392456,
        "base": {
          "forwardPassMinGain": 12.0,
          "markDistance": 82.0,
          "passChanceDefault": 0.09489999711513519,
          "passChanceForward": 0.18000000715255737,
          "passChancePressured": 0.3833000063896179,
          "passChanceWing": 0.009999999776482582,
          "shootProgressThreshold": 0.8446999788284302,
          "tackleChance": 0.12999999523162842
        },
        "blockAvoidance": 0.606709897518158,
        "blockDistance": 31.214942932128906,
        "chemistryBonus": 0.0,
        "chemistryTargetId": -1,
        "clearShotBonus": 0.12652865052223206,
        "corridorPreference": -1,
        "edgeAvoidance": 0.34336015582084656,
        "goalAttraction": 0.19318616390228271,
        "pressureRadius": 102.5999984741211,
        "riskAppetite": 0.5386265516281128,
        "visionRadius": 1000000000.0,
        "zoneAggression": [
          1.1257082223892212,
          1.0,
          0.9821175336837769,
          1.0321860313415527,
          0.857853889465332
        ]
      },
      {
        "aggression": 0.9028513431549072,
        "base": {
          "forwardPassMinGain": 18.0,
          "markDistance": 85.0,
          "passChanceDefault": 0.020800000056624413,
          "passChanceForward": 0.14229999482631683,
          "passChancePressured": 0.4000000059604645,
          "passChanceWing": 0.041099999099969864,
          "shootProgressThreshold": 0.8515999913215637,
          "tackleChance": 0.12399999797344208
        },
        "blockAvoidance": 0.4553336501121521,
        "blockDistance": 19.086387634277344,
        "chemistryBonus": 0.0,
        "chemistryTargetId": -1,
        "clearShotBonus": 0.08764784038066864,
        "corridorPreference": 0,
        "edgeAvoidance": 0.3315045237541199,
        "goalAttraction": 0.058331508189439774,
        "pressureRadius": 46.72275161743164,
        "riskAppetite": 0.3414851129055023,
        "visionRadius": 1000000000.0,
        "zoneAggression": [
          1.0566697120666504,
          0.9367560148239136,
          0.8880130052566528,
          1.0886459350585938,
          0.8616378903388977
        ]
      }
    ]
  },
  "championEpoch": 53,
  "championPlayerParams": [
    {
      "aggression": 1.735655426979065,
      "base": {
        "forwardPassMinGain": 15.0,
        "markDistance": 56.0,
        "passChanceDefault": 0.05700000002980232,
        "passChanceForward": 0.18000000715255737,
        "passChancePressured": 0.38339999318122864,
        "passChanceWing": 0.019500000402331352,
        "shootProgressThreshold": 0.7599999904632568,
        "tackleChance": 0.2199999988079071
      },
      "blockAvoidance": 0.2497309148311615,
      "blockDistance": 30.79502296447754,
      "chemistryBonus": 0.0,
      "chemistryTargetId": -1,
      "clearShotBonus": 0.18157736957073212,
      "corridorPreference": 0,
      "edgeAvoidance": 0.1450652778148651,
      "goalAttraction": 0.14346672594547272,
      "pressureRadius": 73.0160903930664,
      "riskAppetite": 0.4622790813446045,
      "visionRadius": 1000000000.0,
      "zoneAggression": [
        1.2558091878890991,
        0.9379268884658813,
        1.5770362615585327,
        0.5622893571853638,
        0.9655807614326477
      ]
    },
    {
      "aggression": 1.086790680885315,
      "base": {
        "forwardPassMinGain": 18.0,
        "markDistance": 54.0,
        "passChanceDefault": 0.024900000542402267,
        "passChanceForward": 0.16290000081062317,
        "passChancePressured": 0.4000000059604645,
        "passChanceWing": 0.009999999776482582,
        "shootProgressThreshold": 0.8113999962806702,
        "tackleChance": 0.19740000367164612
      },
      "blockAvoidance": 0.6524074077606201,
      "blockDistance": 26.605037689208984,
      "chemistryBonus": 0.0,
      "chemistryTargetId": -1,
      "clearShotBonus": 0.12517152726650238,
      "corridorPreference": 1,
      "edgeAvoidance": 0.39700382947921753,
      "goalAttraction": 0.0,
      "pressureRadius": 80.73920440673828,
      "riskAppetite": 0.5834321975708008,
      "visionRadius": 1000000000.0,
      "zoneAggression": [
        0.8989627957344055,
        0.9427258372306824,
        1.1982169151306152,
        1.0009821653366089,
        1.0675474405288696
      ]
    },
    {
      "aggression": 1.446231722831726,
      "base": {
        "forwardPassMinGain": 15.0,
        "markDistance": 73.0,
        "passChanceDefault": 0.004999999888241291,
        "passChanceForward": 0.12139999866485596,
        "passChancePressured": 0.4000000059604645,