{
  "accepted": false,
  "candidate": {
    "playerParams": [
      {
        "aggression": 1.6278717517852783,
        "base": {
          "forwardPassMinGain": 15.0,
          "markDistance": 56.0,
          "passChanceDefault": 0.05700000002980232,
          "passChanceForward": 0.18000000715255737,
          "passChancePressured": 0.38339999318122864,
          "passChanceWing": 0.019500000402331352,
          "shootProgressThreshold": 0.7599999904632568,
          "tackleChance": 0.2199999988079071
        },
        "blockAvoidance": 0.2497309148311615,
        "blockDistance": 21.854507446289062,
        "chemistryBonus": 0.0,
        "chemistryTargetId": -1,
        "clearShotBonus": 0.18157736957073212,
        "corridorPreference": 1,
        "edgeAvoidance": 0.07870720326900482,
        "goalAttraction": 0.14346672594547272,
        "pressureRadius": 73.0160903930664,
        "riskAppetite": 0.38115784525871277,
        "visionRadius": 1000000000.0,
        "zoneAggression": [
          1.2558091878890991,
          1.0204362869262695,
          1.3952701091766357,
          0.7905886173248291,
          0.8337854146957397
        ]
      },
      {
        "aggression": 0.8898657560348511,
        "base": {
          "forwardPassMinGain": 18.0,
          "markDistance": 54.0,
          "passChanceDefault": 0.024900000542402267,
          "passChanceForward": 0.16290000081062317,
          "passChancePressured": 0.4000000059604645,
          "passChanceWing": 0.009999999776482582,
          "shootProgressThreshold": 0.8113999962806702,
          "tackleChance": 0.19740000367164612
        },
        "blockAvoidance": 0.5950512290000916,
        "blockDistance": 28.770923614501953,
        "chemistryBonus": 0.0,
        "chemistryTargetId": -1,
        "clearShotBonus": 0.12517152726650238,
        "corridorPreference": 1,
        "edgeAvoidance": 0.6283816695213318,
        "goalAttraction": 0.0,
        "pressureRadius": 80.73920440673828,
        "riskAppetite": 0.5834321975708008,
        "visionRadius": 1000000000.0,
        "zoneAggression": [
          0.8989627957344055,
          0.9427258372306824,
          1.1982169151306152,
          1.0009821653366089,
          1.0675474405288696
        ]
      },
      {
        "aggression": 1.8314995765686035,
        "base": {
          "forwardPassMinGain": 15.0,
          "markDistance": 67.0,
          "passChanceDefault": 0.004999999888241291,
          "passChanceForward": 0.12139999866485596,
          "passChancePressured": 0.4000000059604645,
          "passChanceWing": 0.04540000110864639,
          "shootProgressThreshold": 0.8125,
          "tackleChance": 0.17949999868869781
        },
        "blockAvoidance": 0.4455617070198059,
        "blockDistance": 24.546802520751953,
        "chemistryBonus": 0.0,
        "chemistryTargetId": -1,
        "clearShotBonus": 0.03633898124098778,
        "corridorPreference": 0,
        "edgeAvoidance": 0.0,
        "goalAttraction": 0.3231409192085266,
        "pressureRadius": 65.44642639160156,
        "riskAppetite": 0.5,
        "visionRadius": 1000000000.0,
        "zoneAggression": [
          0.9688364863395691,
          1.109969973564148,
          0.7696750164031982,
          1.0198781490325928,
          0.6722763776779175
        ]
      },
      {
        "aggression": 1.1253087520599365,
        "base": {
          "forwardPassMinGain": 17.0,
          "markDistance": 79.0,
          "passChanceDefault": 0.11190000176429749,
          "passChanceForward": 0.179299995303154,
          "passChancePressured": 0.3668999969959259,
          "passChanceWing": 0.01850000023841858,
          "shootProgressThreshold": 0.8999999761581421,
          "tackleChance": 0.10249999910593033
        },
        "blockAvoidance": 0.5918832421302795,
        "blockDistance": 31.214942932128906,
        "chemistryBonus": 0.0,
        "chemistryTargetId": -1,
        "clearShotBonus": 0.05737365037202835,
        "corridorPreference": -1,
        "edgeAvoidance": 0.3167954087257385,
        "goalAttraction": 0.07925568521022797,
        "pressureRadius": 118.0428466796875,
        "riskAppetite": 0.3290879726409912,
        "visionRadius": 1000000000.0,
        "zoneAggression": [
          1.1257082223892212,
          0.9720034003257751,
          0.9507208466529846,
          1.0981719493865967,
          0.857853889465332
        ]
      },
      {
        "aggression": 0.8546736836433411,
        "base": {
          "forwardPassMinGain": 18.0,
          "markDistance": 85.0,
          "passChanceDefault": 0.020800000056624413,
          "passChanceForward": 0.13019999861717224,
          "passChancePressured": 0.4000000059604645,
          "passChanceWing": 0.041099999099969864,
          "shootProgressThreshold": 0.8323000073432922,
          "tackleChance": 0.1266999989748001
        },
        "blockAvoidance": 0.39450597763061523,
        "blockDistance": 21.62690544128418,
        "chemistryBonus": 0.0,
        "chemistryTargetId": -1,
        "clearShotBonus": 0.12592342495918274,
        "corridorPreference": 0,
        "edgeAvoidance": 0.38558417558670044,
        "goalAttraction": 0.2219846546649933,
        "pressureRadius": 60.84335708618164,
        "riskAppetite": 0.06809310615062714,
        "visionRadius": 1000000000.0,
        "zoneAggression": [
          1.2453922033309937,
          0.9367560148239136,
          1.0274728536605835,
          1.0886459350585938,
          0.8616378903388977
        ]
      }
    ]
  },
  "championEpoch": 83,
  "championPlayerParams": [
    {
      "aggression": 1.6278717517852783,
      "base": {
        "forwardPassMinGain": 15.0,
        "markDistance": 56.0,
        "passChanceDefault": 0.05700000002980232,
        "passChanceForward": 0.18000000715255737,
        "passChancePressured": 0.38339999318122864,
        "passChanceWing": 0.019500000402331352,
        "shootProgressThreshold": 0.7599999904632568,
        "tackleChance": 0.2199999988079071
      },
      "blockAvoidance": 0.2497309148311615,
      "blockDistance": 21.854507446289062,
      "chemistryBonus": 0.0,
      "chemistryTargetId": -1,
      "clearShotBonus": 0.18157736957073212,
      "corridorPreference": 1,
      "edgeAvoidance": 0.07870720326900482,
      "goalAttraction": 0.14346672594547272,
      "pressureRadius": 73.0160903930664,
      "riskAppetite": 0.38115784525871277,
      "visionRadius": 1000000000.0,
      "zoneAggression": [
        1.2558091878890991,
        1.0204362869262695,
        1.3952701091766357,
        0.7905886173248291,
        0.8337854146957397
      ]
    },
    {
      "aggression": 0.8898657560348511,
      "base": {
        "forwardPassMinGain": 18.0,
        "markDistance": 54.0,
        "passChanceDefault": 0.024900000542402267,
        "passChanceForward": 0.16290000081062317,
        "passChancePressured": 0.4000000059604645,
        "passChanceWing": 0.009999999776482582,
        "shootProgressThreshold": 0.8113999962806702,
        "tackleChance": 0.19740000367164612
      },
      "blockAvoidance": 0.5950512290000916,
      "blockDistance": 27.849458694458008,
      "chemistryBonus": 0.0,
      "chemistryTargetId": -1,
      "clearShotBonus": 0.12517152726650238,
      "corridorPreference": 1,
      "edgeAvoidance": 0.6283816695213318,
      "goalAttraction": 0.01780249923467636,
      "pressureRadius": 80.73920440673828,
      "riskAppetite": 0.5834321975708008,
      "visionRadius": 1000000000.0,
      "zoneAggression": [
        0.8989627957344055,
        0.9427258372306824,
        1.1982169151306152,
        1.0009821653366089,
        1.0675474405288696
      ]
    },
    {
      "aggression": 1.7198634147644043,
      "base": {
        "forwardPassMinGain": 15.0,
        "markDistance": 73.0,
        "passChanceDefault": 0.004999999888241291,
        "passChanceForward": 0.12139999866485596,
        "passChancePressured": 0.4000000059604645,