{
  "accepted": false,
  "candidate": {
    "playerParams": [
      {
        "aggression": 1.735655426979065,
        "base": {
          "forwardPassMinGain": 15.0,
          "markDistance": 52.0,
          "passChanceDefault": 0.06310000270605087,
          "passChanceForward": 0.18000000715255737,
          "passChancePressured": 0.3662000000476837,
          "passChanceWing": 0.07419999688863754,
          "shootProgressThreshold": 0.7742999792098999,
          "tackleChance": 0.2199999988079071
        },
        "blockAvoidance": 0.2497309148311615,
        "blockDistance": 24.545385360717773,
        "chemistryBonus": 0.0,
        "chemistryTargetId": -1,
        "clearShotBonus": 0.24101480841636658,
        "corridorPreference": 0,
        "edgeAvoidance": 0.1450652778148651,
        "goalAttraction": 0.19683729112148285,
        "pressureRadius": 75.41787719726562,
        "riskAppetite": 0.4365294277667999,
        "visionRadius": 1000000000.0,
        "zoneAggression": [
          1.2558091878890991,
          0.9379268884658813,
          1.5770362615585327,
          0.5622893571853638,
          0.9655807614326477
        ]
      },
      {
        "aggression": 1.086790680885315,
        "base": {
          "forwardPassMinGain": 18.0,
          "markDistance": 54.0,
          "passChanceDefault": 0.024900000542402267,
          "passChanceForward": 0.16290000081062317,
          "passChancePressured": 0.4000000059604645,
          "passChanceWing": 0.009999999776482582,
          "shootProgressThreshold": 0.8113999962806702,
          "tackleChance": 0.19740000367164612
        },
        "blockAvoidance": 0.6524074077606201,
        "blockDistance": 25.21673583984375,
        "chemistryBonus": 0.0,
        "chemistryTargetId": -1,
        "clearShotBonus": 0.12517152726650238,
        "corridorPreference": 1,
        "edgeAvoidance": 0.36897891759872437,
        "goalAttraction": 0.0,
        "pressureRadius": 84.02432250976562,
        "riskAppetite": 0.5834321975708008,
        "visionRadius": 1000000000.0,
        "zoneAggression": [
          0.8989627957344055,
          0.9101386070251465,
          1.0348055362701416,
          0.9702624082565308,
          1.0675474405288696
        ]
      },
      {
        "aggression": 1.446231722831726,
        "base": {
          "forwardPassMinGain": 15.0,
          "markDistance": 70.0,
          "passChanceDefault": 0.009200000204145908,
          "passChanceForward": 0.12139999866485596,
          "passChancePressured": 0.4000000059604645,
          "passChanceWing": 0.009999999776482582,
          "shootProgressThreshold": 0.8697999715805054,
          "tackleChance": 0.19779999554157257
        },
        "blockAvoidance": 0.41501757502555847,
        "blockDistance": 24.546802520751953,
        "chemistryBonus": 0.0,
        "chemistryTargetId": -1,
        "clearShotBonus": 0.03633898124098778,
        "corridorPreference": -1,
        "edgeAvoidance": 0.04730219766497612,
        "goalAttraction": 0.24369734525680542,
        "pressureRadius": 61.685302734375,
        "riskAppetite": 0.6006990075111389,
        "visionRadius": 1000000000.0,
        "zoneAggression": [
          0.9494684338569641,
          1.0220143795013428,
          0.7344033718109131,
          1.0011345148086548,
          0.6954342722892761
        ]
      },
      {
        "aggression": 1.2033013105392456,
        "base": {
          "forwardPassMinGain": 11.0,
          "markDistance": 82.0,
          "passChanceDefault": 0.1120000034570694,
          "passChanceForward": 0.179299995303154,
          "passChancePressured": 0.3871000111103058,
          "passChanceWing": 0.02160000056028366,
          "shootProgressThreshold": 0.8999999761581421,
          "tackleChance": 0.12999999523162842
        },
        "blockAvoidance": 0.606709897518158,
        "blockDistance": 33.376930236816406,
        "chemistryBonus": 0.0,
        "chemistryTargetId": -1,
        "clearShotBonus": 0.19151544570922852,
        "corridorPreference": -1,
        "edgeAvoidance": 0.34336015582084656,
        "goalAttraction": 0.07065995037555695,
        "pressureRadius": 91.78761291503906,
        "riskAppetite": 0.47223106026649475,
        "visionRadius": 1000000000.0,
        "zoneAggression": [
          1.1257082223892212,
          1.0,
          0.9821175336837769,
          1.0883132219314575,
          0.9174986481666565
        ]
      },
      {
        "aggression": 0.8546736836433411,
        "base": {
          "forwardPassMinGain": 18.0,
          "markDistance": 85.0,
          "passChanceDefault": 0.020800000056624413,
          "passChanceForward": 0.14229999482631683,
          "passChancePressured": 0.4000000059604645,
          "passChanceWing": 0.041099999099969864,
          "shootProgressThreshold": 0.8515999913215637,
          "tackleChance": 0.12399999797344208
        },
        "blockAvoidance": 0.4553336501121521,
        "blockDistance": 19.086387634277344,
        "chemistryBonus": 0.0,
        "chemistryTargetId": -1,
        "clearShotBonus": 0.12592342495918274,
        "corridorPreference": 0,
        "edgeAvoidance": 0.4157915711402893,
        "goalAttraction": 0.058331508189439774,
        "pressureRadius": 60.84335708618164,
        "riskAppetite": 0.3414851129055023,
        "visionRadius": 1000000000.0,
        "zoneAggression": [
          1.0357625484466553,
          0.9367560148239136,
          0.8880130052566528,
          1.0886459350585938,
          0.8616378903388977
        ]
      }
    ]
  },
  "championEpoch": 50,
  "championPlayerParams": [
    {
      "aggression": 1.735655426979065,
      "base": {
        "forwardPassMinGain": 15.0,
        "markDistance": 52.0,
        "passChanceDefault": 0.06310000270605087,
        "passChanceForward": 0.18000000715255737,
        "passChancePressured": 0.3662000000476837,
        "passChanceWing": 0.07419999688863754,
        "shootProgressThreshold": 0.7742999792098999,
        "tackleChance": 0.2199999988079071
      },
      "blockAvoidance": 0.2497309148311615,
      "blockDistance": 24.545385360717773,
      "chemistryBonus": 0.0,
      "chemistryTargetId": -1,
      "clearShotBonus": 0.24101480841636658,
      "corridorPreference": 0,
      "edgeAvoidance": 0.1450652778148651,
      "goalAttraction": 0.19683729112148285,
      "pressureRadius": 75.41787719726562,
      "riskAppetite": 0.4365294277667999,
      "visionRadius": 1000000000.0,
      "zoneAggression": [
        1.2558091878890991,
        0.9379268884658813,
        1.5770362615585327,
        0.5622893571853638,
        0.9655807614326477
      ]
    },
    {
      "aggression": 1.086790680885315,
      "base": {
        "forwardPassMinGain": 18.0,
        "markDistance": 54.0,
        "passChanceDefault": 0.024900000542402267,
        "passChanceForward": 0.16290000081062317,
        "passChancePressured": 0.4000000059604645,
        "passChanceWing": 0.009999999776482582,
        "shootProgressThreshold": 0.8113999962806702,
        "tackleChance": 0.19740000367164612
      },
      "blockAvoidance": 0.6524074077606201,
      "blockDistance": 25.21673583984375,
      "chemistryBonus": 0.0,
      "chemistryTargetId": -1,
      "clearShotBonus": 0.12517152726650238,
      "corridorPreference": 1,
      "edgeAvoidance": 0.36897891759872437,
      "goalAttraction": 0.0,
      "pressureRadius": 84.02432250976562,
      "riskAppetite": 0.5834321975708008,
      "visionRadius": 1000000000.0,
      "zoneAggression": [
        0.8989627957344055,
        0.9101386070251465,
        1.0348055362701416,
        0.9702624082565308,
        1.0675474405288696
      ]
    },
    {
      "aggression": 1.446231722831726,
      "base": {
        "forwardPassMinGain": 15.0,
        "markDistance": 73.0,
        "passChanceDefault": 0.004999999888241291,
        "passChanceForward": 0.12139999866485596,
        "passChancePressured": 0.4000000059604645,