{
  "name": "anneal-stage-1-10000ep-100g-best",
  "playerParams": [
    {
      "decisions": {
        "aggression": 0.9969000220298767,
        "forwardPassMinGain": 14.725000381469727,
        "markDistance": 64.2302017211914,
        "passChanceDefault": 0.019899999722838402,
        "passChanceForward": 0.14589999616146088,
        "passChancePressured": 0.1412999927997589,
        "passChanceWing": 0.2295999974012375,
        "passDirDefensive": 0.8758999705314636,
        "passDirNeutral": 1.3407000303268433,
        "passDirOffensive": 1.325600028038025,
        "riskAppetite": 0.37400001287460327,
        "shootProgressThreshold": 0.6847000122070312,
        "tackleChance": 0.13349999487400055
      },
      "spatial": {
        "ball": {
          "max": 368.42529296875,
          "min": 0.0,
          "preferred": 9.478099822998047
        },
        "opponent": {
          "max": 188.45150756835938,
          "min": 3.081199884414673,
          "preferred": 103.46119689941406
        },
        "ownGoal": {
          "max": 721.0731811523438,
          "min": 519.8167114257812,
          "preferred": 537.493896484375
        },
        "side": {
          "max": 443.460205078125,
          "min": 39.45759963989258,
          "preferred": 242.87879943847656
        },
        "teammate": {
          "max": 292.59320068359375,
          "min": 18.62969970703125,
          "preferred": 123.16829681396484
        }
      }
    },
    {
      "decisions": {
        "aggression": 0.9032999873161316,
        "forwardPassMinGain": 0.0,
        "markDistance": 35.30120086669922,
        "passChanceDefault": 0.08399999886751175,
        "passChanceForward": 0.09200000017881393,
        "passChancePressured": 0.11680000275373459,
        "passChanceWing": 0.18000000715255737,
        "passDirDefensive": 1.0650999546051025,
        "passDirNeutral": 1.3430999517440796,
        "passDirOffensive": 0.486299991607666,
        "riskAppetite": 0.838100016117096,
        "shootProgressThreshold": 0.7580999732017517,
        "tackleChance": 0.21860000491142273
      },
      "spatial": {
        "ball": {
          "max": 700.0,
          "min": 311.73260498046875,
          "preferred": 401.810302734375
        },
        "opponent": {
          "max": 97.22219848632812,
          "min": 49.925899505615234,
          "preferred": 97.22219848632812
        },
        "ownGoal": {
          "max": 617.0255126953125,
          "min": 175.6053924560547,
          "preferred": 202.09109497070312
        },
        "side": {
          "max": 354.03350830078125,
          "min": 127.28379821777344,
          "preferred": 223.185302734375
        },
        "teammate": {
          "max": 250.75210571289062,
          "min": 118.6415023803711,
          "preferred": 160.12890625
        }
      }
    },
    {
      "decisions": {
        "aggression": 1.6194000244140625,
        "forwardPassMinGain": 18.0,
        "markDistance": 85.0,
        "passChanceDefault": 0.20000000298023224,
        "passChanceForward": 0.032600000500679016,
        "passChancePressured": 0.10760000348091125,
        "passChanceWing": 0.13210000097751617,
        "passDirDefensive": 0.5911999940872192,
        "passDirNeutral": 1.448099970817566,
        "passDirOffensive": 1.6095999479293823,
        "riskAppetite": 0.2071000039577484,
        "shootProgressThreshold": 0.6467000246047974,
        "tackleChance": 0.009999999776482582
      },
      "spatial": {
        "ball": {
          "max": 385.01470947265625,
          "min": 44.984100341796875,
          "preferred": 314.6687927246094
        },
        "opponent": {
          "max": 174.5756072998047,
          "min": 116.52320098876953,
          "preferred": 168.9698944091797
        },
        "ownGoal": {
          "max": 398.6813049316406,
          "min": 0.0,
          "preferred": 317.17510986328125
        },
        "side": {
          "max": 507.64190673828125,
          "min": 361.779296875,
          "preferred": 507.64190673828125
        },
        "teammate": {
          "max": 143.1190948486328,
          "min": 45.84299850463867,
          "preferred": 71.73370361328125
        }
      }
    },
    {
      "decisions": {
        "aggression": 1.1194000244140625,
        "forwardPassMinGain": 18.0,
        "markDistance": 49.6343994140625,
        "passChanceDefault": 0.005900000222027302,
        "passChanceForward": 0.004999999888241291,
        "passChancePressured": 0.14100000262260437,
        "passChanceWing": 0.15780000388622284,
        "passDirDefensive": 0.8452000021934509,
        "passDirNeutral": 0.1589999943971634,
        "passDirOffensive": 0.20340000092983246,
        "riskAppetite": 0.3718999922275543,
        "shootProgressThreshold": 0.8715000152587891,
        "tackleChance": 0.10779999941587448
      },
      "spatial": {
        "ball": {
          "max": 341.7950134277344,
          "min": 174.61849975585938,
          "preferred": 219.37210083007812
        },
        "opponent": {
          "max": 350.190185546875,
          "min": 26.020299911499023,
          "preferred": 76.72460174560547
        },
        "ownGoal": {
          "max": 251.07850646972656,
          "min": 60.056800842285156,
          "preferred": 78.9583969116211
        },
        "side": {
          "max": 133.95570373535156,
          "min": 76.89360046386719,
          "preferred": 126.65859985351562
        },
        "teammate": {
          "max": 318.9306945800781,
          "min": 5.071100234985352,
          "preferred": 280.1697082519531
        }
      }
    },
    {
      "decisions": {
        "aggression": 0.6757000088691711,
        "forwardPassMinGain": 12.059499740600586,
        "markDistance": 78.03160095214844,
        "passChanceDefault": 0.15230000019073486,
        "passChanceForward": 0.010400000028312206,
        "passChancePressured": 0.4000000059604645,
        "passChanceWing": 0.25,
        "passDirDefensive": 0.7993999719619751,
        "passDirNeutral": 0.3797999918460846,
        "passDirOffensive": 1.7038999795913696,
        "riskAppetite": 0.9889000058174133,
        "shootProgressThreshold": 0.808899998664856,
        "tackleChance": 0.009999999776482582
      },
      "spatial": {
        "ball": {
          "max": 476.0975036621094,
          "min": 114.63240051269531,
          "preferred": 180.6645050048828
        },
        "opponent": {
          "max": 400.0,
          "min": 72.42019653320312,
          "preferred": 245.38780212402344
        },
        "ownGoal": {
          "max": 95.5625,
          "min": 41.71760177612305,
          "preferred": 95.5625
        },
        "side": {
          "max": 520.0,
          "min": 392.5072021484375,
          "preferred": 392.5072021484375
        },
        "teammate": {
          "max": 273.5097961425781,
          "min": 60.99660110473633,
          "preferred": 176.0814971923828
        }
      }
    }
  ],
  "sourceEpoch": 1095,
  "sourceSession": "anneal-stage-1-10000ep-100g",
  "type": "team-policy-v6",
  "version": 1
}
