{
  "createdAt": "2026-05-04T16:37:55Z",
  "epoch": 0,
  "name": "epoch-000-baseline",
  "playerParams": [
    {
      "decisions": {
        "aggression": 1.0,
        "forwardPassMinGain": 7.44789981842041,
        "markDistance": 55.264400482177734,
        "passChanceDefault": 0.054999999701976776,
        "passChanceForward": 0.03999999910593033,
        "passChancePressured": 0.1599999964237213,
        "passChanceWing": 0.08630000054836273,
        "passDirDefensive": 1.0,
        "passDirNeutral": 1.0,
        "passDirOffensive": 1.0426000356674194,
        "riskAppetite": 0.412200003862381,
        "shootProgressThreshold": 0.7218000292778015,
        "tackleChance": 0.07999999821186066
      },
      "spatial": {
        "ball": {
          "max": 280.0,
          "min": 4.014800071716309,
          "preferred": 113.34519958496094
        },
        "opponent": {
          "max": 265.0609130859375,
          "min": 30.0,
          "preferred": 145.2050018310547
        },
        "ownGoal": {
          "max": 732.6494140625,
          "min": 150.0,
          "preferred": 234.54409790039062
        },
        "side": {
          "max": 460.0,
          "min": 14.84000015258789,
          "preferred": 254.61610412597656
        },
        "teammate": {
          "max": 286.2394104003906,
          "min": 0.0,
          "preferred": 92.96739959716797
        }
      }
    },
    {
      "decisions": {
        "aggression": 1.0,
        "forwardPassMinGain": 8.234600067138672,
        "markDistance": 48.0,
        "passChanceDefault": 0.07460000365972519,
        "passChanceForward": 0.03999999910593033,
        "passChancePressured": 0.1599999964237213,
        "passChanceWing": 0.07000000029802322,
        "passDirDefensive": 1.420699954032898,
        "passDirNeutral": 1.0,
        "passDirOffensive": 0.7152000069618225,
        "riskAppetite": 0.41600000858306885,
        "shootProgressThreshold": 0.718500018119812,
        "tackleChance": 0.07999999821186066
      },
      "spatial": {
        "ball": {
          "max": 333.49468994140625,
          "min": 39.777198791503906,
          "preferred": 77.57830047607422
        },
        "opponent": {
          "max": 226.98609924316406,
          "min": 20.0,
          "preferred": 85.0
        },
        "ownGoal": {
          "max": 485.1991882324219,
          "min": 2.0060999393463135,
          "preferred": 290.0
        },
        "side": {
          "max": 274.73919677734375,
          "min": 40.0,
          "preferred": 215.12030029296875
        },
        "teammate": {
          "max": 264.63018798828125,
          "min": 13.777799606323242,
          "preferred": 111.05989837646484
        }
      }
    },
    {
      "decisions": {
        "aggression": 1.481600046157837,
        "forwardPassMinGain": 8.0,
        "markDistance": 59.269500732421875,
        "passChanceDefault": 0.06260000169277191,
        "passChanceForward": 0.027899999171495438,
        "passChancePressured": 0.1599999964237213,
        "passChanceWing": 0.07000000029802322,
        "passDirDefensive": 1.0667999982833862,
        "passDirNeutral": 1.0,
        "passDirOffensive": 0.921500027179718,
        "riskAppetite": 0.23430000245571136,
        "shootProgressThreshold": 0.7387999892234802,
        "tackleChance": 0.07999999821186066
      },
      "spatial": {
        "ball": {
          "max": 296.2601013183594,
          "min": 51.27730178833008,
          "preferred": 120.0
        },
        "opponent": {
          "max": 254.83909606933594,
          "min": 20.0,
          "preferred": 45.35459899902344
        },
        "ownGoal": {
          "max": 453.0610046386719,
          "min": 187.0220947265625,
          "preferred": 325.36669921875
        },
        "side": {
          "max": 480.0,
          "min": 281.1098937988281,
          "preferred": 345.0
        },
        "teammate": {
          "max": 220.0,
          "min": 0.0,
          "preferred": 220.0
        }
      }
    },
    {
      "decisions": {
        "aggression": 1.0180000066757202,
        "forwardPassMinGain": 7.1118998527526855,
        "markDistance": 48.0,
        "passChanceDefault": 0.054999999701976776,
        "passChanceForward": 0.03999999910593033,
        "passChancePressured": 0.11219999939203262,
        "passChanceWing": 0.016499999910593033,
        "passDirDefensive": 0.5388000011444092,
        "passDirNeutral": 0.9115999937057495,
        "passDirOffensive": 1.0,
        "riskAppetite": 0.5,
        "shootProgressThreshold": 0.7599999904632568,
        "tackleChance": 0.08910000324249268
      },
      "spatial": {
        "ball": {
          "max": 238.36929321289062,
          "min": 39.60179901123047,
          "preferred": 211.94369506835938
        },
        "opponent": {
          "max": 201.81329345703125,
          "min": 18.224300384521484,
          "preferred": 38.59550094604492
        },
        "ownGoal": {
          "max": 320.0,
          "min": 50.11130142211914,
          "preferred": 140.0
        },
        "side": {
          "max": 434.1976013183594,
          "min": 60.0,
          "preferred": 411.28509521484375
        },
        "teammate": {
          "max": 220.0,
          "min": 73.73079681396484,
          "preferred": 163.85560607910156
        }
      }
    },
    {
      "decisions": {
        "aggression": 0.9818999767303467,
        "forwardPassMinGain": 10.756199836730957,
        "markDistance": 48.0,
        "passChanceDefault": 0.05350000038743019,
        "passChanceForward": 0.026100000366568565,
        "passChancePressured": 0.1599999964237213,
        "passChanceWing": 0.13269999623298645,
        "passDirDefensive": 1.0,
        "passDirNeutral": 1.0428999662399292,
        "passDirOffensive": 1.0,
        "riskAppetite": 0.5,
        "shootProgressThreshold": 0.7504000067710876,
        "tackleChance": 0.01940000057220459
      },
      "spatial": {
        "ball": {
          "max": 600.0,
          "min": 0.0,
          "preferred": 180.0
        },
        "opponent": {
          "max": 287.6086120605469,
          "min": 0.0,
          "preferred": 140.86380004882812
        },
        "ownGoal": {
          "max": 126.38300323486328,
          "min": 30.474300384521484,
          "preferred": 99.14920043945312
        },
        "side": {
          "max": 302.98199462890625,
          "min": 206.07220458984375,
          "preferred": 302.98199462890625
        },
        "teammate": {
          "max": 275.6217956542969,
          "min": 40.337100982666016,
          "preferred": 187.11439514160156
        }
      }
    }
  ],
  "role": "initial-baseline",
  "session": "anneal-stage-1-10000ep-100g"
}
