{
  "ablationGames": 500,
  "baselinePoints": 187.0,
  "candidatePoints": 187.0,
  "draws": 1,
  "evalGames": 1000,
  "field": "decisions.tackle_chance",
  "hi": 0.2199999988079071,
  "lo": 0.009999999776482582,
  "losses": 62,
  "originalValues": [
    0.21330000460147858,
    0.09030000120401382,
    0.21739999949932098,
    0.05480000004172325,
    0.035999998450279236
  ],
  "pointDiff": 0.0,
  "runAt": "2026-05-05T06:56:32Z",
  "ternaryAccepted": 0,
  "ternaryValues": [
    0.21330000460147858,
    0.09030000120401382,
    0.21739999949932098,
    0.05480000004172325,
    0.035999998450279236
  ],
  "wins": 62
}
