{
  "accepted": false,
  "candidate": {
    "parameters": {
      "forwardPassMinGain": 18.0,
      "markDistance": 67.0,
      "passChanceDefault": 0.004999999888241291,
      "passChanceForward": 0.15139999985694885,
      "passChancePressured": 0.36899998784065247,
      "passChanceWing": 0.09210000187158585,
      "shootProgressThreshold": 0.8133999705314636,
      "tackleChance": 0.21739999949932098
    }
  },
  "championEpoch": 0,
  "championParameters": {
    "forwardPassMinGain": 18.0,
    "markDistance": 67.0,
    "passChanceDefault": 0.004999999888241291,
    "passChanceForward": 0.18000000715255737,
    "passChancePressured": 0.36899998784065247,
    "passChanceWing": 0.009999999776482582,
    "shootProgressThreshold": 0.8133999705314636,
    "tackleChance": 0.21739999949932098
  },
  "createdAt": "2026-04-30T10:45:36Z",
  "epoch": 3,
  "evaluation": {
    "avgGoals": 10.75,
    "avgOutOfBounds": 0.01,
    "avgPasses": 151.25,
    "avgShots": 33.32,
    "avgTackles": 5.17,
    "baselineAvgGoals": 5.577,
    "candidateAvgGoals": 5.176,
    "candidateWon": false,
    "earlyStop": "worse",
    "elapsedMs": 380,
    "games": 1325,
    "gamesPerSecond": 3486.84,
    "goalDiff": -531.0,
    "maxGames": 5000,
    "passCompletionRate": 0.925,
    "tackleSuccessRate": 1.0,
    "zScore": -2.521
  },
  "gamesPerEpoch": 5000,
  "name": "epoch-003",
  "opponent": {
    "parameters": {
      "forwardPassMinGain": 18.0,
      "markDistance": 67.0,
      "passChanceDefault": 0.004999999888241291,
      "passChanceForward": 0.18000000715255737,
      "passChancePressured": 0.36899998784065247,
      "passChanceWing": 0.009999999776482582,
      "shootProgressThreshold": 0.8133999705314636,
      "tackleChance": 0.21739999949932098
    },
    "sourceEpoch": 0
  },
  "session": "session-11"
}
