{
  "accepted": false,
  "candidate": {
    "parameters": {
      "forwardPassMinGain": 15.0,
      "markDistance": 68.0,
      "passChanceDefault": 0.04619999974966049,
      "passChanceForward": 0.16850000619888306,
      "passChancePressured": 0.4000000059604645,
      "passChanceWing": 0.028300000354647636,
      "shootProgressThreshold": 0.8133999705314636,
      "tackleChance": 0.21819999814033508
    }
  },
  "championEpoch": 109,
  "championParameters": {
    "forwardPassMinGain": 18.0,
    "markDistance": 68.0,
    "passChanceDefault": 0.04619999974966049,
    "passChanceForward": 0.16850000619888306,
    "passChancePressured": 0.4000000059604645,
    "passChanceWing": 0.009999999776482582,
    "shootProgressThreshold": 0.8133999705314636,
    "tackleChance": 0.21819999814033508
  },
  "createdAt": "2026-04-30T10:47:11Z",
  "epoch": 113,
  "evaluation": {
    "avgGoals": 11.85,
    "avgOutOfBounds": 0.01,
    "avgPasses": 134.71,
    "avgShots": 36.74,
    "avgTackles": 5.64,
    "baselineAvgGoals": 5.968,
    "candidateAvgGoals": 5.884,
    "candidateWon": false,
    "earlyStop": null,
    "elapsedMs": 1588,
    "games": 5000,
    "gamesPerSecond": 3148.61,
    "goalDiff": -423.0,
    "maxGames": 5000,
    "passCompletionRate": 0.908,
    "tackleSuccessRate": 1.0,
    "zScore": -0.94
  },
  "gamesPerEpoch": 5000,
  "name": "epoch-113",
  "opponent": {
    "parameters": {
      "forwardPassMinGain": 18.0,
      "markDistance": 68.0,
      "passChanceDefault": 0.04619999974966049,
      "passChanceForward": 0.16850000619888306,
      "passChancePressured": 0.4000000059604645,
      "passChanceWing": 0.009999999776482582,
      "shootProgressThreshold": 0.8133999705314636,
      "tackleChance": 0.21819999814033508
    },
    "sourceEpoch": 109
  },
  "session": "session-11"
}
