{
  "accepted": false,
  "candidate": {
    "parameters": {
      "forwardPassMinGain": 15.0,
      "markDistance": 54.0,
      "passChanceDefault": 0.004999999888241291,
      "passChanceForward": 0.18000000715255737,
      "passChancePressured": 0.37119999527931213,
      "passChanceWing": 0.009999999776482582,
      "shootProgressThreshold": 0.8119999766349792,
      "tackleChance": 0.2199999988079071
    }
  },
  "championEpoch": 45,
  "championParameters": {
    "forwardPassMinGain": 17.0,
    "markDistance": 60.0,
    "passChanceDefault": 0.00839999970048666,
    "passChanceForward": 0.18000000715255737,
    "passChancePressured": 0.3806999921798706,
    "passChanceWing": 0.009999999776482582,
    "shootProgressThreshold": 0.8133999705314636,
    "tackleChance": 0.2199999988079071
  },
  "createdAt": "2026-04-30T10:46:14Z",
  "epoch": 46,
  "evaluation": {
    "avgGoals": 12.34,
    "avgOutOfBounds": 0.01,
    "avgPasses": 140.99,
    "avgShots": 38.63,
    "avgTackles": 4.89,
    "baselineAvgGoals": 6.396,
    "candidateAvgGoals": 5.947,
    "candidateWon": false,
    "earlyStop": "worse",
    "elapsedMs": 272,
    "games": 925,
    "gamesPerSecond": 3400.74,
    "goalDiff": -415.0,
    "maxGames": 5000,
    "passCompletionRate": 0.902,
    "tackleSuccessRate": 1.0,
    "zScore": -2.575
  },
  "gamesPerEpoch": 5000,
  "name": "epoch-046",
  "opponent": {
    "parameters": {
      "forwardPassMinGain": 17.0,
      "markDistance": 60.0,
      "passChanceDefault": 0.00839999970048666,
      "passChanceForward": 0.18000000715255737,
      "passChancePressured": 0.3806999921798706,
      "passChanceWing": 0.009999999776482582,
      "shootProgressThreshold": 0.8133999705314636,
      "tackleChance": 0.2199999988079071
    },
    "sourceEpoch": 45
  },
  "session": "session-11"
}
