{
  "accepted": true,
  "candidate": {
    "parameters": {
      "forwardPassMinGain": 15.0,
      "markDistance": 67.0,
      "passChanceDefault": 0.009200000204145908,
      "passChanceForward": 0.17589999735355377,
      "passChancePressured": 0.3662000000476837,
      "passChanceWing": 0.009999999776482582,
      "shootProgressThreshold": 0.8133999705314636,
      "tackleChance": 0.21739999949932098
    }
  },
  "championEpoch": 4,
  "championParameters": {
    "forwardPassMinGain": 15.0,
    "markDistance": 67.0,
    "passChanceDefault": 0.009200000204145908,
    "passChanceForward": 0.17589999735355377,
    "passChancePressured": 0.3662000000476837,
    "passChanceWing": 0.009999999776482582,
    "shootProgressThreshold": 0.8133999705314636,
    "tackleChance": 0.21739999949932098
  },
  "createdAt": "2026-04-30T10:45:38Z",
  "epoch": 4,
  "evaluation": {
    "avgGoals": 12.4,
    "avgOutOfBounds": 0.01,
    "avgPasses": 128.46,
    "avgShots": 38.4,
    "avgTackles": 5.81,
    "baselineAvgGoals": 6.198,
    "candidateAvgGoals": 6.204,
    "candidateWon": true,
    "earlyStop": null,
    "elapsedMs": 1458,
    "games": 5000,
    "gamesPerSecond": 3429.36,
    "goalDiff": 27.0,
    "maxGames": 5000,
    "passCompletionRate": 0.9,
    "tackleSuccessRate": 1.0,
    "zScore": 0.059
  },
  "gamesPerEpoch": 5000,
  "name": "epoch-004",
  "opponent": {
    "parameters": {
      "forwardPassMinGain": 18.0,
      "markDistance": 67.0,
      "passChanceDefault": 0.004999999888241291,
      "passChanceForward": 0.18000000715255737,
      "passChancePressured": 0.36899998784065247,
      "passChanceWing": 0.009999999776482582,
      "shootProgressThreshold": 0.8133999705314636,
      "tackleChance": 0.21739999949932098
    },
    "sourceEpoch": 0
  },
  "session": "session-11"
}
