{
  "accepted": false,
  "candidate": {
    "parameters": {
      "forwardPassMinGain": 16.0,
      "markDistance": 64.0,
      "passChanceDefault": 0.08900000154972076,
      "passChanceForward": 0.1477999985218048,
      "passChancePressured": 0.4000000059604645,
      "passChanceWing": 0.027400000020861626,
      "shootProgressThreshold": 0.8133999705314636,
      "tackleChance": 0.21439999341964722
    }
  },
  "championEpoch": 158,
  "championParameters": {
    "forwardPassMinGain": 16.0,
    "markDistance": 64.0,
    "passChanceDefault": 0.09139999747276306,
    "passChanceForward": 0.18000000715255737,
    "passChancePressured": 0.4000000059604645,
    "passChanceWing": 0.009999999776482582,
    "shootProgressThreshold": 0.8133999705314636,
    "tackleChance": 0.21439999341964722
  },
  "createdAt": "2026-04-30T10:48:08Z",
  "epoch": 168,
  "evaluation": {
    "avgGoals": 11.67,
    "avgOutOfBounds": 0.01,
    "avgPasses": 142.69,
    "avgShots": 36.38,
    "avgTackles": 5.24,
    "baselineAvgGoals": 5.904,
    "candidateAvgGoals": 5.77,
    "candidateWon": false,
    "earlyStop": null,
    "elapsedMs": 1488,
    "games": 5000,
    "gamesPerSecond": 3360.22,
    "goalDiff": -672.0,
    "maxGames": 5000,
    "passCompletionRate": 0.914,
    "tackleSuccessRate": 1.0,
    "zScore": -1.602
  },
  "gamesPerEpoch": 5000,
  "name": "epoch-168",
  "opponent": {
    "parameters": {
      "forwardPassMinGain": 16.0,
      "markDistance": 64.0,
      "passChanceDefault": 0.09139999747276306,
      "passChanceForward": 0.18000000715255737,
      "passChancePressured": 0.4000000059604645,
      "passChanceWing": 0.009999999776482582,
      "shootProgressThreshold": 0.8133999705314636,
      "tackleChance": 0.21439999341964722
    },
    "sourceEpoch": 158
  },
  "session": "session-11"
}
