{
  "accepted": false,
  "candidate": {
    "parameters": {
      "forwardPassMinGain": 18.0,
      "markDistance": 66.0,
      "passChanceDefault": 0.01860000006854534,
      "passChanceForward": 0.18000000715255737,
      "passChancePressured": 0.3806999921798706,
      "passChanceWing": 0.009999999776482582,
      "shootProgressThreshold": 0.8133999705314636,
      "tackleChance": 0.2199999988079071
    }
  },
  "championEpoch": 58,
  "championParameters": {
    "forwardPassMinGain": 18.0,
    "markDistance": 63.0,
    "passChanceDefault": 0.01860000006854534,
    "passChanceForward": 0.18000000715255737,
    "passChancePressured": 0.3806999921798706,
    "passChanceWing": 0.009999999776482582,
    "shootProgressThreshold": 0.8133999705314636,
    "tackleChance": 0.21359999477863312
  },
  "createdAt": "2026-04-30T10:46:26Z",
  "epoch": 60,
  "evaluation": {
    "avgGoals": 12.39,
    "avgOutOfBounds": 0.01,
    "avgPasses": 132.23,
    "avgShots": 38.6,
    "avgTackles": 5.53,
    "baselineAvgGoals": 6.207,
    "candidateAvgGoals": 6.18,
    "candidateWon": false,
    "earlyStop": null,
    "elapsedMs": 1462,
    "games": 5000,
    "gamesPerSecond": 3419.97,
    "goalDiff": -132.0,
    "maxGames": 5000,
    "passCompletionRate": 0.904,
    "tackleSuccessRate": 1.0,
    "zScore": -0.295
  },
  "gamesPerEpoch": 5000,
  "name": "epoch-060",
  "opponent": {
    "parameters": {
      "forwardPassMinGain": 18.0,
      "markDistance": 63.0,
      "passChanceDefault": 0.01860000006854534,
      "passChanceForward": 0.18000000715255737,
      "passChancePressured": 0.3806999921798706,
      "passChanceWing": 0.009999999776482582,
      "shootProgressThreshold": 0.8133999705314636,
      "tackleChance": 0.21359999477863312
    },
    "sourceEpoch": 58
  },
  "session": "session-11"
}
