{
  "accepted": false,
  "candidate": {
    "parameters": {
      "forwardPassMinGain": 17.0,
      "markDistance": 75.0,
      "passChanceDefault": 0.008100000210106373,
      "passChanceForward": 0.1664000004529953,
      "passChancePressured": 0.3806999921798706,
      "passChanceWing": 0.009999999776482582,
      "shootProgressThreshold": 0.8133999705314636,
      "tackleChance": 0.18490000069141388
    }
  },
  "championEpoch": 89,
  "championParameters": {
    "forwardPassMinGain": 17.0,
    "markDistance": 63.0,
    "passChanceDefault": 0.008100000210106373,
    "passChanceForward": 0.1664000004529953,
    "passChancePressured": 0.3806999921798706,
    "passChanceWing": 0.009999999776482582,
    "shootProgressThreshold": 0.8133999705314636,
    "tackleChance": 0.2199999988079071
  },
  "createdAt": "2026-04-30T10:46:49Z",
  "epoch": 91,
  "evaluation": {
    "avgGoals": 12.39,
    "avgOutOfBounds": 0.01,
    "avgPasses": 124.98,
    "avgShots": 38.67,
    "avgTackles": 6.04,
    "baselineAvgGoals": 6.403,
    "candidateAvgGoals": 5.986,
    "candidateWon": false,
    "earlyStop": "worse",
    "elapsedMs": 441,
    "games": 1525,
    "gamesPerSecond": 3458.05,
    "goalDiff": -636.0,
    "maxGames": 5000,
    "passCompletionRate": 0.895,
    "tackleSuccessRate": 1.0,
    "zScore": -2.519
  },
  "gamesPerEpoch": 5000,
  "name": "epoch-091",
  "opponent": {
    "parameters": {
      "forwardPassMinGain": 17.0,
      "markDistance": 63.0,
      "passChanceDefault": 0.008100000210106373,
      "passChanceForward": 0.1664000004529953,
      "passChancePressured": 0.3806999921798706,
      "passChanceWing": 0.009999999776482582,
      "shootProgressThreshold": 0.8133999705314636,
      "tackleChance": 0.2199999988079071
    },
    "sourceEpoch": 89
  },
  "session": "session-11"
}
