{
  "accepted": false,
  "candidate": {
    "parameters": {
      "forwardPassMinGain": 17.0,
      "markDistance": 65.0,
      "passChanceDefault": 0.12479999661445618,
      "passChanceForward": 0.18000000715255737,
      "passChancePressured": 0.4000000059604645,
      "passChanceWing": 0.009999999776482582,
      "shootProgressThreshold": 0.8133999705314636,
      "tackleChance": 0.20180000364780426
    }
  },
  "championEpoch": 158,
  "championParameters": {
    "forwardPassMinGain": 16.0,
    "markDistance": 64.0,
    "passChanceDefault": 0.09139999747276306,
    "passChanceForward": 0.18000000715255737,
    "passChancePressured": 0.4000000059604645,
    "passChanceWing": 0.009999999776482582,
    "shootProgressThreshold": 0.8133999705314636,
    "tackleChance": 0.21439999341964722
  },
  "createdAt": "2026-04-30T10:47:58Z",
  "epoch": 159,
  "evaluation": {
    "avgGoals": 12.04,
    "avgOutOfBounds": 0.01,
    "avgPasses": 138.45,
    "avgShots": 37.41,
    "avgTackles": 5.33,
    "baselineAvgGoals": 6.031,
    "candidateAvgGoals": 6.01,
    "candidateWon": false,
    "earlyStop": null,
    "elapsedMs": 1488,
    "games": 5000,
    "gamesPerSecond": 3360.22,
    "goalDiff": -106.0,
    "maxGames": 5000,
    "passCompletionRate": 0.911,
    "tackleSuccessRate": 1.0,
    "zScore": -0.242
  },
  "gamesPerEpoch": 5000,
  "name": "epoch-159",
  "opponent": {
    "parameters": {
      "forwardPassMinGain": 16.0,
      "markDistance": 64.0,
      "passChanceDefault": 0.09139999747276306,
      "passChanceForward": 0.18000000715255737,
      "passChancePressured": 0.4000000059604645,
      "passChanceWing": 0.009999999776482582,
      "shootProgressThreshold": 0.8133999705314636,
      "tackleChance": 0.21439999341964722
    },
    "sourceEpoch": 158
  },
  "session": "session-11"
}
