{
  "accepted": false,
  "candidate": {
    "parameters": {
      "forwardPassMinGain": 18.0,
      "markDistance": 60.0,
      "passChanceDefault": 0.017000000923871994,
      "passChanceForward": 0.18000000715255737,
      "passChancePressured": 0.4000000059604645,
      "passChanceWing": 0.009999999776482582,
      "shootProgressThreshold": 0.83160001039505,
      "tackleChance": 0.2199999988079071
    }
  },
  "championEpoch": 10,
  "championParameters": {
    "forwardPassMinGain": 17.0,
    "markDistance": 64.0,
    "passChanceDefault": 0.017000000923871994,
    "passChanceForward": 0.18000000715255737,
    "passChancePressured": 0.4000000059604645,
    "passChanceWing": 0.009999999776482582,
    "shootProgressThreshold": 0.8133999705314636,
    "tackleChance": 0.2199999988079071
  },
  "createdAt": "2026-04-30T10:45:50Z",
  "epoch": 14,
  "evaluation": {
    "avgGoals": 11.77,
    "avgOutOfBounds": 0.01,
    "avgPasses": 134.49,
    "avgShots": 41.2,
    "avgTackles": 5.24,
    "baselineAvgGoals": 6.03,
    "candidateAvgGoals": 5.743,
    "candidateWon": false,
    "earlyStop": "worse",
    "elapsedMs": 738,
    "games": 2600,
    "gamesPerSecond": 3523.04,
    "goalDiff": -747.0,
    "maxGames": 5000,
    "passCompletionRate": 0.905,
    "tackleSuccessRate": 1.0,
    "zScore": -2.526
  },
  "gamesPerEpoch": 5000,
  "name": "epoch-014",
  "opponent": {
    "parameters": {
      "forwardPassMinGain": 17.0,
      "markDistance": 64.0,
      "passChanceDefault": 0.017000000923871994,
      "passChanceForward": 0.18000000715255737,
      "passChancePressured": 0.4000000059604645,
      "passChanceWing": 0.009999999776482582,
      "shootProgressThreshold": 0.8133999705314636,
      "tackleChance": 0.2199999988079071
    },
    "sourceEpoch": 10
  },
  "session": "session-11"
}
