{
  "accepted": false,
  "candidate": {
    "parameters": {
      "forwardPassMinGain": 16.0,
      "markDistance": 58.0,
      "passChanceDefault": 0.08179999887943268,
      "passChanceForward": 0.18000000715255737,
      "passChancePressured": 0.3571000099182129,
      "passChanceWing": 0.06509999930858612,
      "shootProgressThreshold": 0.8518000245094299,
      "tackleChance": 0.18160000443458557
    }
  },
  "championEpoch": 158,
  "championParameters": {
    "forwardPassMinGain": 16.0,
    "markDistance": 64.0,
    "passChanceDefault": 0.09139999747276306,
    "passChanceForward": 0.18000000715255737,
    "passChancePressured": 0.4000000059604645,
    "passChanceWing": 0.009999999776482582,
    "shootProgressThreshold": 0.8133999705314636,
    "tackleChance": 0.21439999341964722
  },
  "createdAt": "2026-04-30T10:48:00Z",
  "epoch": 161,
  "evaluation": {
    "avgGoals": 9.5,
    "avgOutOfBounds": 0.01,
    "avgPasses": 154.5,
    "avgShots": 43.72,
    "avgTackles": 4.32,
    "baselineAvgGoals": 5.072,
    "candidateAvgGoals": 4.427,
    "candidateWon": false,
    "earlyStop": "worse",
    "elapsedMs": 114,
    "games": 375,
    "gamesPerSecond": 3289.47,
    "goalDiff": -242.0,
    "maxGames": 5000,
    "passCompletionRate": 0.927,
    "tackleSuccessRate": 1.0,
    "zScore": -2.546
  },
  "gamesPerEpoch": 5000,
  "name": "epoch-161",
  "opponent": {
    "parameters": {
      "forwardPassMinGain": 16.0,
      "markDistance": 64.0,
      "passChanceDefault": 0.09139999747276306,
      "passChanceForward": 0.18000000715255737,
      "passChancePressured": 0.4000000059604645,
      "passChanceWing": 0.009999999776482582,
      "shootProgressThreshold": 0.8133999705314636,
      "tackleChance": 0.21439999341964722
    },
    "sourceEpoch": 158
  },
  "session": "session-11"
}
