{
  "accepted": false,
  "candidate": {
    "parameters": {
      "forwardPassMinGain": 18.0,
      "markDistance": 66.0,
      "passChanceDefault": 0.1096000000834465,
      "passChanceForward": 0.18000000715255737,
      "passChancePressured": 0.4000000059604645,
      "passChanceWing": 0.009999999776482582,
      "shootProgressThreshold": 0.8091999888420105,
      "tackleChance": 0.20980000495910645
    }
  },
  "championEpoch": 170,
  "championParameters": {
    "forwardPassMinGain": 16.0,
    "markDistance": 66.0,
    "passChanceDefault": 0.1096000000834465,
    "passChanceForward": 0.18000000715255737,
    "passChancePressured": 0.4000000059604645,
    "passChanceWing": 0.009999999776482582,
    "shootProgressThreshold": 0.8133999705314636,
    "tackleChance": 0.21439999341964722
  },
  "createdAt": "2026-04-30T10:48:32Z",
  "epoch": 192,
  "evaluation": {
    "avgGoals": 12.01,
    "avgOutOfBounds": 0.01,
    "avgPasses": 136.2,
    "avgShots": 37.27,
    "avgTackles": 5.66,
    "baselineAvgGoals": 6.006,
    "candidateAvgGoals": 6.001,
    "candidateWon": false,
    "earlyStop": null,
    "elapsedMs": 1500,
    "games": 5000,
    "gamesPerSecond": 3333.33,
    "goalDiff": -21.0,
    "maxGames": 5000,
    "passCompletionRate": 0.909,
    "tackleSuccessRate": 1.0,
    "zScore": -0.048
  },
  "gamesPerEpoch": 5000,
  "name": "epoch-192",
  "opponent": {
    "parameters": {
      "forwardPassMinGain": 16.0,
      "markDistance": 66.0,
      "passChanceDefault": 0.1096000000834465,
      "passChanceForward": 0.18000000715255737,
      "passChancePressured": 0.4000000059604645,
      "passChanceWing": 0.009999999776482582,
      "shootProgressThreshold": 0.8133999705314636,
      "tackleChance": 0.21439999341964722
    },
    "sourceEpoch": 170
  },
  "session": "session-11"
}
