{
  "accepted": false,
  "candidate": {
    "parameters": {
      "forwardPassMinGain": 18.0,
      "markDistance": 61.0,
      "passChanceDefault": 0.01860000006854534,
      "passChanceForward": 0.1720999926328659,
      "passChancePressured": 0.3806999921798706,
      "passChanceWing": 0.021800000220537186,
      "shootProgressThreshold": 0.7982000112533569,
      "tackleChance": 0.2199999988079071
    }
  },
  "championEpoch": 58,
  "championParameters": {
    "forwardPassMinGain": 18.0,
    "markDistance": 63.0,
    "passChanceDefault": 0.01860000006854534,
    "passChanceForward": 0.18000000715255737,
    "passChancePressured": 0.3806999921798706,
    "passChanceWing": 0.009999999776482582,
    "shootProgressThreshold": 0.8133999705314636,
    "tackleChance": 0.21359999477863312
  },
  "createdAt": "2026-04-30T10:46:32Z",
  "epoch": 66,
  "evaluation": {
    "avgGoals": 11.47,
    "avgOutOfBounds": 0.01,
    "avgPasses": 136.05,
    "avgShots": 43.96,
    "avgTackles": 5.55,
    "baselineAvgGoals": 6.058,
    "candidateAvgGoals": 5.412,
    "candidateWon": false,
    "earlyStop": "worse",
    "elapsedMs": 145,
    "games": 500,
    "gamesPerSecond": 3448.28,
    "goalDiff": -323.0,
    "maxGames": 5000,
    "passCompletionRate": 0.917,
    "tackleSuccessRate": 1.0,
    "zScore": -2.521
  },
  "gamesPerEpoch": 5000,
  "name": "epoch-066",
  "opponent": {
    "parameters": {
      "forwardPassMinGain": 18.0,
      "markDistance": 63.0,
      "passChanceDefault": 0.01860000006854534,
      "passChanceForward": 0.18000000715255737,
      "passChancePressured": 0.3806999921798706,
      "passChanceWing": 0.009999999776482582,
      "shootProgressThreshold": 0.8133999705314636,
      "tackleChance": 0.21359999477863312
    },
    "sourceEpoch": 58
  },
  "session": "session-11"
}
