{
  "accepted": false,
  "candidate": {
    "parameters": {
      "forwardPassMinGain": 18.0,
      "markDistance": 61.0,
      "passChanceDefault": 0.03290000185370445,
      "passChanceForward": 0.18000000715255737,
      "passChancePressured": 0.4000000059604645,
      "passChanceWing": 0.009999999776482582,
      "shootProgressThreshold": 0.8133999705314636,
      "tackleChance": 0.2199999988079071
    }
  },
  "championEpoch": 10,
  "championParameters": {
    "forwardPassMinGain": 17.0,
    "markDistance": 64.0,
    "passChanceDefault": 0.017000000923871994,
    "passChanceForward": 0.18000000715255737,
    "passChancePressured": 0.4000000059604645,
    "passChanceWing": 0.009999999776482582,
    "shootProgressThreshold": 0.8133999705314636,
    "tackleChance": 0.2199999988079071
  },
  "createdAt": "2026-04-30T10:45:54Z",
  "epoch": 21,
  "evaluation": {
    "avgGoals": 12.3,
    "avgOutOfBounds": 0.01,
    "avgPasses": 135.84,
    "avgShots": 38.38,
    "avgTackles": 5.35,
    "baselineAvgGoals": 6.202,
    "candidateAvgGoals": 6.094,
    "candidateWon": false,
    "earlyStop": null,
    "elapsedMs": 1420,
    "games": 5000,
    "gamesPerSecond": 3521.13,
    "goalDiff": -539.0,
    "maxGames": 5000,
    "passCompletionRate": 0.905,
    "tackleSuccessRate": 1.0,
    "zScore": -1.271
  },
  "gamesPerEpoch": 5000,
  "name": "epoch-021",
  "opponent": {
    "parameters": {
      "forwardPassMinGain": 17.0,
      "markDistance": 64.0,
      "passChanceDefault": 0.017000000923871994,
      "passChanceForward": 0.18000000715255737,
      "passChancePressured": 0.4000000059604645,
      "passChanceWing": 0.009999999776482582,
      "shootProgressThreshold": 0.8133999705314636,
      "tackleChance": 0.2199999988079071
    },
    "sourceEpoch": 10
  },
  "session": "session-11"
}
