{
  "accepted": false,
  "candidate": {
    "playerParams": [
      {
        "aggression": 1.7160168886184692,
        "base": {
          "forwardPassMinGain": 15.0,
          "markDistance": 52.0,
          "passChanceDefault": 0.06310000270605087,
          "passChanceForward": 0.18000000715255737,
          "passChancePressured": 0.3662000000476837,
          "passChanceWing": 0.07419999688863754,
          "shootProgressThreshold": 0.7742999792098999,
          "tackleChance": 0.2199999988079071
        },
        "blockAvoidance": 0.4152616858482361,
        "blockDistance": 24.924270629882812,
        "chemistryBonus": 0.0,
        "chemistryTargetId": -1,
        "clearShotBonus": 0.2785850167274475,
        "corridorPreference": 0,
        "edgeAvoidance": 0.2331007719039917,
        "goalAttraction": 0.23384708166122437,
        "pressureRadius": 76.1490707397461,
        "riskAppetite": 0.43865764141082764,
        "visionRadius": 1000000000.0,
        "zoneAggression": [
          1.2563416957855225,
          0.9379268884658813,
          1.3810710906982422,
          0.49035510420799255,
          0.9655807614326477
        ]
      },
      {
        "aggression": 1.0,
        "base": {
          "forwardPassMinGain": 18.0,
          "markDistance": 54.0,
          "passChanceDefault": 0.024900000542402267,
          "passChanceForward": 0.15080000460147858,
          "passChancePressured": 0.4000000059604645,
          "passChanceWing": 0.009999999776482582,
          "shootProgressThreshold": 0.8113999962806702,
          "tackleChance": 0.2062000036239624
        },
        "blockAvoidance": 0.5092049241065979,
        "blockDistance": 27.241809844970703,
        "chemistryBonus": 0.0,
        "chemistryTargetId": -1,
        "clearShotBonus": 0.2580661475658417,
        "corridorPreference": 0,
        "edgeAvoidance": 0.2708438038825989,
        "goalAttraction": 0.0,
        "pressureRadius": 84.02432250976562,
        "riskAppetite": 0.5,
        "visionRadius": 1000000000.0,
        "zoneAggression": [
          1.135238766670227,
          0.9101386070251465,
          1.2218419313430786,
          0.9702624082565308,
          1.0675474405288696
        ]
      },
      {
        "aggression": 1.4207509756088257,
        "base": {
          "forwardPassMinGain": 15.0,
          "markDistance": 73.0,
          "passChanceDefault": 0.004999999888241291,
          "passChanceForward": 0.12139999866485596,
          "passChancePressured": 0.4000000059604645,
          "passChanceWing": 0.009999999776482582,
          "shootProgressThreshold": 0.8125,
          "tackleChance": 0.19789999723434448
        },
        "blockAvoidance": 0.43468615412712097,
        "blockDistance": 26.741491317749023,
        "chemistryBonus": 0.0,
        "chemistryTargetId": -1,
        "clearShotBonus": 0.03633898124098778,
        "corridorPreference": 0,
        "edgeAvoidance": 0.07024648785591125,
        "goalAttraction": 0.03668636083602905,
        "pressureRadius": 62.261558532714844,
        "riskAppetite": 0.5,
        "visionRadius": 1000000000.0,
        "zoneAggression": [
          0.9573509097099304,
          1.0419232845306396,
          0.7344033718109131,
          0.9602222442626953,
          0.7993286848068237
        ]
      },
      {
        "aggression": 1.130951166152954,
        "base": {
          "forwardPassMinGain": 11.0,
          "markDistance": 82.0,
          "passChanceDefault": 0.1120000034570694,
          "passChanceForward": 0.179299995303154,
          "passChancePressured": 0.3871000111103058,
          "passChanceWing": 0.02160000056028366,
          "shootProgressThreshold": 0.8999999761581421,
          "tackleChance": 0.12999999523162842
        },
        "blockAvoidance": 0.606709897518158,
        "blockDistance": 35.03509521484375,
        "chemistryBonus": 0.0,
        "chemistryTargetId": -1,
        "clearShotBonus": 0.12652865052223206,
        "corridorPreference": -1,
        "edgeAvoidance": 0.34336015582084656,
        "goalAttraction": 0.12782683968544006,
        "pressureRadius": 102.5999984741211,
        "riskAppetite": 0.3790051341056824,
        "visionRadius": 1000000000.0,
        "zoneAggression": [
          1.1257082223892212,
          1.0,
          0.9821175336837769,
          1.1624430418014526,
          0.857853889465332
        ]
      },
      {
        "aggression": 1.2256916761398315,
        "base": {
          "forwardPassMinGain": 17.0,
          "markDistance": 83.0,
          "passChanceDefault": 0.017400000244379044,
          "passChanceForward": 0.13369999825954437,
          "passChancePressured": 0.4000000059604645,
          "passChanceWing": 0.041099999099969864,
          "shootProgressThreshold": 0.8029999732971191,
          "tackleChance": 0.11349999904632568
        },
        "blockAvoidance": 0.3879828453063965,
        "blockDistance": 22.935274124145508,
        "chemistryBonus": 0.0,
        "chemistryTargetId": -1,
        "clearShotBonus": 0.3212916851043701,
        "corridorPreference": 0,
        "edgeAvoidance": 0.4157915711402893,
        "goalAttraction": 0.0,
        "pressureRadius": 57.79176712036133,
        "riskAppetite": 0.3336769640445709,
        "visionRadius": 1000000000.0,
        "zoneAggression": [
          1.0357625484466553,
          1.056975245475769,
          1.0516365766525269,
          0.9909572601318359,
          0.8616378903388977
        ]
      }
    ]
  },
  "championEpoch": 82,
  "championPlayerParams": [
    {
      "aggression": 1.7160168886184692,
      "base": {
        "forwardPassMinGain": 15.0,
        "markDistance": 52.0,
        "passChanceDefault": 0.06310000270605087,
        "passChanceForward": 0.18000000715255737,
        "passChancePressured": 0.3662000000476837,
        "passChanceWing": 0.07419999688863754,
        "shootProgressThreshold": 0.7742999792098999,
        "tackleChance": 0.2199999988079071
      },
      "blockAvoidance": 0.4152616858482361,
      "blockDistance": 24.924270629882812,
      "chemistryBonus": 0.0,
      "chemistryTargetId": -1,
      "clearShotBonus": 0.353956937789917,
      "corridorPreference": 0,
      "edgeAvoidance": 0.04734691232442856,
      "goalAttraction": 0.19683729112148285,
      "pressureRadius": 76.1490707397461,
      "riskAppetite": 0.43865764141082764,
      "visionRadius": 1000000000.0,
      "zoneAggression": [
        1.2558091878890991,
        0.9379268884658813,
        1.3810710906982422,
        0.49035510420799255,
        0.9655807614326477
      ]
    },
    {
      "aggression": 1.0,
      "base": {
        "forwardPassMinGain": 18.0,
        "markDistance": 54.0,
        "passChanceDefault": 0.024900000542402267,
        "passChanceForward": 0.15080000460147858,
        "passChancePressured": 0.4000000059604645,
        "passChanceWing": 0.009999999776482582,
        "shootProgressThreshold": 0.8113999962806702,
        "tackleChance": 0.2062000036239624
      },
      "blockAvoidance": 0.5092049241065979,
      "blockDistance": 27.241809844970703,
      "chemistryBonus": 0.0,
      "chemistryTargetId": -1,
      "clearShotBonus": 0.2580661475658417,
      "corridorPreference": 0,
      "edgeAvoidance": 0.2708438038825989,
      "goalAttraction": 0.0,
      "pressureRadius": 84.02432250976562,
      "riskAppetite": 0.5,
      "visionRadius": 1000000000.0,
      "zoneAggression": [
        1.135238766670227,
        0.9101386070251465,
        1.2218419313430786,
        0.9702624082565308,
        1.0675474405288696
      ]
    },
    {
      "aggression": 1.4207509756088257,
      "base": {
        "forwardPassMinGain": 15.0,
        "markDistance": 73.0,
        "passChanceDefault": 0.004999999888241291,
        "passChanceForward": 0.12139999866485596,
        "passChancePressured": 0.4000000059604645,
        "passChanceWing": 0.009999999776482582,
        "shootProgressThreshold": 0.8125,