{
  "accepted": false,
  "candidate": {
    "playerParams": [
      {
        "aggression": 1.7160168886184692,
        "base": {
          "forwardPassMinGain": 15.0,
          "markDistance": 52.0,
          "passChanceDefault": 0.08389999717473984,
          "passChanceForward": 0.18000000715255737,
          "passChancePressured": 0.3662000000476837,
          "passChanceWing": 0.07419999688863754,
          "shootProgressThreshold": 0.7742999792098999,
          "tackleChance": 0.2199999988079071
        },
        "blockAvoidance": 0.4164888560771942,
        "blockDistance": 24.924270629882812,
        "chemistryBonus": 0.0,
        "chemistryTargetId": -1,
        "clearShotBonus": 0.19729718565940857,
        "corridorPreference": 0,
        "edgeAvoidance": 0.10672449320554733,
        "goalAttraction": 0.19683729112148285,
        "pressureRadius": 76.1490707397461,
        "riskAppetite": 0.5,
        "visionRadius": 1000000000.0,
        "zoneAggression": [
          1.2558091878890991,
          0.9379268884658813,
          1.3810710906982422,
          0.4541691541671753,
          0.9655807614326477
        ]
      },
      {
        "aggression": 1.321091890335083,
        "base": {
          "forwardPassMinGain": 18.0,
          "markDistance": 54.0,
          "passChanceDefault": 0.056299999356269836,
          "passChanceForward": 0.16410000622272491,
          "passChancePressured": 0.39489999413490295,
          "passChanceWing": 0.009999999776482582,
          "shootProgressThreshold": 0.8113999962806702,
          "tackleChance": 0.2062000036239624
        },
        "blockAvoidance": 0.6656290888786316,
        "blockDistance": 20.798967361450195,
        "chemistryBonus": 0.0,
        "chemistryTargetId": -1,
        "clearShotBonus": 0.2580661475658417,
        "corridorPreference": -1,
        "edgeAvoidance": 0.02731603942811489,
        "goalAttraction": 0.0,
        "pressureRadius": 91.61975860595703,
        "riskAppetite": 0.5,
        "visionRadius": 1000000000.0,
        "zoneAggression": [
          1.135238766670227,
          0.9101386070251465,
          1.2218419313430786,
          0.987315833568573,
          1.001511573791504
        ]
      },
      {
        "aggression": 1.4207509756088257,
        "base": {
          "forwardPassMinGain": 18.0,
          "markDistance": 69.0,
          "passChanceDefault": 0.026599999517202377,
          "passChanceForward": 0.11029999703168869,
          "passChancePressured": 0.4000000059604645,
          "passChanceWing": 0.009999999776482582,
          "shootProgressThreshold": 0.8125,
          "tackleChance": 0.19789999723434448
        },
        "blockAvoidance": 0.43468615412712097,
        "blockDistance": 26.741491317749023,
        "chemistryBonus": 0.0,
        "chemistryTargetId": -1,
        "clearShotBonus": 0.19743092358112335,
        "corridorPreference": 0,
        "edgeAvoidance": 0.07024648785591125,
        "goalAttraction": 0.24369734525680542,
        "pressureRadius": 62.261558532714844,
        "riskAppetite": 0.5382176637649536,
        "visionRadius": 1000000000.0,
        "zoneAggression": [
          0.9573509097099304,
          1.0419232845306396,
          0.8207485675811768,
          0.9602222442626953,
          0.7993286848068237
        ]
      },
      {
        "aggression": 0.9016264081001282,
        "base": {
          "forwardPassMinGain": 2.0,
          "markDistance": 82.0,
          "passChanceDefault": 0.14390000700950623,
          "passChanceForward": 0.18000000715255737,
          "passChancePressured": 0.39340001344680786,
          "passChanceWing": 0.03959999978542328,
          "shootProgressThreshold": 0.8999999761581421,
          "tackleChance": 0.18729999661445618
        },
        "blockAvoidance": 0.5,
        "blockDistance": 31.214942932128906,
        "chemistryBonus": 0.0,
        "chemistryTargetId": -1,
        "clearShotBonus": 0.0646364614367485,
        "corridorPreference": 0,
        "edgeAvoidance": 0.34336015582084656,
        "goalAttraction": 0.0,
        "pressureRadius": 92.6247329711914,
        "riskAppetite": 0.4203837811946869,
        "visionRadius": 1000000000.0,
        "zoneAggression": [
          1.1257082223892212,
          1.0,
          1.0730023384094238,
          1.1480735540390015,
          0.8337555527687073
        ]
      },
      {
        "aggression": 1.0,
        "base": {
          "forwardPassMinGain": 18.0,
          "markDistance": 85.0,
          "passChanceDefault": 0.017400000244379044,
          "passChanceForward": 0.1453000009059906,
          "passChancePressured": 0.4000000059604645,
          "passChanceWing": 0.041099999099969864,
          "shootProgressThreshold": 0.8626000285148621,
          "tackleChance": 0.12399999797344208
        },
        "blockAvoidance": 0.36700326204299927,
        "blockDistance": 20.581558227539062,
        "chemistryBonus": 0.0,
        "chemistryTargetId": -1,
        "clearShotBonus": 0.15242433547973633,
        "corridorPreference": 1,
        "edgeAvoidance": 0.25359001755714417,
        "goalAttraction": 0.04535358399152756,
        "pressureRadius": 59.82990264892578,
        "riskAppetite": 0.346770316362381,
        "visionRadius": 1000000000.0,
        "zoneAggression": [
          0.9071885943412781,
          1.056975245475769,
          1.011191487312317,
          1.115585207939148,
          0.8616378903388977
        ]
      }
    ]
  },
  "championEpoch": 54,
  "championPlayerParams": [
    {
      "aggression": 1.7160168886184692,
      "base": {
        "forwardPassMinGain": 15.0,
        "markDistance": 52.0,
        "passChanceDefault": 0.08389999717473984,
        "passChanceForward": 0.18000000715255737,
        "passChancePressured": 0.3662000000476837,
        "passChanceWing": 0.07419999688863754,
        "shootProgressThreshold": 0.7742999792098999,
        "tackleChance": 0.2199999988079071
      },
      "blockAvoidance": 0.4164888560771942,
      "blockDistance": 24.924270629882812,
      "chemistryBonus": 0.0,
      "chemistryTargetId": -1,
      "clearShotBonus": 0.19729718565940857,
      "corridorPreference": 0,
      "edgeAvoidance": 0.10672449320554733,
      "goalAttraction": 0.19683729112148285,
      "pressureRadius": 76.1490707397461,
      "riskAppetite": 0.5,
      "visionRadius": 1000000000.0,
      "zoneAggression": [
        1.2558091878890991,
        0.9379268884658813,
        1.3810710906982422,
        0.4541691541671753,
        0.9655807614326477
      ]
    },
    {
      "aggression": 1.0,
      "base": {
        "forwardPassMinGain": 18.0,
        "markDistance": 54.0,
        "passChanceDefault": 0.024900000542402267,
        "passChanceForward": 0.15080000460147858,
        "passChancePressured": 0.4000000059604645,
        "passChanceWing": 0.009999999776482582,
        "shootProgressThreshold": 0.8113999962806702,
        "tackleChance": 0.2062000036239624
      },
      "blockAvoidance": 0.6656290888786316,
      "blockDistance": 22.804256439208984,
      "chemistryBonus": 0.0,
      "chemistryTargetId": -1,
      "clearShotBonus": 0.2580661475658417,
      "corridorPreference": 0,
      "edgeAvoidance": 0.02731603942811489,
      "goalAttraction": 0.0,
      "pressureRadius": 84.02432250976562,
      "riskAppetite": 0.5,
      "visionRadius": 1000000000.0,
      "zoneAggression": [
        1.135238766670227,
        0.9101386070251465,
        1.2218419313430786,
        0.9702624082565308,
        1.0675474405288696
      ]
    },
    {
      "aggression": 1.4207509756088257,
      "base": {
        "forwardPassMinGain": 15.0,
        "markDistance": 73.0,
        "passChanceDefault": 0.004999999888241291,
        "passChanceForward": 0.12139999866485596,
        "passChancePressured": 0.4000000059604645,
        "passChanceWing": 0.009999999776482582,
        "shootProgressThreshold": 0.8125,
        "tackleChance": 0.19789999723434448
      },