{
  "createdAt": "2026-05-05T09:01:33Z",
  "epoch": 0,
  "name": "epoch-000-baseline",
  "playerParams": [
    {
      "decisions": {
        "aggression": 1.7301000356674194,
        "forwardPassMinGain": 1.8725999593734741,
        "markDistance": 82.54969787597656,
        "passChanceDefault": 0.061000000685453415,
        "passChanceForward": 0.02239999920129776,
        "passChancePressured": 0.2653000056743622,
        "passChanceWing": 0.25,
        "passDirDefensive": 0.9531999826431274,
        "passDirNeutral": 1.3911999464035034,
        "passDirOffensive": 0.7738999724388123,
        "riskAppetite": 0.5710999965667725,
        "shootProgressThreshold": 0.6427000164985657,
        "tackleChance": 0.2199999988079071
      },
      "spatial": {
        "ball": {
          "max": 56.77920150756836,
          "min": 42.11520004272461,
          "preferred": 42.11520004272461
        },
        "opponent": {
          "max": 223.62600708007812,
          "min": 73.35990142822266,
          "preferred": 177.427001953125
        },
        "ownGoal": {
          "max": 742.44873046875,
          "min": 335.28448486328125,
          "preferred": 714.2714233398438
        },
        "side": {
          "max": 258.02801513671875,
          "min": 69.33889770507812,
          "preferred": 69.55899810791016
        },
        "teammate": {
          "max": 299.4898986816406,
          "min": 181.85879516601562,
          "preferred": 285.8955078125
        }
      }
    },
    {
      "decisions": {
        "aggression": 1.5879000425338745,
        "forwardPassMinGain": 7.07390022277832,
        "markDistance": 25.0,
        "passChanceDefault": 0.12229999899864197,
        "passChanceForward": 0.04740000143647194,
        "passChancePressured": 0.066600002348423,
        "passChanceWing": 0.059300001710653305,
        "passDirDefensive": 1.802899956703186,
        "passDirNeutral": 0.23109999299049377,
        "passDirOffensive": 2.0,
        "riskAppetite": 0.3573000133037567,
        "shootProgressThreshold": 0.6456000208854675,
        "tackleChance": 0.09030000120401382
      },
      "spatial": {
        "ball": {
          "max": 559.49072265625,
          "min": 0.0,
          "preferred": 108.70359802246094
        },
        "opponent": {
          "max": 342.9179992675781,
          "min": 8.363499641418457,
          "preferred": 89.7760009765625
        },
        "ownGoal": {
          "max": 386.56719970703125,
          "min": 120.28099822998047,
          "preferred": 321.48980712890625
        },
        "side": {
          "max": 336.4877014160156,
          "min": 100.53910064697266,
          "preferred": 336.4877014160156
        },
        "teammate": {
          "max": 76.02580261230469,
          "min": 67.9135971069336,
          "preferred": 67.9135971069336
        }
      }
    },
    {
      "decisions": {
        "aggression": 1.0334999561309814,
        "forwardPassMinGain": 3.3101999759674072,
        "markDistance": 35.01240158081055,
        "passChanceDefault": 0.20000000298023224,
        "passChanceForward": 0.06449999660253525,
        "passChancePressured": 0.2784999907016754,
        "passChanceWing": 0.03590000048279762,
        "passDirDefensive": 1.3812999725341797,
        "passDirNeutral": 0.0,
        "passDirOffensive": 1.2031999826431274,
        "riskAppetite": 0.8007000088691711,
        "shootProgressThreshold": 0.5613999962806702,
        "tackleChance": 0.009999999776482582
      },
      "spatial": {
        "ball": {
          "max": 56.555301666259766,
          "min": 33.7328987121582,
          "preferred": 33.7328987121582
        },
        "opponent": {
          "max": 44.275299072265625,
          "min": 0.0,
          "preferred": 27.870899200439453
        },
        "ownGoal": {
          "max": 663.1390991210938,
          "min": 28.725900650024414,
          "preferred": 431.1575012207031
        },
        "side": {
          "max": 500.9812927246094,
          "min": 314.3746032714844,
          "preferred": 373.0788879394531
        },
        "teammate": {
          "max": 77.4540023803711,
          "min": 0.0,
          "preferred": 2.0599000453948975
        }
      }
    },
    {
      "decisions": {
        "aggression": 1.9250999689102173,
        "forwardPassMinGain": 18.0,
        "markDistance": 63.89189910888672,
        "passChanceDefault": 0.1664000004529953,
        "passChanceForward": 0.08829999715089798,
        "passChancePressured": 0.09640000015497208,
        "passChanceWing": 0.010499999858438969,
        "passDirDefensive": 0.0,
        "passDirNeutral": 1.697700023651123,
        "passDirOffensive": 1.6775000095367432,
        "riskAppetite": 0.0,
        "shootProgressThreshold": 0.550000011920929,
        "tackleChance": 0.2199999988079071
      },
      "spatial": {
        "ball": {
          "max": 42.93239974975586,
          "min": 16.554899215698242,
          "preferred": 42.93239974975586
        },
        "opponent": {
          "max": 83.8478012084961,
          "min": 19.50979995727539,
          "preferred": 83.8478012084961
        },
        "ownGoal": {
          "max": 493.02069091796875,
          "min": 435.94171142578125,
          "preferred": 435.94171142578125
        },
        "side": {
          "max": 293.3952941894531,
          "min": 11.606900215148926,
          "preferred": 293.3952941894531
        },
        "teammate": {
          "max": 63.35329818725586,
          "min": 38.21099853515625,
          "preferred": 53.54140090942383
        }
      }
    },
    {
      "decisions": {
        "aggression": 1.6962000131607056,
        "forwardPassMinGain": 6.371300220489502,
        "markDistance": 25.0,
        "passChanceDefault": 0.09889999777078629,
        "passChanceForward": 0.03550000116229057,
        "passChancePressured": 0.17659999430179596,
        "passChanceWing": 0.17790000140666962,
        "passDirDefensive": 0.6901000142097473,
        "passDirNeutral": 1.4505000114440918,
        "passDirOffensive": 1.4881000518798828,
        "riskAppetite": 0.5724999904632568,
        "shootProgressThreshold": 0.8245000243186951,
        "tackleChance": 0.07050000131130219
      },
      "spatial": {
        "ball": {
          "max": 631.8853149414062,
          "min": 217.1425018310547,
          "preferred": 338.6913146972656
        },
        "opponent": {
          "max": 237.73919677734375,
          "min": 172.60369873046875,
          "preferred": 208.73350524902344
        },
        "ownGoal": {
          "max": 873.2089233398438,
          "min": 60.24209976196289,
          "preferred": 411.3901062011719
        },
        "side": {
          "max": 297.8468017578125,
          "min": 177.35719299316406,
          "preferred": 215.14610290527344
        },
        "teammate": {
          "max": 400.0,
          "min": 145.34530639648438,
          "preferred": 314.14990234375
        }
      }
    }
  ],
  "role": "initial-baseline",
  "session": "anneal-stage-2-20ep-5000g"
}
