{
  "accepted": false,
  "candidate": {
    "parameters": {
      "forwardPassMinGain": 18.0,
      "markDistance": 67.0,
      "passChanceDefault": 0.007899999618530273,
      "passChanceForward": 0.18000000715255737,
      "passChancePressured": 0.4000000059604645,
      "passChanceWing": 0.009999999776482582,
      "shootProgressThreshold": 0.7757999897003174,
      "tackleChance": 0.2199999988079071
    }
  },
  "championEpoch": 29,
  "championParameters": {
    "forwardPassMinGain": 18.0,
    "markDistance": 67.0,
    "passChanceDefault": 0.007899999618530273,
    "passChanceForward": 0.18000000715255737,
    "passChancePressured": 0.4000000059604645,
    "passChanceWing": 0.009999999776482582,
    "shootProgressThreshold": 0.8133999705314636,
    "tackleChance": 0.2199999988079071
  },
  "createdAt": "2026-04-30T10:08:19Z",
  "epoch": 32,
  "evaluation": {
    "avgGoals": 3.25,
    "avgOutOfBounds": 0.01,
    "avgPasses": 104.27,
    "avgShots": 135.4,
    "avgTackles": 2.41,
    "baselineAvgGoals": 2.44,
    "candidateAvgGoals": 0.81,
    "candidateWon": false,
    "earlyStop": "worse",
    "elapsedMs": 31,
    "games": 100,
    "gamesPerSecond": 3225.81,
    "goalDiff": -163.0,
    "maxGames": 10000,
    "passCompletionRate": 0.967,
    "tackleSuccessRate": 1.0,
    "zScore": -5.605
  },
  "gamesPerEpoch": 10000,
  "name": "epoch-032",
  "opponent": {
    "parameters": {
      "forwardPassMinGain": 18.0,
      "markDistance": 67.0,
      "passChanceDefault": 0.007899999618530273,
      "passChanceForward": 0.18000000715255737,
      "passChancePressured": 0.4000000059604645,
      "passChanceWing": 0.009999999776482582,
      "shootProgressThreshold": 0.8133999705314636,
      "tackleChance": 0.2199999988079071
    },
    "sourceEpoch": 29
  },
  "session": "session-7"
}
