{
  "accepted": false,
  "candidate": {
    "parameters": {
      "forwardPassMinGain": 18.0,
      "markDistance": 72.0,
      "passChanceDefault": 0.004999999888241291,
      "passChanceForward": 0.18000000715255737,
      "passChancePressured": 0.4000000059604645,
      "passChanceWing": 0.009999999776482582,
      "shootProgressThreshold": 0.784500002861023,
      "tackleChance": 0.2199999988079071
    }
  },
  "championEpoch": 29,
  "championParameters": {
    "forwardPassMinGain": 18.0,
    "markDistance": 67.0,
    "passChanceDefault": 0.007899999618530273,
    "passChanceForward": 0.18000000715255737,
    "passChancePressured": 0.4000000059604645,
    "passChanceWing": 0.009999999776482582,
    "shootProgressThreshold": 0.8133999705314636,
    "tackleChance": 0.2199999988079071
  },
  "createdAt": "2026-04-30T10:08:21Z",
  "epoch": 34,
  "evaluation": {
    "avgGoals": 6.12,
    "avgOutOfBounds": 0.02,
    "avgPasses": 109.69,
    "avgShots": 104.9,
    "avgTackles": 3.89,
    "baselineAvgGoals": 3.89,
    "candidateAvgGoals": 2.23,
    "candidateWon": false,
    "earlyStop": "worse",
    "elapsedMs": 30,
    "games": 100,
    "gamesPerSecond": 3333.33,
    "goalDiff": -166.0,
    "maxGames": 10000,
    "passCompletionRate": 0.946,
    "tackleSuccessRate": 1.0,
    "zScore": -4.01
  },
  "gamesPerEpoch": 10000,
  "name": "epoch-034",
  "opponent": {
    "parameters": {
      "forwardPassMinGain": 18.0,
      "markDistance": 67.0,
      "passChanceDefault": 0.007899999618530273,
      "passChanceForward": 0.18000000715255737,
      "passChancePressured": 0.4000000059604645,
      "passChanceWing": 0.009999999776482582,
      "shootProgressThreshold": 0.8133999705314636,
      "tackleChance": 0.2199999988079071
    },
    "sourceEpoch": 29
  },
  "session": "session-7"
}
