{
  "accepted": false,
  "candidate": {
    "parameters": {
      "forwardPassMinGain": 18.0,
      "markDistance": 67.0,
      "passChanceDefault": 0.004999999888241291,
      "passChanceForward": 0.1680999994277954,
      "passChancePressured": 0.4000000059604645,
      "passChanceWing": 0.02810000069439411,
      "shootProgressThreshold": 0.7662000060081482,
      "tackleChance": 0.2199999988079071
    }
  },
  "championEpoch": 80,
  "championParameters": {
    "forwardPassMinGain": 18.0,
    "markDistance": 67.0,
    "passChanceDefault": 0.004999999888241291,
    "passChanceForward": 0.18000000715255737,
    "passChancePressured": 0.39969998598098755,
    "passChanceWing": 0.009999999776482582,
    "shootProgressThreshold": 0.8133999705314636,
    "tackleChance": 0.2199999988079071
  },
  "createdAt": "2026-04-30T10:10:05Z",
  "epoch": 92,
  "evaluation": {
    "avgGoals": 3.24,
    "avgOutOfBounds": 0.0,
    "avgPasses": 107.11,
    "avgShots": 132.29,
    "avgTackles": 2.08,
    "baselineAvgGoals": 2.57,
    "candidateAvgGoals": 0.67,
    "candidateWon": false,
    "earlyStop": "worse",
    "elapsedMs": 31,
    "games": 100,
    "gamesPerSecond": 3225.81,
    "goalDiff": -190.0,
    "maxGames": 10000,
    "passCompletionRate": 0.969,
    "tackleSuccessRate": 1.0,
    "zScore": -6.036
  },
  "gamesPerEpoch": 10000,
  "name": "epoch-092",
  "opponent": {
    "parameters": {
      "forwardPassMinGain": 18.0,
      "markDistance": 67.0,
      "passChanceDefault": 0.004999999888241291,
      "passChanceForward": 0.18000000715255737,
      "passChancePressured": 0.39969998598098755,
      "passChanceWing": 0.009999999776482582,
      "shootProgressThreshold": 0.8133999705314636,
      "tackleChance": 0.2199999988079071
    },
    "sourceEpoch": 80
  },
  "session": "session-7"
}
