{
  "accepted": false,
  "candidate": {
    "parameters": {
      "forwardPassMinGain": 16.0,
      "markDistance": 75.0,
      "passChanceDefault": 0.004999999888241291,
      "passChanceForward": 0.18000000715255737,
      "passChancePressured": 0.4000000059604645,
      "passChanceWing": 0.009999999776482582,
      "shootProgressThreshold": 0.8133999705314636,
      "tackleChance": 0.2199999988079071
    }
  },
  "championEpoch": 65,
  "championParameters": {
    "forwardPassMinGain": 18.0,
    "markDistance": 67.0,
    "passChanceDefault": 0.004999999888241291,
    "passChanceForward": 0.18000000715255737,
    "passChancePressured": 0.39969998598098755,
    "passChanceWing": 0.009999999776482582,
    "shootProgressThreshold": 0.8133999705314636,
    "tackleChance": 0.2199999988079071
  },
  "createdAt": "2026-04-30T10:09:28Z",
  "epoch": 69,
  "evaluation": {
    "avgGoals": 12.42,
    "avgOutOfBounds": 0.01,
    "avgPasses": 122.06,
    "avgShots": 38.49,
    "avgTackles": 6.34,
    "baselineAvgGoals": 6.407,
    "candidateAvgGoals": 6.013,
    "candidateWon": false,
    "earlyStop": "worse",
    "elapsedMs": 529,
    "games": 1825,
    "gamesPerSecond": 3449.91,
    "goalDiff": -719.0,
    "maxGames": 10000,
    "passCompletionRate": 0.893,
    "tackleSuccessRate": 1.0,
    "zScore": -2.506
  },
  "gamesPerEpoch": 10000,
  "name": "epoch-069",
  "opponent": {
    "parameters": {
      "forwardPassMinGain": 18.0,
      "markDistance": 67.0,
      "passChanceDefault": 0.004999999888241291,
      "passChanceForward": 0.18000000715255737,
      "passChancePressured": 0.39969998598098755,
      "passChanceWing": 0.009999999776482582,
      "shootProgressThreshold": 0.8133999705314636,
      "tackleChance": 0.2199999988079071
    },
    "sourceEpoch": 65
  },
  "session": "session-7"
}
