{
  "accepted": true,
  "candidate": {
    "parameters": {
      "forwardPassMinGain": 18.0,
      "markDistance": 67.0,
      "passChanceDefault": 0.004999999888241291,
      "passChanceForward": 0.18000000715255737,
      "passChancePressured": 0.39969998598098755,
      "passChanceWing": 0.009999999776482582,
      "shootProgressThreshold": 0.8133999705314636,
      "tackleChance": 0.2199999988079071
    }
  },
  "championEpoch": 65,
  "championParameters": {
    "forwardPassMinGain": 18.0,
    "markDistance": 67.0,
    "passChanceDefault": 0.004999999888241291,
    "passChanceForward": 0.18000000715255737,
    "passChancePressured": 0.39969998598098755,
    "passChanceWing": 0.009999999776482582,
    "shootProgressThreshold": 0.8133999705314636,
    "tackleChance": 0.2199999988079071
  },
  "createdAt": "2026-04-30T10:09:21Z",
  "epoch": 65,
  "evaluation": {
    "avgGoals": 12.43,
    "avgOutOfBounds": 0.01,
    "avgPasses": 127.63,
    "avgShots": 38.6,
    "avgTackles": 5.91,
    "baselineAvgGoals": 6.21,
    "candidateAvgGoals": 6.221,
    "candidateWon": true,
    "earlyStop": null,
    "elapsedMs": 2889,
    "games": 10000,
    "gamesPerSecond": 3461.41,
    "goalDiff": 111.0,
    "maxGames": 10000,
    "passCompletionRate": 0.899,
    "tackleSuccessRate": 1.0,
    "zScore": 0.17
  },
  "gamesPerEpoch": 10000,
  "name": "epoch-065",
  "opponent": {
    "parameters": {
      "forwardPassMinGain": 18.0,
      "markDistance": 67.0,
      "passChanceDefault": 0.004999999888241291,
      "passChanceForward": 0.18000000715255737,
      "passChancePressured": 0.4000000059604645,
      "passChanceWing": 0.009999999776482582,
      "shootProgressThreshold": 0.8133999705314636,
      "tackleChance": 0.2199999988079071
    },
    "sourceEpoch": 62
  },
  "session": "session-7"
}
