{
  "name": "s14-anneal-stage-3-5ep-50000g-best",
  "playerParams": [
    {
      "decisions": {
        "aggression": 1.332800030708313,
        "forwardPassMinGain": 3.1089000701904297,
        "markDistance": 85.0,
        "passChanceDefault": 0.1177000030875206,
        "passChanceForward": 0.004999999888241291,
        "passChancePressured": 0.2312999963760376,
        "passChanceWing": 0.17499999701976776,
        "passDirDefensive": 0.1168999969959259,
        "passDirNeutral": 1.9158999919891357,
        "passDirOffensive": 1.3315999507904053,
        "riskAppetite": 0.8188999891281128,
        "shootProgressThreshold": 0.5637000203132629,
        "tackleChance": 0.06840000301599503
      },
      "gk": null,
      "spatial": {
        "ball": {
          "max": 471.8558044433594,
          "min": 33.338199615478516,
          "preferred": 424.62298583984375
        },
        "opponent": {
          "max": 302.9046936035156,
          "min": 28.40850067138672,
          "preferred": 37.02259826660156
        },
        "ownGoal": {
          "max": 900.0,
          "min": 359.27349853515625,
          "preferred": 731.72119140625
        },
        "side": {
          "max": 251.93020629882812,
          "min": 121.82389831542969,
          "preferred": 246.1042938232422
        },
        "teammate": {
          "max": 355.2373046875,
          "min": 192.42539978027344,
          "preferred": 236.25489807128906
        }
      }
    },
    {
      "decisions": {
        "aggression": 0.26600000262260437,
        "forwardPassMinGain": 18.0,
        "markDistance": 26.529399871826172,
        "passChanceDefault": 0.04569999873638153,
        "passChanceForward": 0.07490000128746033,
        "passChancePressured": 0.1550000011920929,
        "passChanceWing": 0.18870000541210175,
        "passDirDefensive": 0.3278000056743622,
        "passDirNeutral": 1.530900001525879,
        "passDirOffensive": 1.3079999685287476,
        "riskAppetite": 0.8704000115394592,
        "shootProgressThreshold": 0.550000011920929,
        "tackleChance": 0.2199999988079071
      },
      "gk": null,
      "spatial": {
        "ball": {
          "max": 27.476200103759766,
          "min": 0.0,
          "preferred": 27.476200103759766
        },
        "opponent": {
          "max": 89.52210235595703,
          "min": 1.9141000509262085,
          "preferred": 54.556400299072266
        },
        "ownGoal": {
          "max": 791.0482788085938,
          "min": 177.60000610351562,
          "preferred": 387.76708984375
        },
        "side": {
          "max": 354.7015075683594,
          "min": 138.01170349121094,
          "preferred": 292.40789794921875
        },
        "teammate": {
          "max": 362.2872009277344,
          "min": 190.42579650878906,
          "preferred": 302.6809997558594
        }
      }
    },
    {
      "decisions": {
        "aggression": 1.901900053024292,
        "forwardPassMinGain": 10.132800102233887,
        "markDistance": 39.668399810791016,
        "passChanceDefault": 0.148499995470047,
        "passChanceForward": 0.18000000715255737,
        "passChancePressured": 0.2809999883174896,
        "passChanceWing": 0.030500000342726707,
        "passDirDefensive": 0.13650000095367432,
        "passDirNeutral": 1.0923000574111938,
        "passDirOffensive": 1.4352999925613403,
        "riskAppetite": 0.17419999837875366,
        "shootProgressThreshold": 0.8633999824523926,
        "tackleChance": 0.21570000052452087
      },
      "gk": null,
      "spatial": {
        "ball": {
          "max": 112.2531967163086,
          "min": 41.50170135498047,
          "preferred": 58.26259994506836
        },
        "opponent": {
          "max": 235.75779724121094,
          "min": 0.0,
          "preferred": 132.56820678710938
        },
        "ownGoal": {
          "max": 398.37530517578125,
          "min": 147.472900390625,
          "preferred": 149.97569274902344
        },
        "side": {
          "max": 371.24249267578125,
          "min": 186.47850036621094,
          "preferred": 307.6333923339844
        },
        "teammate": {
          "max": 152.45359802246094,
          "min": 54.39390182495117,
          "preferred": 85.56929779052734
        }
      }
    },
    {
      "decisions": {
        "aggression": 0.7856000065803528,
        "forwardPassMinGain": 15.873000144958496,
        "markDistance": 32.98550033569336,
        "passChanceDefault": 0.17910000681877136,
        "passChanceForward": 0.004999999888241291,
        "passChancePressured": 0.11819999665021896,
        "passChanceWing": 0.2021999955177307,
        "passDirDefensive": 1.7367000579833984,
        "passDirNeutral": 0.78329998254776,
        "passDirOffensive": 1.2990000247955322,
        "riskAppetite": 0.388700008392334,
        "shootProgressThreshold": 0.6284999847412109,
        "tackleChance": 0.17980000376701355
      },
      "gk": null,
      "spatial": {
        "ball": {
          "max": 474.255615234375,
          "min": 163.65660095214844,
          "preferred": 235.85360717773438
        },
        "opponent": {
          "max": 400.0,
          "min": 114.40139770507812,
          "preferred": 196.14529418945312
        },
        "ownGoal": {
          "max": 418.3945007324219,
          "min": 275.54638671875,
          "preferred": 359.0705871582031
        },
        "side": {
          "max": 176.9517059326172,
          "min": 137.0294952392578,
          "preferred": 158.94790649414062
        },
        "teammate": {
          "max": 185.78109741210938,
          "min": 34.11909866333008,
          "preferred": 75.28589630126953
        }
      }
    },
    {
      "decisions": {
        "aggression": 0.5266000032424927,
        "forwardPassMinGain": 4.054900169372559,
        "markDistance": 78.98400115966797,
        "passChanceDefault": 0.20000000298023224,
        "passChanceForward": 0.04769999906420708,
        "passChancePressured": 0.3725999891757965,
        "passChanceWing": 0.18369999527931213,
        "passDirDefensive": 0.6363000273704529,
        "passDirNeutral": 0.325300008058548,
        "passDirOffensive": 1.3034000396728516,
        "riskAppetite": 0.9434000253677368,
        "shootProgressThreshold": 0.7803999781608582,
        "tackleChance": 0.07970000058412552
      },
      "gk": {
        "gkDistributionZone": 1.0,
        "gkDiveChance": 0.9937000274658203,
        "gkDiveCommitDist": 73.09880065917969,
        "gkPassTargetDist": 111.97660064697266,
        "gkRiskClearance": 0.3750999867916107
      },
      "spatial": {
        "ball": {
          "max": 420.7929992675781,
          "min": 43.930599212646484,
          "preferred": 223.8572998046875
        },
        "opponent": {
          "max": 345.9280090332031,
          "min": 232.0498046875,
          "preferred": 253.53179931640625
        },
        "ownGoal": {
          "max": 722.4744873046875,
          "min": 576.2744140625,
          "preferred": 595.4149780273438
        },
        "side": {
          "max": 225.09280395507812,
          "min": 222.50860595703125,
          "preferred": 225.09280395507812
        },
        "teammate": {
          "max": 255.05230712890625,
          "min": 172.5023956298828,
          "preferred": 172.5023956298828
        }
      }
    }
  ],
  "sourceEpoch": 0,
  "sourceSession": "s14-anneal-stage-3-5ep-50000g",
  "type": "team-policy-v6",
  "version": 1
}
