{
  "accepted": false,
  "candidate": {
    "parameters": {
      "forwardPassMinGain": 17.0,
      "markDistance": 67.0,
      "passChanceDefault": 0.004999999888241291,
      "passChanceForward": 0.18000000715255737,
      "passChancePressured": 0.2874000072479248,
      "passChanceWing": 0.009999999776482582,
      "shootProgressThreshold": 0.8133999705314636,
      "tackleChance": 0.2199999988079071
    }
  },
  "championEpoch": 9,
  "championParameters": {
    "forwardPassMinGain": 18.0,
    "markDistance": 67.0,
    "passChanceDefault": 0.004999999888241291,
    "passChanceForward": 0.17139999568462372,
    "passChancePressured": 0.3377000093460083,
    "passChanceWing": 0.009999999776482582,
    "shootProgressThreshold": 0.8133999705314636,
    "tackleChance": 0.2199999988079071
  },
  "createdAt": "2026-04-30T10:22:11Z",
  "epoch": 10,
  "evaluation": {
    "avgGoals": 12.48,
    "avgOutOfBounds": 0.01,
    "avgPasses": 127.37,
    "avgShots": 38.85,
    "avgTackles": 5.95,
    "baselineAvgGoals": 6.285,
    "candidateAvgGoals": 6.197,
    "candidateWon": false,
    "earlyStop": null,
    "elapsedMs": 2804,
    "games": 10000,
    "gamesPerSecond": 3566.33,
    "goalDiff": -873.0,
    "maxGames": 10000,
    "passCompletionRate": 0.901,
    "tackleSuccessRate": 1.0,
    "zScore": -1.385
  },
  "gamesPerEpoch": 10000,
  "name": "epoch-010",
  "opponent": {
    "parameters": {
      "forwardPassMinGain": 18.0,
      "markDistance": 67.0,
      "passChanceDefault": 0.004999999888241291,
      "passChanceForward": 0.17139999568462372,
      "passChancePressured": 0.3377000093460083,
      "passChanceWing": 0.009999999776482582,
      "shootProgressThreshold": 0.8133999705314636,
      "tackleChance": 0.2199999988079071
    },
    "sourceEpoch": 9
  },
  "session": "session-8"
}
