{
  "accepted": false,
  "candidate": {
    "parameters": {
      "forwardPassMinGain": 18.0,
      "markDistance": 67.0,
      "passChanceDefault": 0.017899999395012856,
      "passChanceForward": 0.16369999945163727,
      "passChancePressured": 0.33169999718666077,
      "passChanceWing": 0.029100000858306885,
      "shootProgressThreshold": 0.7937999963760376,
      "tackleChance": 0.2199999988079071
    }
  },
  "championEpoch": 21,
  "championParameters": {
    "forwardPassMinGain": 18.0,
    "markDistance": 67.0,
    "passChanceDefault": 0.004999999888241291,
    "passChanceForward": 0.18000000715255737,
    "passChancePressured": 0.3237000107765198,
    "passChanceWing": 0.009999999776482582,
    "shootProgressThreshold": 0.8133999705314636,
    "tackleChance": 0.2199999988079071
  },
  "createdAt": "2026-04-30T10:22:31Z",
  "epoch": 24,
  "evaluation": {
    "avgGoals": 10.15,
    "avgOutOfBounds": 0.01,
    "avgPasses": 129.01,
    "avgShots": 56.14,
    "avgTackles": 5.39,
    "baselineAvgGoals": 5.533,
    "candidateAvgGoals": 4.618,
    "candidateWon": false,
    "earlyStop": "worse",
    "elapsedMs": 64,
    "games": 225,
    "gamesPerSecond": 3515.63,
    "goalDiff": -206.0,
    "maxGames": 10000,
    "passCompletionRate": 0.924,
    "tackleSuccessRate": 1.0,
    "zScore": -2.608
  },
  "gamesPerEpoch": 10000,
  "name": "epoch-024",
  "opponent": {
    "parameters": {
      "forwardPassMinGain": 18.0,
      "markDistance": 67.0,
      "passChanceDefault": 0.004999999888241291,
      "passChanceForward": 0.18000000715255737,
      "passChancePressured": 0.3237000107765198,
      "passChanceWing": 0.009999999776482582,
      "shootProgressThreshold": 0.8133999705314636,
      "tackleChance": 0.2199999988079071
    },
    "sourceEpoch": 21
  },
  "session": "session-8"
}
