{
  "accepted": true,
  "candidate": {
    "parameters": {
      "forwardPassMinGain": 16.0,
      "markDistance": 70.0,
      "passChanceDefault": 0.07530000060796738,
      "passChanceForward": 0.18000000715255737,
      "passChancePressured": 0.3903000056743622,
      "passChanceWing": 0.009999999776482582,
      "shootProgressThreshold": 0.8134999871253967,
      "tackleChance": 0.21140000224113464
    }
  },
  "championEpoch": 93,
  "championParameters": {
    "forwardPassMinGain": 16.0,
    "markDistance": 70.0,
    "passChanceDefault": 0.07530000060796738,
    "passChanceForward": 0.18000000715255737,
    "passChancePressured": 0.3903000056743622,
    "passChanceWing": 0.009999999776482582,
    "shootProgressThreshold": 0.8134999871253967,
    "tackleChance": 0.21140000224113464
  },
  "createdAt": "2026-04-30T10:24:22Z",
  "epoch": 93,
  "evaluation": {
    "avgGoals": 12.13,
    "avgOutOfBounds": 0.01,
    "avgPasses": 128.37,
    "avgShots": 37.57,
    "avgTackles": 6.02,
    "baselineAvgGoals": 6.049,
    "candidateAvgGoals": 6.084,
    "candidateWon": true,
    "earlyStop": null,
    "elapsedMs": 2892,
    "games": 10000,
    "gamesPerSecond": 3457.81,
    "goalDiff": 346.0,
    "maxGames": 10000,
    "passCompletionRate": 0.901,
    "tackleSuccessRate": 1.0,
    "zScore": 0.526
  },
  "gamesPerEpoch": 10000,
  "name": "epoch-093",
  "opponent": {
    "parameters": {
      "forwardPassMinGain": 16.0,
      "markDistance": 70.0,
      "passChanceDefault": 0.07530000060796738,
      "passChanceForward": 0.18000000715255737,
      "passChancePressured": 0.3903000056743622,
      "passChanceWing": 0.009999999776482582,
      "shootProgressThreshold": 0.814300000667572,
      "tackleChance": 0.21140000224113464
    },
    "sourceEpoch": 91
  },
  "session": "session-8"
}
