{
  "accepted": false,
  "candidate": {
    "parameters": {
      "forwardPassMinGain": 18.0,
      "markDistance": 67.0,
      "passChanceDefault": 0.03310000151395798,
      "passChanceForward": 0.18000000715255737,
      "passChancePressured": 0.3237000107765198,
      "passChanceWing": 0.009999999776482582,
      "shootProgressThreshold": 0.8296999931335449,
      "tackleChance": 0.2176000028848648
    }
  },
  "championEpoch": 21,
  "championParameters": {
    "forwardPassMinGain": 18.0,
    "markDistance": 67.0,
    "passChanceDefault": 0.004999999888241291,
    "passChanceForward": 0.18000000715255737,
    "passChancePressured": 0.3237000107765198,
    "passChanceWing": 0.009999999776482582,
    "shootProgressThreshold": 0.8133999705314636,
    "tackleChance": 0.2199999988079071
  },
  "createdAt": "2026-04-30T10:22:30Z",
  "epoch": 22,
  "evaluation": {
    "avgGoals": 11.96,
    "avgOutOfBounds": 0.01,
    "avgPasses": 127.6,
    "avgShots": 41.45,
    "avgTackles": 5.77,
    "baselineAvgGoals": 6.129,
    "candidateAvgGoals": 5.827,
    "candidateWon": false,
    "earlyStop": "worse",
    "elapsedMs": 756,
    "games": 2675,
    "gamesPerSecond": 3538.36,
    "goalDiff": -806.0,
    "maxGames": 10000,
    "passCompletionRate": 0.904,
    "tackleSuccessRate": 1.0,
    "zScore": -2.511
  },
  "gamesPerEpoch": 10000,
  "name": "epoch-022",
  "opponent": {
    "parameters": {
      "forwardPassMinGain": 18.0,
      "markDistance": 67.0,
      "passChanceDefault": 0.004999999888241291,
      "passChanceForward": 0.18000000715255737,
      "passChancePressured": 0.3237000107765198,
      "passChanceWing": 0.009999999776482582,
      "shootProgressThreshold": 0.8133999705314636,
      "tackleChance": 0.2199999988079071
    },
    "sourceEpoch": 21
  },
  "session": "session-8"
}
