{
  "accepted": false,
  "candidate": {
    "parameters": {
      "forwardPassMinGain": 18.0,
      "markDistance": 74.0,
      "passChanceDefault": 0.004999999888241291,
      "passChanceForward": 0.18000000715255737,
      "passChancePressured": 0.36899998784065247,
      "passChanceWing": 0.04100000113248825,
      "shootProgressThreshold": 0.8133999705314636,
      "tackleChance": 0.2175000011920929
    }
  },
  "championEpoch": 0,
  "championParameters": {
    "forwardPassMinGain": 18.0,
    "markDistance": 67.0,
    "passChanceDefault": 0.004999999888241291,
    "passChanceForward": 0.18000000715255737,
    "passChancePressured": 0.36899998784065247,
    "passChanceWing": 0.009999999776482582,
    "shootProgressThreshold": 0.8133999705314636,
    "tackleChance": 0.21739999949932098
  },
  "createdAt": "2026-04-30T10:22:06Z",
  "epoch": 8,
  "evaluation": {
    "avgGoals": 11.96,
    "avgOutOfBounds": 0.0,
    "avgPasses": 130.19,
    "avgShots": 36.72,
    "avgTackles": 5.93,
    "baselineAvgGoals": 6.141,
    "candidateAvgGoals": 5.817,
    "candidateWon": false,
    "earlyStop": "worse",
    "elapsedMs": 703,
    "games": 2525,
    "gamesPerSecond": 3591.75,
    "goalDiff": -818.0,
    "maxGames": 10000,
    "passCompletionRate": 0.903,
    "tackleSuccessRate": 1.0,
    "zScore": -2.523
  },
  "gamesPerEpoch": 10000,
  "name": "epoch-008",
  "opponent": {
    "parameters": {
      "forwardPassMinGain": 18.0,
      "markDistance": 67.0,
      "passChanceDefault": 0.004999999888241291,
      "passChanceForward": 0.18000000715255737,
      "passChancePressured": 0.36899998784065247,
      "passChanceWing": 0.009999999776482582,
      "shootProgressThreshold": 0.8133999705314636,
      "tackleChance": 0.21739999949932098
    },
    "sourceEpoch": 0
  },
  "session": "session-8"
}
