{
  "accepted": true,
  "candidate": {
    "parameters": {
      "forwardPassMinGain": 18.0,
      "markDistance": 70.0,
      "passChanceDefault": 0.07530000060796738,
      "passChanceForward": 0.18000000715255737,
      "passChancePressured": 0.4000000059604645,
      "passChanceWing": 0.009999999776482582,
      "shootProgressThreshold": 0.8134999871253967,
      "tackleChance": 0.21140000224113464
    }
  },
  "championEpoch": 98,
  "championParameters": {
    "forwardPassMinGain": 18.0,
    "markDistance": 70.0,
    "passChanceDefault": 0.07530000060796738,
    "passChanceForward": 0.18000000715255737,
    "passChancePressured": 0.4000000059604645,
    "passChanceWing": 0.009999999776482582,
    "shootProgressThreshold": 0.8134999871253967,
    "tackleChance": 0.21140000224113464
  },
  "createdAt": "2026-04-30T10:24:33Z",
  "epoch": 98,
  "evaluation": {
    "avgGoals": 12.16,
    "avgOutOfBounds": 0.01,
    "avgPasses": 128.32,
    "avgShots": 37.64,
    "avgTackles": 5.97,
    "baselineAvgGoals": 6.071,
    "candidateAvgGoals": 6.086,
    "candidateWon": true,
    "earlyStop": null,
    "elapsedMs": 2903,
    "games": 10000,
    "gamesPerSecond": 3444.71,
    "goalDiff": 146.0,
    "maxGames": 10000,
    "passCompletionRate": 0.902,
    "tackleSuccessRate": 1.0,
    "zScore": 0.219
  },
  "gamesPerEpoch": 10000,
  "name": "epoch-098",
  "opponent": {
    "parameters": {
      "forwardPassMinGain": 16.0,
      "markDistance": 70.0,
      "passChanceDefault": 0.07530000060796738,
      "passChanceForward": 0.18000000715255737,
      "passChancePressured": 0.3903000056743622,
      "passChanceWing": 0.009999999776482582,
      "shootProgressThreshold": 0.8134999871253967,
      "tackleChance": 0.21140000224113464
    },
    "sourceEpoch": 93
  },
  "session": "session-8"
}
