{
  "name": "s4-anneal-stage-2-20ep-5000g-best",
  "playerParams": [
    {
      "decisions": {
        "aggression": 0.35830000042915344,
        "forwardPassMinGain": 10.699799537658691,
        "markDistance": 27.121599197387695,
        "passChanceDefault": 0.11590000241994858,
        "passChanceForward": 0.18000000715255737,
        "passChancePressured": 0.31060001254081726,
        "passChanceWing": 0.05909999832510948,
        "passDirDefensive": 0.12449999898672104,
        "passDirNeutral": 1.4158999919891357,
        "passDirOffensive": 1.642199993133545,
        "riskAppetite": 0.8547999858856201,
        "shootProgressThreshold": 0.6509000062942505,
        "tackleChance": 0.10220000147819519
      },
      "gk": null,
      "spatial": {
        "ball": {
          "max": 194.898193359375,
          "min": 0.0,
          "preferred": 8.115500450134277
        },
        "opponent": {
          "max": 202.9801025390625,
          "min": 4.186999797821045,
          "preferred": 68.31400299072266
        },
        "ownGoal": {
          "max": 427.81658935546875,
          "min": 388.35809326171875,
          "preferred": 388.35809326171875
        },
        "side": {
          "max": 360.0566101074219,
          "min": 193.95579528808594,
          "preferred": 360.0566101074219
        },
        "teammate": {
          "max": 132.34190368652344,
          "min": 54.69919967651367,
          "preferred": 54.69919967651367
        }
      }
    },
    {
      "decisions": {
        "aggression": 1.8451000452041626,
        "forwardPassMinGain": 13.06149959564209,
        "markDistance": 39.699501037597656,
        "passChanceDefault": 0.03500000014901161,
        "passChanceForward": 0.12290000170469284,
        "passChancePressured": 0.019999999552965164,
        "passChanceWing": 0.009999999776482582,
        "passDirDefensive": 0.5116999745368958,
        "passDirNeutral": 1.1827000379562378,
        "passDirOffensive": 0.710099995136261,
        "riskAppetite": 0.7559000253677368,
        "shootProgressThreshold": 0.550000011920929,
        "tackleChance": 0.2199999988079071
      },
      "gk": null,
      "spatial": {
        "ball": {
          "max": 20.55940055847168,
          "min": 0.0,
          "preferred": 0.0
        },
        "opponent": {
          "max": 88.158203125,
          "min": 68.0718994140625,
          "preferred": 80.4552001953125
        },
        "ownGoal": {
          "max": 542.3281860351562,
          "min": 71.32990264892578,
          "preferred": 438.48260498046875
        },
        "side": {
          "max": 404.9783020019531,
          "min": 40.74599838256836,
          "preferred": 315.5616149902344
        },
        "teammate": {
          "max": 204.76010131835938,
          "min": 106.3656997680664,
          "preferred": 147.3061065673828
        }
      }
    },
    {
      "decisions": {
        "aggression": 1.0288000106811523,
        "forwardPassMinGain": 0.0,
        "markDistance": 25.0,
        "passChanceDefault": 0.0940999984741211,
        "passChanceForward": 0.017799999564886093,
        "passChancePressured": 0.021900000050663948,
        "passChanceWing": 0.15770000219345093,
        "passDirDefensive": 0.6590999960899353,
        "passDirNeutral": 1.5954999923706055,
        "passDirOffensive": 1.7777999639511108,
        "riskAppetite": 0.657800018787384,
        "shootProgressThreshold": 0.5536999702453613,
        "tackleChance": 0.18129999935626984
      },
      "gk": null,
      "spatial": {
        "ball": {
          "max": 0.0,
          "min": 0.0,
          "preferred": 0.0
        },
        "opponent": {
          "max": 180.3408966064453,
          "min": 13.765999794006348,
          "preferred": 131.53689575195312
        },
        "ownGoal": {
          "max": 186.53269958496094,
          "min": 182.69970703125,
          "preferred": 182.69970703125
        },
        "side": {
          "max": 387.3699035644531,
          "min": 184.61729431152344,
          "preferred": 222.73809814453125
        },
        "teammate": {
          "max": 396.1258850097656,
          "min": 24.842199325561523,
          "preferred": 288.3526916503906
        }
      }
    },
    {
      "decisions": {
        "aggression": 1.8521000146865845,
        "forwardPassMinGain": 8.705400466918945,
        "markDistance": 30.597299575805664,
        "passChanceDefault": 0.08429999649524689,
        "passChanceForward": 0.09650000184774399,
        "passChancePressured": 0.3874000012874603,
        "passChanceWing": 0.20509999990463257,
        "passDirDefensive": 1.9845000505447388,
        "passDirNeutral": 1.5254000425338745,
        "passDirOffensive": 1.8681999444961548,
        "riskAppetite": 0.8702999949455261,
        "shootProgressThreshold": 0.6714000105857849,
        "tackleChance": 0.03519999980926514
      },
      "gk": null,
      "spatial": {
        "ball": {
          "max": 76.90760040283203,
          "min": 0.0,
          "preferred": 76.90760040283203
        },
        "opponent": {
          "max": 145.69369506835938,
          "min": 25.719999313354492,
          "preferred": 96.035400390625
        },
        "ownGoal": {
          "max": 306.35150146484375,
          "min": 68.74839782714844,
          "preferred": 111.31099700927734
        },
        "side": {
          "max": 471.10430908203125,
          "min": 66.3729019165039,
          "preferred": 66.3729019165039
        },
        "teammate": {
          "max": 325.2732849121094,
          "min": 15.798399925231934,
          "preferred": 85.99459838867188
        }
      }
    },
    {
      "decisions": {
        "aggression": 0.8227999806404114,
        "forwardPassMinGain": 7.785299777984619,
        "markDistance": 77.96189880371094,
        "passChanceDefault": 0.043699998408555984,
        "passChanceForward": 0.022199999541044235,
        "passChancePressured": 0.34220001101493835,
        "passChanceWing": 0.19529999792575836,
        "passDirDefensive": 0.5604000091552734,
        "passDirNeutral": 1.8381999731063843,
        "passDirOffensive": 1.5464999675750732,
        "riskAppetite": 0.10530000180006027,
        "shootProgressThreshold": 0.5993000268936157,
        "tackleChance": 0.2199999988079071
      },
      "gk": {
        "gkDistributionZone": 0.4262999892234802,
        "gkDiveChance": 0.7358999848365784,
        "gkDiveCommitDist": 200.685302734375,
        "gkPassTargetDist": 232.6656951904297,
        "gkRiskClearance": 0.5799999833106995
      },
      "spatial": {
        "ball": {
          "max": 520.080322265625,
          "min": 498.177490234375,
          "preferred": 500.5714111328125
        },
        "opponent": {
          "max": 119.31839752197266,
          "min": 53.332401275634766,
          "preferred": 115.29389953613281
        },
        "ownGoal": {
          "max": 93.87689971923828,
          "min": 0.0,
          "preferred": 93.87689971923828
        },
        "side": {
          "max": 520.0,
          "min": 361.13641357421875,
          "preferred": 389.0382995605469
        },
        "teammate": {
          "max": 400.0,
          "min": 88.47679901123047,
          "preferred": 192.7613983154297
        }
      }
    }
  ],
  "sourceEpoch": 11,
  "sourceSession": "s4-anneal-stage-2-20ep-5000g",
  "type": "team-policy-v6",
  "version": 1
}
