{
  "accepted": false,
  "candidate": {
    "parameters": {
      "forwardPassMinGain": 18.0,
      "markDistance": 61.0,
      "passChanceDefault": 0.09629999846220016,
      "passChanceForward": 0.08219999819993973,
      "passChancePressured": 0.4000000059604645,
      "passChanceWing": 0.009999999776482582,
      "shootProgressThreshold": 0.7904999852180481,
      "tackleChance": 0.21089999377727509
    }
  },
  "championEpoch": 0,
  "championParameters": {
    "forwardPassMinGain": 18.0,
    "markDistance": 62.0,
    "passChanceDefault": 0.12549999356269836,
    "passChanceForward": 0.08219999819993973,
    "passChancePressured": 0.4000000059604645,
    "passChanceWing": 0.009999999776482582,
    "shootProgressThreshold": 0.8101999759674072,
    "tackleChance": 0.21089999377727509
  },
  "createdAt": "2026-04-30T10:03:02Z",
  "epoch": 8,
  "evaluation": {
    "avgGoals": 7.52,
    "avgOutOfBounds": 0.01,
    "avgPasses": 122.81,
    "avgShots": 81.0,
    "avgTackles": 3.95,
    "baselineAvgGoals": 4.347,
    "candidateAvgGoals": 3.173,
    "candidateWon": false,
    "earlyStop": "worse",
    "elapsedMs": 42,
    "games": 150,
    "gamesPerSecond": 3571.43,
    "goalDiff": -176.0,
    "maxGames": 1000,
    "passCompletionRate": 0.939,
    "tackleSuccessRate": 1.0,
    "zScore": -3.235
  },
  "gamesPerEpoch": 1000,
  "name": "epoch-008",
  "opponent": {
    "parameters": {
      "forwardPassMinGain": 18.0,
      "markDistance": 62.0,
      "passChanceDefault": 0.12549999356269836,
      "passChanceForward": 0.08219999819993973,
      "passChancePressured": 0.4000000059604645,
      "passChanceWing": 0.009999999776482582,
      "shootProgressThreshold": 0.8101999759674072,
      "tackleChance": 0.21089999377727509
    },
    "sourceEpoch": 0
  },
  "session": "session-5"
}
