{
  "acceptedCount": 0,
  "acceptedEpochs": [],
  "averageEpochElapsedMs": 346,
  "bestGoalDiff": 18.0,
  "epochs": 20,
  "finalChampionEpoch": 0,
  "finalChampionPlayerParams": [
    {
      "decisions": {
        "aggression": 1.9586000442504883,
        "forwardPassMinGain": 4.6707000732421875,
        "markDistance": 71.533203125,
        "passChanceDefault": 0.061000000685453415,
        "passChanceForward": 0.026200000196695328,
        "passChancePressured": 0.275299996137619,
        "passChanceWing": 0.25,
        "passDirDefensive": 1.1115000247955322,
        "passDirNeutral": 1.4904999732971191,
        "passDirOffensive": 0.5713000297546387,
        "riskAppetite": 0.644599974155426,
        "shootProgressThreshold": 0.6302000284194946,
        "tackleChance": 0.21330000460147858
      },
      "spatial": {
        "ball": {
          "max": 0.0,
          "min": 0.0,
          "preferred": 0.0
        },
        "opponent": {
          "max": 172.02520751953125,
          "min": 40.4822998046875,
          "preferred": 140.5802001953125
        },
        "ownGoal": {
          "max": 777.7498168945312,
          "min": 357.3739013671875,
          "preferred": 718.7008056640625
        },
        "side": {
          "max": 189.01829528808594,
          "min": 29.793899536132812,
          "preferred": 55.701698303222656
        },
        "teammate": {
          "max": 302.5220031738281,
          "min": 190.91650390625,
          "preferred": 285.8955078125
        }
      }
    },
    {
      "decisions": {
        "aggression": 1.5879000425338745,
        "forwardPassMinGain": 8.53689956665039,
        "markDistance": 25.0,
        "passChanceDefault": 0.09679999947547913,
        "passChanceForward": 0.04639999940991402,
        "passChancePressured": 0.019999999552965164,
        "passChanceWing": 0.059300001710653305,
        "passDirDefensive": 1.807800054550171,
        "passDirNeutral": 0.23109999299049377,
        "passDirOffensive": 2.0,
        "riskAppetite": 0.34310001134872437,
        "shootProgressThreshold": 0.6789000034332275,
        "tackleChance": 0.09030000120401382
      },
      "spatial": {
        "ball": {
          "max": 675.6807861328125,
          "min": 4.54449987411499,
          "preferred": 74.32060241699219
        },
        "opponent": {
          "max": 268.84130859375,
          "min": 0.0,
          "preferred": 146.93569946289062
        },
        "ownGoal": {
          "max": 347.4309997558594,
          "min": 115.3125991821289,
          "preferred": 326.4783020019531
        },
        "side": {
          "max": 363.1495056152344,
          "min": 100.53910064697266,
          "preferred": 345.44110107421875
        },
        "teammate": {
          "max": 76.02580261230469,
          "min": 62.66389846801758,
          "preferred": 62.66389846801758
        }
      }
    },
    {
      "decisions": {
        "aggression": 1.061900019645691,
        "forwardPassMinGain": 4.99399995803833,
        "markDistance": 43.14459991455078,
        "passChanceDefault": 0.19529999792575836,
        "passChanceForward": 0.004999999888241291,
        "passChancePressured": 0.3571999967098236,
        "passChanceWing": 0.03590000048279762,
        "passDirDefensive": 1.1710000038146973,
        "passDirNeutral": 0.0,
        "passDirOffensive": 1.0892000198364258,
        "riskAppetite": 0.7717999815940857,
        "shootProgressThreshold": 0.550000011920929,
        "tackleChance": 0.21739999949932098
      },
      "spatial": {
        "ball": {
          "max": 32.20669937133789,
          "min": 2.7388999462127686,
          "preferred": 6.229100227355957
        },
        "opponent": {
          "max": 41.39950180053711,
          "min": 0.0,
          "preferred": 25.96820068359375
        },
        "ownGoal": {
          "max": 593.9129028320312,
          "min": 12.029199600219727,
          "preferred": 431.1575012207031
        },
        "side": {
          "max": 493.8507080078125,
          "min": 378.6777038574219,
          "preferred": 451.33819580078125
        },
        "teammate": {
          "max": 60.028499603271484,
          "min": 0.0,
          "preferred": 60.028499603271484
        }
      }
    },
    {
      "decisions": {
        "aggression": 1.8447999954223633,
        "forwardPassMinGain": 14.463500022888184,
        "markDistance": 63.89189910888672,
        "passChanceDefault": 0.15770000219345093,
        "passChanceForward": 0.11309999972581863,
        "passChancePressured": 0.09640000015497208,
        "passChanceWing": 0.010499999858438969,
        "passDirDefensive": 0.0,
        "passDirNeutral": 1.5647000074386597,
        "passDirOffensive": 1.6775000095367432,
        "riskAppetite": 0.038100000470876694,
        "shootProgressThreshold": 0.550000011920929,
        "tackleChance": 0.05480000004172325
      },
      "spatial": {
        "ball": {
          "max": 42.93239974975586,
          "min": 16.554899215698242,
          "preferred": 16.554899215698242
        },
        "opponent": {
          "max": 89.1447982788086,
          "min": 19.50979995727539,
          "preferred": 89.1447982788086
        },
        "ownGoal": {
          "max": 482.02508544921875,
          "min": 421.4984130859375,
          "preferred": 421.4984130859375
        },
        "side": {
          "max": 305.6908874511719,
          "min": 13.037300109863281,
          "preferred": 298.748291015625
        },
        "teammate": {
          "max": 59.10820007324219,
          "min": 23.216999053955078,
          "preferred": 53.54140090942383
        }
      }
    },
    {
      "decisions": {
        "aggression": 1.853600025177002,
        "forwardPassMinGain": 6.0081000328063965,
        "markDistance": 30.959800720214844,
        "passChanceDefault": 0.14190000295639038,
        "passChanceForward": 0.025200000032782555,
        "passChancePressured": 0.17020000517368317,
        "passChanceWing": 0.17790000140666962,
        "passDirDefensive": 0.6901000142097473,
        "passDirNeutral": 1.3499000072479248,
        "passDirOffensive": 1.2777999639511108,
        "riskAppetite": 0.6040999889373779,
        "shootProgressThreshold": 0.7857999801635742,
        "tackleChance": 0.035999998450279236
      },
      "spatial": {
        "ball": {
          "max": 665.6246948242188,
          "min": 209.63760375976562,
          "preferred": 371.9466857910156
        },
        "opponent": {
          "max": 249.4927978515625,
          "min": 179.32640075683594,
          "preferred": 207.48260498046875
        },
        "ownGoal": {
          "max": 824.9962158203125,
          "min": 60.24209976196289,
          "preferred": 386.04510498046875
        },
        "side": {
          "max": 309.6658020019531,
          "min": 196.3769989013672,
          "preferred": 249.0272979736328
        },
        "teammate": {
          "max": 400.0,
          "min": 134.59669494628906,
          "preferred": 314.74639892578125
        }
      }
    }
  ],
  "finishedAt": "2026-05-05T07:01:08Z",
  "gamesPerEpoch": 5000,
  "history": [
    {
      "accepted": false,
      "baselineAvgGoals": 10.9,
      "candidateAvgGoals": 6.85,
      "championEpoch": 0,
      "earlyStop": "worse",
      "elapsedMs": 177,
      "epoch": 1,
      "gamesRun": 100,
      "goalDiff": -405.0,
      "zScore": -5.058
    },
    {
      "accepted": false,
      "baselineAvgGoals": 10.3,
      "candidateAvgGoals": 10.195,
      "championEpoch": 0,
      "earlyStop": "indecisive",
      "elapsedMs": 359,
      "epoch": 2,
      "gamesRun": 200,
      "goalDiff": -21.0,
      "zScore": -0.126
    },
    {
      "accepted": false,
      "baselineAvgGoals": 10.98,
      "candidateAvgGoals": 8.9,
      "championEpoch": 0,
      "earlyStop": "worse",
      "elapsedMs": 176,
      "epoch": 3,
      "gamesRun": 100,
      "goalDiff": -208.0,
      "zScore": -2.562
    },
    {
      "accepted": false,