{
  "name": "session-1-best",
  "playerParams": [
    {
      "aggression": 1.097020149230957,
      "base": {
        "forwardPassMinGain": 6.0,
        "markDistance": 52.0,
        "passChanceDefault": 0.04569999873638153,
        "passChanceForward": 0.18000000715255737,
        "passChancePressured": 0.4000000059604645,
        "passChanceWing": 0.046300001442432404,
        "shootProgressThreshold": 0.7710000276565552,
        "tackleChance": 0.2199999988079071
      },
      "blockAvoidance": 0.11923521012067795,
      "blockDistance": 21.59844970703125,
      "chemistryBonus": 0.0,
      "chemistryTargetId": -1,
      "clearShotBonus": 0.0,
      "corridorPreference": 1,
      "edgeAvoidance": 0.3612608313560486,
      "goalAttraction": 0.0,
      "pressureRadius": 36.30252456665039,
      "riskAppetite": 0.34481433033943176,
      "visionRadius": 1000000000.0,
      "zoneAggression": [
        1.013263463973999,
        1.0036778450012207,
        0.9295132160186768,
        1.1754672527313232,
        0.9443688988685608
      ]
    },
    {
      "aggression": 0.9773991107940674,
      "base": {
        "forwardPassMinGain": 14.0,
        "markDistance": 55.0,
        "passChanceDefault": 0.012299999594688416,
        "passChanceForward": 0.15230000019073486,
        "passChancePressured": 0.30820000171661377,
        "passChanceWing": 0.009999999776482582,
        "shootProgressThreshold": 0.8180000185966492,
        "tackleChance": 0.15800000727176666
      },
      "blockAvoidance": 0.6612468957901001,
      "blockDistance": 26.179946899414062,
      "chemistryBonus": 0.0,
      "chemistryTargetId": -1,
      "clearShotBonus": 0.17958016693592072,
      "corridorPreference": -1,
      "edgeAvoidance": 0.04160543531179428,
      "goalAttraction": 0.15317469835281372,
      "pressureRadius": 67.03868865966797,
      "riskAppetite": 0.5138035416603088,
      "visionRadius": 1000000000.0,
      "zoneAggression": [
        1.2115174531936646,
        1.1407222747802734,
        1.0777909755706787,
        0.9440956711769104,
        0.9393153786659241
      ]
    },
    {
      "aggression": 1.0004169940948486,
      "base": {
        "forwardPassMinGain": 18.0,
        "markDistance": 74.0,
        "passChanceDefault": 0.004999999888241291,
        "passChanceForward": 0.1737000048160553,
        "passChancePressured": 0.38350000977516174,
        "passChanceWing": 0.009999999776482582,
        "shootProgressThreshold": 0.8125,
        "tackleChance": 0.2134999930858612
      },
      "blockAvoidance": 0.3442575931549072,
      "blockDistance": 27.788087844848633,
      "chemistryBonus": 0.0,
      "chemistryTargetId": -1,
      "clearShotBonus": 0.04474450647830963,
      "corridorPreference": -1,
      "edgeAvoidance": 0.2305387705564499,
      "goalAttraction": 0.24316951632499695,
      "pressureRadius": 59.83725357055664,
      "riskAppetite": 0.514519453048706,
      "visionRadius": 1000000000.0,
      "zoneAggression": [
        1.0281102657318115,
        1.1317983865737915,
        0.8755106329917908,
        1.0723693370819092,
        1.0816596746444702
      ]
    },
    {
      "aggression": 0.2369319498538971,
      "base": {
        "forwardPassMinGain": 7.0,
        "markDistance": 77.0,
        "passChanceDefault": 0.0908999964594841,
        "passChanceForward": 0.13040000200271606,
        "passChancePressured": 0.4000000059604645,
        "passChanceWing": 0.009999999776482582,
        "shootProgressThreshold": 0.8490999937057495,
        "tackleChance": 0.19760000705718994
      },
      "blockAvoidance": 0.6700146794319153,
      "blockDistance": 20.95374870300293,
      "chemistryBonus": 0.0,
      "chemistryTargetId": -1,
      "clearShotBonus": 0.0,
      "corridorPreference": -1,
      "edgeAvoidance": 0.17144930362701416,
      "goalAttraction": 0.35927677154541016,
      "pressureRadius": 52.26848602294922,
      "riskAppetite": 0.6887955069541931,
      "visionRadius": 1000000000.0,
      "zoneAggression": [
        0.8146914839744568,
        0.8665475845336914,
        1.1608508825302124,
        0.7360215187072754,
        0.9835666418075562
      ]
    },
    {
      "aggression": 1.1962909698486328,
      "base": {
        "forwardPassMinGain": 16.0,
        "markDistance": 80.0,
        "passChanceDefault": 0.08879999816417694,
        "passChanceForward": 0.1264999955892563,
        "passChancePressured": 0.36800000071525574,
        "passChanceWing": 0.03460000082850456,
        "shootProgressThreshold": 0.8400999903678894,
        "tackleChance": 0.21780000627040863
      },
      "blockAvoidance": 0.8409239649772644,
      "blockDistance": 33.1829948425293,
      "chemistryBonus": 0.0,
      "chemistryTargetId": -1,
      "clearShotBonus": 0.24722567200660706,
      "corridorPreference": 1,
      "edgeAvoidance": 0.00269327312707901,
      "goalAttraction": 0.030755698680877686,
      "pressureRadius": 129.36798095703125,
      "riskAppetite": 0.5932347774505615,
      "visionRadius": 1000000000.0,
      "zoneAggression": [
        1.0087218284606934,
        1.076546311378479,
        1.0514358282089233,
        1.3601226806640625,
        1.2494486570358276
      ]
    }
  ],
  "sourceEpoch": 97,
  "sourceSession": "session-1",
  "type": "team-policy-v3",
  "version": 1
}
