{
  "acceptedCount": 1,
  "acceptedEpochs": [
    5
  ],
  "averageEpochElapsedMs": 1136,
  "bestGoalDiff": 1297.0,
  "epochs": 20,
  "finalChampionEpoch": 5,
  "finalChampionPlayerParams": [
    {
      "decisions": {
        "aggression": 1.0205999612808228,
        "forwardPassMinGain": 17.58799934387207,
        "markDistance": 46.856998443603516,
        "passChanceDefault": 0.1615000069141388,
        "passChanceForward": 0.004999999888241291,
        "passChancePressured": 0.1509000062942505,
        "passChanceWing": 0.055399999022483826,
        "passDirDefensive": 1.6253000497817993,
        "passDirNeutral": 0.2930000126361847,
        "passDirOffensive": 1.6397000551223755,
        "riskAppetite": 0.1898999959230423,
        "shootProgressThreshold": 0.8242999911308289,
        "tackleChance": 0.21240000426769257
      },
      "gk": null,
      "spatial": {
        "ball": {
          "max": 48.525299072265625,
          "min": 1.1217999458312988,
          "preferred": 7.1331000328063965
        },
        "opponent": {
          "max": 233.8717041015625,
          "min": 131.031494140625,
          "preferred": 192.0594024658203
        },
        "ownGoal": {
          "max": 753.2282104492188,
          "min": 694.826904296875,
          "preferred": 694.826904296875
        },
        "side": {
          "max": 520.0,
          "min": 0.0,
          "preferred": 177.8437957763672
        },
        "teammate": {
          "max": 307.430908203125,
          "min": 172.00210571289062,
          "preferred": 233.63180541992188
        }
      }
    },
    {
      "decisions": {
        "aggression": 0.6470000147819519,
        "forwardPassMinGain": 16.999500274658203,
        "markDistance": 69.98400115966797,
        "passChanceDefault": 0.09889999777078629,
        "passChanceForward": 0.021700000390410423,
        "passChancePressured": 0.179299995303154,
        "passChanceWing": 0.009999999776482582,
        "passDirDefensive": 0.2011999934911728,
        "passDirNeutral": 0.421099990606308,
        "passDirOffensive": 0.28769999742507935,
        "riskAppetite": 1.0,
        "shootProgressThreshold": 0.691100001335144,
        "tackleChance": 0.1745000034570694
      },
      "gk": null,
      "spatial": {
        "ball": {
          "max": 18.01289939880371,
          "min": 15.605899810791016,
          "preferred": 15.605899810791016
        },
        "opponent": {
          "max": 256.6412048339844,
          "min": 33.69969940185547,
          "preferred": 137.65499877929688
        },
        "ownGoal": {
          "max": 352.0097961425781,
          "min": 225.84869384765625,
          "preferred": 352.0097961425781
        },
        "side": {
          "max": 313.67059326171875,
          "min": 56.79520034790039,
          "preferred": 301.4202880859375
        },
        "teammate": {
          "max": 361.035400390625,
          "min": 67.24040222167969,
          "preferred": 116.0353012084961
        }
      }
    },
    {
      "decisions": {
        "aggression": 1.9249999523162842,
        "forwardPassMinGain": 16.75979995727539,
        "markDistance": 45.60820007324219,
        "passChanceDefault": 0.11069999635219574,
        "passChanceForward": 0.16019999980926514,
        "passChancePressured": 0.13249999284744263,
        "passChanceWing": 0.13289999961853027,
        "passDirDefensive": 1.8564000129699707,
        "passDirNeutral": 1.856600046157837,
        "passDirOffensive": 1.431399941444397,
        "riskAppetite": 1.0,
        "shootProgressThreshold": 0.7677000164985657,
        "tackleChance": 0.09059999883174896
      },
      "gk": null,
      "spatial": {
        "ball": {
          "max": 54.27560043334961,
          "min": 29.826900482177734,
          "preferred": 29.826900482177734
        },
        "opponent": {
          "max": 245.29730224609375,
          "min": 19.699100494384766,
          "preferred": 159.63900756835938
        },
        "ownGoal": {
          "max": 665.37890625,
          "min": 415.1047058105469,
          "preferred": 415.1047058105469
        },
        "side": {
          "max": 443.0491027832031,
          "min": 279.60101318359375,
          "preferred": 310.2237854003906
        },
        "teammate": {
          "max": 387.216796875,
          "min": 92.58159637451172,
          "preferred": 119.88269805908203
        }
      }
    },
    {
      "decisions": {
        "aggression": 1.815999984741211,
        "forwardPassMinGain": 10.222599983215332,
        "markDistance": 30.73189926147461,
        "passChanceDefault": 0.09920000284910202,
        "passChanceForward": 0.025699999183416367,
        "passChancePressured": 0.12240000069141388,
        "passChanceWing": 0.22059999406337738,
        "passDirDefensive": 0.14790000021457672,
        "passDirNeutral": 0.6115000247955322,
        "passDirOffensive": 0.7832000255584717,
        "riskAppetite": 0.09799999743700027,
        "shootProgressThreshold": 0.7075999975204468,
        "tackleChance": 0.043299999088048935
      },
      "gk": null,
      "spatial": {
        "ball": {
          "max": 474.9335021972656,
          "min": 90.44950103759766,
          "preferred": 344.7703857421875
        },
        "opponent": {
          "max": 270.42529296875,
          "min": 42.9723014831543,
          "preferred": 45.259700775146484
        },
        "ownGoal": {
          "max": 888.0272216796875,
          "min": 484.4939880371094,
          "preferred": 586.4299926757812
        },
        "side": {
          "max": 290.7737121582031,
          "min": 86.2229995727539,
          "preferred": 223.9385986328125
        },
        "teammate": {
          "max": 226.34719848632812,
          "min": 15.77970027923584,
          "preferred": 75.2571029663086
        }
      }
    },
    {
      "decisions": {
        "aggression": 1.041100025177002,
        "forwardPassMinGain": 0.0,
        "markDistance": 25.40169906616211,
        "passChanceDefault": 0.02669999934732914,
        "passChanceForward": 0.15389999747276306,
        "passChancePressured": 0.4000000059604645,
        "passChanceWing": 0.21170000731945038,
        "passDirDefensive": 0.5310999751091003,
        "passDirNeutral": 0.0,
        "passDirOffensive": 0.7997999787330627,
        "riskAppetite": 0.5960000157356262,
        "shootProgressThreshold": 0.6841999888420105,
        "tackleChance": 0.2078000009059906
      },
      "gk": {
        "gkDistributionZone": 0.43149998784065247,
        "gkDiveChance": 0.8446000218391418,
        "gkDiveCommitDist": 197.33450317382812,
        "gkPassTargetDist": 80.0,
        "gkRiskClearance": 0.47850000858306885
      },
      "spatial": {
        "ball": {
          "max": 568.837890625,
          "min": 522.57861328125,
          "preferred": 568.837890625
        },
        "opponent": {
          "max": 281.6890869140625,
          "min": 70.03040313720703,
          "preferred": 89.0968017578125
        },
        "ownGoal": {
          "max": 236.5648956298828,
          "min": 55.78459930419922,
          "preferred": 193.73199462890625
        },
        "side": {
          "max": 38.08380126953125,
          "min": 0.0,
          "preferred": 38.08380126953125
        },
        "teammate": {
          "max": 394.2077941894531,
          "min": 44.59550094604492,
          "preferred": 240.4541015625
        }
      }
    }
  ],
  "finishedAt": "2026-05-07T05:54:57Z",
  "gamesPerEpoch": 5000,
  "history": [
    {
      "accepted": false,
      "baselineAvgGoals": 7.623,
      "candidateAvgGoals": 7.389,
      "championEpoch": 0,
      "earlyStop": "indecisive",
      "elapsedMs": 373,
      "epoch": 1,
      "gamesRun": 175,
      "goalDiff": -41.0,
      "zScore": -0.491
    },
    {
      "accepted": false,
      "baselineAvgGoals": 7.17,
      "candidateAvgGoals": 7.42,
      "championEpoch": 0,
      "earlyStop": "indecisive",
      "elapsedMs": 404,
      "epoch": 2,