{
  "createdAt": "2026-05-05T09:15:51Z",
  "epoch": 0,
  "name": "epoch-000-baseline",
  "playerParams": [
    {
      "decisions": {
        "aggression": 1.8602999448776245,
        "forwardPassMinGain": 3.2090001106262207,
        "markDistance": 76.67030334472656,
        "passChanceDefault": 0.07240000367164612,
        "passChanceForward": 0.029200000688433647,
        "passChancePressured": 0.24709999561309814,
        "passChanceWing": 0.25,
        "passDirDefensive": 1.111299991607666,
        "passDirNeutral": 1.4972000122070312,
        "passDirOffensive": 0.7574999928474426,
        "riskAppetite": 0.5475999712944031,
        "shootProgressThreshold": 0.685699999332428,
        "tackleChance": 0.2199999988079071
      },
      "spatial": {
        "ball": {
          "max": 1.892699956893921,
          "min": 0.0,
          "preferred": 1.892699956893921
        },
        "opponent": {
          "max": 204.00079345703125,
          "min": 64.55979919433594,
          "preferred": 199.32789611816406
        },
        "ownGoal": {
          "max": 800.2872924804688,
          "min": 379.8721923828125,
          "preferred": 656.7719116210938
        },
        "side": {
          "max": 123.73819732666016,
          "min": 46.054901123046875,
          "preferred": 106.1343994140625
        },
        "teammate": {
          "max": 306.1482849121094,
          "min": 194.72950744628906,
          "preferred": 278.4975891113281
        }
      }
    },
    {
      "decisions": {
        "aggression": 1.6073999404907227,
        "forwardPassMinGain": 7.07390022277832,
        "markDistance": 25.0,
        "passChanceDefault": 0.12229999899864197,
        "passChanceForward": 0.043699998408555984,
        "passChancePressured": 0.019999999552965164,
        "passChanceWing": 0.059300001710653305,
        "passDirDefensive": 1.6723999977111816,
        "passDirNeutral": 0.16660000383853912,
        "passDirOffensive": 2.0,
        "riskAppetite": 0.3573000133037567,
        "shootProgressThreshold": 0.6789000034332275,
        "tackleChance": 0.09030000120401382
      },
      "spatial": {
        "ball": {
          "max": 593.9738159179688,
          "min": 0.0,
          "preferred": 113.5282974243164
        },
        "opponent": {
          "max": 342.9179992675781,
          "min": 0.0,
          "preferred": 59.014400482177734
        },
        "ownGoal": {
          "max": 347.4309997558594,
          "min": 115.3125991821289,
          "preferred": 252.06610107421875
        },
        "side": {
          "max": 344.7720031738281,
          "min": 120.910400390625,
          "preferred": 335.40521240234375
        },
        "teammate": {
          "max": 67.9135971069336,
          "min": 24.527599334716797,
          "preferred": 67.9135971069336
        }
      }
    },
    {
      "decisions": {
        "aggression": 1.061900019645691,
        "forwardPassMinGain": 3.9716999530792236,
        "markDistance": 32.90330123901367,
        "passChanceDefault": 0.20000000298023224,
        "passChanceForward": 0.04089999943971634,
        "passChancePressured": 0.33090001344680786,
        "passChanceWing": 0.07620000094175339,
        "passDirDefensive": 1.3812999725341797,
        "passDirNeutral": 0.11029999703168869,
        "passDirOffensive": 1.1073999404907227,
        "riskAppetite": 0.7142000198364258,
        "shootProgressThreshold": 0.5501999855041504,
        "tackleChance": 0.2199999988079071
      },
      "spatial": {
        "ball": {
          "max": 39.41389846801758,
          "min": 0.0,
          "preferred": 0.0
        },
        "opponent": {
          "max": 47.774200439453125,
          "min": 2.1010000705718994,
          "preferred": 27.870899200439453
        },
        "ownGoal": {
          "max": 616.1182861328125,
          "min": 44.549598693847656,
          "preferred": 440.64569091796875
        },
        "side": {
          "max": 491.3938903808594,
          "min": 292.86639404296875,
          "preferred": 419.23291015625
        },
        "teammate": {
          "max": 113.04940032958984,
          "min": 0.0,
          "preferred": 19.22920036315918
        }
      }
    },
    {
      "decisions": {
        "aggression": 1.9253000020980835,
        "forwardPassMinGain": 16.621200561523438,
        "markDistance": 64.40480041503906,
        "passChanceDefault": 0.1987999975681305,
        "passChanceForward": 0.0142000000923872,
        "passChancePressured": 0.11990000307559967,
        "passChanceWing": 0.009999999776482582,
        "passDirDefensive": 0.05739999935030937,
        "passDirNeutral": 1.5401999950408936,
        "passDirOffensive": 1.9093999862670898,
        "riskAppetite": 0.03480000048875809,
        "shootProgressThreshold": 0.550000011920929,
        "tackleChance": 0.08009999990463257
      },
      "spatial": {
        "ball": {
          "max": 42.93239974975586,
          "min": 26.298599243164062,
          "preferred": 26.298599243164062
        },
        "opponent": {
          "max": 79.65509796142578,
          "min": 16.61709976196289,
          "preferred": 79.65509796142578
        },
        "ownGoal": {
          "max": 451.972412109375,
          "min": 410.6979064941406,
          "preferred": 410.6979064941406
        },
        "side": {
          "max": 276.97601318359375,
          "min": 61.8135986328125,
          "preferred": 276.97601318359375
        },
        "teammate": {
          "max": 57.981300354003906,
          "min": 13.145600318908691,
          "preferred": 57.981300354003906
        }
      }
    },
    {
      "decisions": {
        "aggression": 1.6050000190734863,
        "forwardPassMinGain": 6.853899955749512,
        "markDistance": 25.0,
        "passChanceDefault": 0.09889999777078629,
        "passChanceForward": 0.006599999964237213,
        "passChancePressured": 0.14550000429153442,
        "passChanceWing": 0.18639999628067017,
        "passDirDefensive": 0.6901000142097473,
        "passDirNeutral": 1.4505000114440918,
        "passDirOffensive": 1.4881000518798828,
        "riskAppetite": 0.5724999904632568,
        "shootProgressThreshold": 0.8228999972343445,
        "tackleChance": 0.031700000166893005
      },
      "spatial": {
        "ball": {
          "max": 665.6246948242188,
          "min": 125.67970275878906,
          "preferred": 350.85308837890625
        },
        "opponent": {
          "max": 233.14430236816406,
          "min": 172.60369873046875,
          "preferred": 215.54420471191406
        },
        "ownGoal": {
          "max": 900.0,
          "min": 146.66659545898438,
          "preferred": 411.335205078125
        },
        "side": {
          "max": 327.0483093261719,
          "min": 209.60899353027344,
          "preferred": 209.60899353027344
        },
        "teammate": {
          "max": 389.8297119140625,
          "min": 125.5792007446289,
          "preferred": 330.5198059082031
        }
      }
    }
  ],
  "role": "initial-baseline",
  "session": "anneal-stage-3-5ep-50000g"
}
