{
  "accepted": false,
  "candidate": {
    "parameters": {
      "forwardPassMinGain": 18.0,
      "markDistance": 67.0,
      "passChanceDefault": 0.004999999888241291,
      "passChanceForward": 0.18000000715255737,
      "passChancePressured": 0.4000000059604645,
      "passChanceWing": 0.009999999776482582,
      "shootProgressThreshold": 0.8133999705314636,
      "tackleChance": 0.2199999988079071
    }
  },
  "championEpoch": 43,
  "championParameters": {
    "forwardPassMinGain": 18.0,
    "markDistance": 67.0,
    "passChanceDefault": 0.004999999888241291,
    "passChanceForward": 0.18000000715255737,
    "passChancePressured": 0.392300009727478,
    "passChanceWing": 0.009999999776482582,
    "shootProgressThreshold": 0.8133999705314636,
    "tackleChance": 0.2199999988079071
  },
  "createdAt": "2026-04-30T10:09:07Z",
  "epoch": 59,
  "evaluation": {
    "avgGoals": 12.42,
    "avgOutOfBounds": 0.01,
    "avgPasses": 127.9,
    "avgShots": 38.54,
    "avgTackles": 5.88,
    "baselineAvgGoals": 6.229,
    "candidateAvgGoals": 6.186,
    "candidateWon": false,
    "earlyStop": null,
    "elapsedMs": 2869,
    "games": 10000,
    "gamesPerSecond": 3485.54,
    "goalDiff": -433.0,
    "maxGames": 10000,
    "passCompletionRate": 0.9,
    "tackleSuccessRate": 1.0,
    "zScore": -0.666
  },
  "gamesPerEpoch": 10000,
  "name": "epoch-059",
  "opponent": {
    "parameters": {
      "forwardPassMinGain": 18.0,
      "markDistance": 67.0,
      "passChanceDefault": 0.004999999888241291,
      "passChanceForward": 0.18000000715255737,
      "passChancePressured": 0.392300009727478,
      "passChanceWing": 0.009999999776482582,
      "shootProgressThreshold": 0.8133999705314636,
      "tackleChance": 0.2199999988079071
    },
    "sourceEpoch": 43
  },
  "session": "session-7"
}
