{
  "accepted": false,
  "candidate": {
    "parameters": {
      "forwardPassMinGain": 18.0,
      "markDistance": 67.0,
      "passChanceDefault": 0.007199999876320362,
      "passChanceForward": 0.18000000715255737,
      "passChancePressured": 0.39969998598098755,
      "passChanceWing": 0.020099999383091927,
      "shootProgressThreshold": 0.8230000138282776,
      "tackleChance": 0.2199999988079071
    }
  },
  "championEpoch": 80,
  "championParameters": {
    "forwardPassMinGain": 18.0,
    "markDistance": 67.0,
    "passChanceDefault": 0.004999999888241291,
    "passChanceForward": 0.18000000715255737,
    "passChancePressured": 0.39969998598098755,
    "passChanceWing": 0.009999999776482582,
    "shootProgressThreshold": 0.8133999705314636,
    "tackleChance": 0.2199999988079071
  },
  "createdAt": "2026-04-30T10:09:59Z",
  "epoch": 88,
  "evaluation": {
    "avgGoals": 12.05,
    "avgOutOfBounds": 0.01,
    "avgPasses": 129.8,
    "avgShots": 39.02,
    "avgTackles": 5.75,
    "baselineAvgGoals": 6.115,
    "candidateAvgGoals": 5.932,
    "candidateWon": false,
    "earlyStop": "worse",
    "elapsedMs": 2173,
    "games": 7550,
    "gamesPerSecond": 3474.46,
    "goalDiff": -1384.0,
    "maxGames": 10000,
    "passCompletionRate": 0.903,
    "tackleSuccessRate": 1.0,
    "zScore": -2.51
  },
  "gamesPerEpoch": 10000,
  "name": "epoch-088",
  "opponent": {
    "parameters": {
      "forwardPassMinGain": 18.0,
      "markDistance": 67.0,
      "passChanceDefault": 0.004999999888241291,
      "passChanceForward": 0.18000000715255737,
      "passChancePressured": 0.39969998598098755,
      "passChanceWing": 0.009999999776482582,
      "shootProgressThreshold": 0.8133999705314636,
      "tackleChance": 0.2199999988079071
    },
    "sourceEpoch": 80
  },
  "session": "session-7"
}
