{
  "accepted": false,
  "candidate": {
    "parameters": {
      "forwardPassMinGain": 16.0,
      "markDistance": 66.0,
      "passChanceDefault": 0.004999999888241291,
      "passChanceForward": 0.15459999442100525,
      "passChancePressured": 0.4000000059604645,
      "passChanceWing": 0.009999999776482582,
      "shootProgressThreshold": 0.7835999727249146,
      "tackleChance": 0.2199999988079071
    }
  },
  "championEpoch": 22,
  "championParameters": {
    "forwardPassMinGain": 16.0,
    "markDistance": 67.0,
    "passChanceDefault": 0.004999999888241291,
    "passChanceForward": 0.15459999442100525,
    "passChancePressured": 0.4000000059604645,
    "passChanceWing": 0.009999999776482582,
    "shootProgressThreshold": 0.8133999705314636,
    "tackleChance": 0.2199999988079071
  },
  "createdAt": "2026-04-30T10:08:06Z",
  "epoch": 25,
  "evaluation": {
    "avgGoals": 5.24,
    "avgOutOfBounds": 0.0,
    "avgPasses": 110.18,
    "avgShots": 111.53,
    "avgTackles": 3.23,
    "baselineAvgGoals": 3.64,
    "candidateAvgGoals": 1.6,
    "candidateWon": false,
    "earlyStop": "worse",
    "elapsedMs": 39,
    "games": 100,
    "gamesPerSecond": 2564.1,
    "goalDiff": -204.0,
    "maxGames": 10000,
    "passCompletionRate": 0.955,
    "tackleSuccessRate": 1.0,
    "zScore": -5.643
  },
  "gamesPerEpoch": 10000,
  "name": "epoch-025",
  "opponent": {
    "parameters": {
      "forwardPassMinGain": 16.0,
      "markDistance": 67.0,
      "passChanceDefault": 0.004999999888241291,
      "passChanceForward": 0.15459999442100525,
      "passChancePressured": 0.4000000059604645,
      "passChanceWing": 0.009999999776482582,
      "shootProgressThreshold": 0.8133999705314636,
      "tackleChance": 0.2199999988079071
    },
    "sourceEpoch": 22
  },
  "session": "session-7"
}
