{
  "accepted": false,
  "candidate": {
    "parameters": {
      "forwardPassMinGain": 18.0,
      "markDistance": 67.0,
      "passChanceDefault": 0.016100000590085983,
      "passChanceForward": 0.18000000715255737,
      "passChancePressured": 0.39480000734329224,
      "passChanceWing": 0.009999999776482582,
      "shootProgressThreshold": 0.8133999705314636,
      "tackleChance": 0.18410000205039978
    }
  },
  "championEpoch": 80,
  "championParameters": {
    "forwardPassMinGain": 18.0,
    "markDistance": 67.0,
    "passChanceDefault": 0.004999999888241291,
    "passChanceForward": 0.18000000715255737,
    "passChancePressured": 0.39969998598098755,
    "passChanceWing": 0.009999999776482582,
    "shootProgressThreshold": 0.8133999705314636,
    "tackleChance": 0.2199999988079071
  },
  "createdAt": "2026-04-30T10:09:56Z",
  "epoch": 86,
  "evaluation": {
    "avgGoals": 12.42,
    "avgOutOfBounds": 0.01,
    "avgPasses": 128.3,
    "avgShots": 38.56,
    "avgTackles": 5.78,
    "baselineAvgGoals": 6.227,
    "candidateAvgGoals": 6.193,
    "candidateWon": false,
    "earlyStop": null,
    "elapsedMs": 2864,
    "games": 10000,
    "gamesPerSecond": 3491.62,
    "goalDiff": -347.0,
    "maxGames": 10000,
    "passCompletionRate": 0.901,
    "tackleSuccessRate": 1.0,
    "zScore": -0.529
  },
  "gamesPerEpoch": 10000,
  "name": "epoch-086",
  "opponent": {
    "parameters": {
      "forwardPassMinGain": 18.0,
      "markDistance": 67.0,
      "passChanceDefault": 0.004999999888241291,
      "passChanceForward": 0.18000000715255737,
      "passChancePressured": 0.39969998598098755,
      "passChanceWing": 0.009999999776482582,
      "shootProgressThreshold": 0.8133999705314636,
      "tackleChance": 0.2199999988079071
    },
    "sourceEpoch": 80
  },
  "session": "session-7"
}
