{
  "accepted": false,
  "candidate": {
    "parameters": {
      "forwardPassMinGain": 18.0,
      "markDistance": 70.0,
      "passChanceDefault": 0.004999999888241291,
      "passChanceForward": 0.17520000040531158,
      "passChancePressured": 0.39969998598098755,
      "passChanceWing": 0.02160000056028366,
      "shootProgressThreshold": 0.8133999705314636,
      "tackleChance": 0.2199999988079071
    }
  },
  "championEpoch": 80,
  "championParameters": {
    "forwardPassMinGain": 18.0,
    "markDistance": 67.0,
    "passChanceDefault": 0.004999999888241291,
    "passChanceForward": 0.18000000715255737,
    "passChancePressured": 0.39969998598098755,
    "passChanceWing": 0.009999999776482582,
    "shootProgressThreshold": 0.8133999705314636,
    "tackleChance": 0.2199999988079071
  },
  "createdAt": "2026-04-30T10:10:02Z",
  "epoch": 90,
  "evaluation": {
    "avgGoals": 12.22,
    "avgOutOfBounds": 0.01,
    "avgPasses": 128.53,
    "avgShots": 37.83,
    "avgTackles": 5.94,
    "baselineAvgGoals": 6.167,
    "candidateAvgGoals": 6.05,
    "candidateWon": false,
    "earlyStop": null,
    "elapsedMs": 2889,
    "games": 10000,
    "gamesPerSecond": 3461.41,
    "goalDiff": -1169.0,
    "maxGames": 10000,
    "passCompletionRate": 0.901,
    "tackleSuccessRate": 1.0,
    "zScore": -1.779
  },
  "gamesPerEpoch": 10000,
  "name": "epoch-090",
  "opponent": {
    "parameters": {
      "forwardPassMinGain": 18.0,
      "markDistance": 67.0,
      "passChanceDefault": 0.004999999888241291,
      "passChanceForward": 0.18000000715255737,
      "passChancePressured": 0.39969998598098755,
      "passChanceWing": 0.009999999776482582,
      "shootProgressThreshold": 0.8133999705314636,
      "tackleChance": 0.2199999988079071
    },
    "sourceEpoch": 80
  },
  "session": "session-7"
}
