{
  "accepted": false,
  "candidate": {
    "parameters": {
      "forwardPassMinGain": 16.0,
      "markDistance": 67.0,
      "passChanceDefault": 0.011900000274181366,
      "passChanceForward": 0.179299995303154,
      "passChancePressured": 0.4000000059604645,
      "passChanceWing": 0.009999999776482582,
      "shootProgressThreshold": 0.8181999921798706,
      "tackleChance": 0.2199999988079071
    }
  },
  "championEpoch": 22,
  "championParameters": {
    "forwardPassMinGain": 16.0,
    "markDistance": 67.0,
    "passChanceDefault": 0.004999999888241291,
    "passChanceForward": 0.15459999442100525,
    "passChancePressured": 0.4000000059604645,
    "passChanceWing": 0.009999999776482582,
    "shootProgressThreshold": 0.8133999705314636,
    "tackleChance": 0.2199999988079071
  },
  "createdAt": "2026-04-30T10:08:09Z",
  "epoch": 27,
  "evaluation": {
    "avgGoals": 12.23,
    "avgOutOfBounds": 0.01,
    "avgPasses": 128.31,
    "avgShots": 38.94,
    "avgTackles": 5.78,
    "baselineAvgGoals": 6.125,
    "candidateAvgGoals": 6.11,
    "candidateWon": false,
    "earlyStop": null,
    "elapsedMs": 2799,
    "games": 10000,
    "gamesPerSecond": 3572.7,
    "goalDiff": -147.0,
    "maxGames": 10000,
    "passCompletionRate": 0.901,
    "tackleSuccessRate": 1.0,
    "zScore": -0.228
  },
  "gamesPerEpoch": 10000,
  "name": "epoch-027",
  "opponent": {
    "parameters": {
      "forwardPassMinGain": 16.0,
      "markDistance": 67.0,
      "passChanceDefault": 0.004999999888241291,
      "passChanceForward": 0.15459999442100525,
      "passChancePressured": 0.4000000059604645,
      "passChanceWing": 0.009999999776482582,
      "shootProgressThreshold": 0.8133999705314636,
      "tackleChance": 0.2199999988079071
    },
    "sourceEpoch": 22
  },
  "session": "session-7"
}
