{
  "accepted": false,
  "candidate": {
    "parameters": {
      "forwardPassMinGain": 18.0,
      "markDistance": 67.0,
      "passChanceDefault": 0.004999999888241291,
      "passChanceForward": 0.18000000715255737,
      "passChancePressured": 0.36899998784065247,
      "passChanceWing": 0.009999999776482582,
      "shootProgressThreshold": 0.8083999752998352,
      "tackleChance": 0.21739999949932098
    }
  },
  "championEpoch": 93,
  "championParameters": {
    "forwardPassMinGain": 18.0,
    "markDistance": 67.0,
    "passChanceDefault": 0.004999999888241291,
    "passChanceForward": 0.18000000715255737,
    "passChancePressured": 0.36899998784065247,
    "passChanceWing": 0.009999999776482582,
    "shootProgressThreshold": 0.8133999705314636,
    "tackleChance": 0.21739999949932098
  },
  "createdAt": "2026-04-30T10:10:11Z",
  "epoch": 96,
  "evaluation": {
    "avgGoals": 12.45,
    "avgOutOfBounds": 0.01,
    "avgPasses": 127.49,
    "avgShots": 38.8,
    "avgTackles": 5.99,
    "baselineAvgGoals": 6.254,
    "candidateAvgGoals": 6.2,
    "candidateWon": false,
    "earlyStop": null,
    "elapsedMs": 2877,
    "games": 10000,
    "gamesPerSecond": 3475.84,
    "goalDiff": -549.0,
    "maxGames": 10000,
    "passCompletionRate": 0.903,
    "tackleSuccessRate": 1.0,
    "zScore": -0.846
  },
  "gamesPerEpoch": 10000,
  "name": "epoch-096",
  "opponent": {
    "parameters": {
      "forwardPassMinGain": 18.0,
      "markDistance": 67.0,
      "passChanceDefault": 0.004999999888241291,
      "passChanceForward": 0.18000000715255737,
      "passChancePressured": 0.36899998784065247,
      "passChanceWing": 0.009999999776482582,
      "shootProgressThreshold": 0.8133999705314636,
      "tackleChance": 0.21739999949932098
    },
    "sourceEpoch": 93
  },
  "session": "session-7"
}
