{
  "accepted": false,
  "candidate": {
    "parameters": {
      "forwardPassMinGain": 16.0,
      "markDistance": 70.0,
      "passChanceDefault": 0.004999999888241291,
      "passChanceForward": 0.18000000715255737,
      "passChancePressured": 0.392300009727478,
      "passChanceWing": 0.009999999776482582,
      "shootProgressThreshold": 0.8133999705314636,
      "tackleChance": 0.21690000593662262
    }
  },
  "championEpoch": 43,
  "championParameters": {
    "forwardPassMinGain": 18.0,
    "markDistance": 67.0,
    "passChanceDefault": 0.004999999888241291,
    "passChanceForward": 0.18000000715255737,
    "passChancePressured": 0.392300009727478,
    "passChanceWing": 0.009999999776482582,
    "shootProgressThreshold": 0.8133999705314636,
    "tackleChance": 0.2199999988079071
  },
  "createdAt": "2026-04-30T10:08:58Z",
  "epoch": 55,
  "evaluation": {
    "avgGoals": 12.4,
    "avgOutOfBounds": 0.01,
    "avgPasses": 125.93,
    "avgShots": 38.41,
    "avgTackles": 6.04,
    "baselineAvgGoals": 6.226,
    "candidateAvgGoals": 6.179,
    "candidateWon": false,
    "earlyStop": null,
    "elapsedMs": 2862,
    "games": 10000,
    "gamesPerSecond": 3494.06,
    "goalDiff": -466.0,
    "maxGames": 10000,
    "passCompletionRate": 0.898,
    "tackleSuccessRate": 1.0,
    "zScore": -0.705
  },
  "gamesPerEpoch": 10000,
  "name": "epoch-055",
  "opponent": {
    "parameters": {
      "forwardPassMinGain": 18.0,
      "markDistance": 67.0,
      "passChanceDefault": 0.004999999888241291,
      "passChanceForward": 0.18000000715255737,
      "passChancePressured": 0.392300009727478,
      "passChanceWing": 0.009999999776482582,
      "shootProgressThreshold": 0.8133999705314636,
      "tackleChance": 0.2199999988079071
    },
    "sourceEpoch": 43
  },
  "session": "session-7"
}
