{
  "accepted": false,
  "candidate": {
    "parameters": {
      "forwardPassMinGain": 18.0,
      "markDistance": 80.0,
      "passChanceDefault": 0.027799999341368675,
      "passChanceForward": 0.17499999701976776,
      "passChancePressured": 0.3817000091075897,
      "passChanceWing": 0.009999999776482582,
      "shootProgressThreshold": 0.8119000196456909,
      "tackleChance": 0.2199999988079071
    }
  },
  "championEpoch": 29,
  "championParameters": {
    "forwardPassMinGain": 18.0,
    "markDistance": 67.0,
    "passChanceDefault": 0.007899999618530273,
    "passChanceForward": 0.18000000715255737,
    "passChancePressured": 0.4000000059604645,
    "passChanceWing": 0.009999999776482582,
    "shootProgressThreshold": 0.8133999705314636,
    "tackleChance": 0.2199999988079071
  },
  "createdAt": "2026-04-30T10:08:24Z",
  "epoch": 38,
  "evaluation": {
    "avgGoals": 12.24,
    "avgOutOfBounds": 0.02,
    "avgPasses": 120.49,
    "avgShots": 37.97,
    "avgTackles": 6.39,
    "baselineAvgGoals": 6.565,
    "candidateAvgGoals": 5.672,
    "candidateWon": false,
    "earlyStop": "worse",
    "elapsedMs": 105,
    "games": 375,
    "gamesPerSecond": 3571.43,
    "goalDiff": -335.0,
    "maxGames": 10000,
    "passCompletionRate": 0.881,
    "tackleSuccessRate": 1.0,
    "zScore": -2.656
  },
  "gamesPerEpoch": 10000,
  "name": "epoch-038",
  "opponent": {
    "parameters": {
      "forwardPassMinGain": 18.0,
      "markDistance": 67.0,
      "passChanceDefault": 0.007899999618530273,
      "passChanceForward": 0.18000000715255737,
      "passChancePressured": 0.4000000059604645,
      "passChanceWing": 0.009999999776482582,
      "shootProgressThreshold": 0.8133999705314636,
      "tackleChance": 0.2199999988079071
    },
    "sourceEpoch": 29
  },
  "session": "session-7"
}
