{
  "accepted": false,
  "candidate": {
    "parameters": {
      "forwardPassMinGain": 18.0,
      "markDistance": 67.0,
      "passChanceDefault": 0.004999999888241291,
      "passChanceForward": 0.18000000715255737,
      "passChancePressured": 0.4000000059604645,
      "passChanceWing": 0.009999999776482582,
      "shootProgressThreshold": 0.8133999705314636,
      "tackleChance": 0.2199999988079071
    }
  },
  "championEpoch": 65,
  "championParameters": {
    "forwardPassMinGain": 18.0,
    "markDistance": 67.0,
    "passChanceDefault": 0.004999999888241291,
    "passChanceForward": 0.18000000715255737,
    "passChancePressured": 0.39969998598098755,
    "passChanceWing": 0.009999999776482582,
    "shootProgressThreshold": 0.8133999705314636,
    "tackleChance": 0.2199999988079071
  },
  "createdAt": "2026-04-30T10:09:40Z",
  "epoch": 75,
  "evaluation": {
    "avgGoals": 12.44,
    "avgOutOfBounds": 0.01,
    "avgPasses": 127.75,
    "avgShots": 38.52,
    "avgTackles": 5.86,
    "baselineAvgGoals": 6.219,
    "candidateAvgGoals": 6.217,
    "candidateWon": false,
    "earlyStop": null,
    "elapsedMs": 2872,
    "games": 10000,
    "gamesPerSecond": 3481.89,
    "goalDiff": -20.0,
    "maxGames": 10000,
    "passCompletionRate": 0.9,
    "tackleSuccessRate": 1.0,
    "zScore": -0.031
  },
  "gamesPerEpoch": 10000,
  "name": "epoch-075",
  "opponent": {
    "parameters": {
      "forwardPassMinGain": 18.0,
      "markDistance": 67.0,
      "passChanceDefault": 0.004999999888241291,
      "passChanceForward": 0.18000000715255737,
      "passChancePressured": 0.39969998598098755,
      "passChanceWing": 0.009999999776482582,
      "shootProgressThreshold": 0.8133999705314636,
      "tackleChance": 0.2199999988079071
    },
    "sourceEpoch": 65
  },
  "session": "session-7"
}
