{
  "accepted": true,
  "candidate": {
    "parameters": {
      "forwardPassMinGain": 18.0,
      "markDistance": 67.0,
      "passChanceDefault": 0.007899999618530273,
      "passChanceForward": 0.18000000715255737,
      "passChancePressured": 0.4000000059604645,
      "passChanceWing": 0.009999999776482582,
      "shootProgressThreshold": 0.8133999705314636,
      "tackleChance": 0.2199999988079071
    }
  },
  "championEpoch": 29,
  "championParameters": {
    "forwardPassMinGain": 18.0,
    "markDistance": 67.0,
    "passChanceDefault": 0.007899999618530273,
    "passChanceForward": 0.18000000715255737,
    "passChancePressured": 0.4000000059604645,
    "passChanceWing": 0.009999999776482582,
    "shootProgressThreshold": 0.8133999705314636,
    "tackleChance": 0.2199999988079071
  },
  "createdAt": "2026-04-30T10:08:15Z",
  "epoch": 29,
  "evaluation": {
    "avgGoals": 12.37,
    "avgOutOfBounds": 0.01,
    "avgPasses": 128.15,
    "avgShots": 38.66,
    "avgTackles": 5.8,
    "baselineAvgGoals": 6.164,
    "candidateAvgGoals": 6.208,
    "candidateWon": true,
    "earlyStop": null,
    "elapsedMs": 2819,
    "games": 10000,
    "gamesPerSecond": 3547.36,
    "goalDiff": 443.0,
    "maxGames": 10000,
    "passCompletionRate": 0.901,
    "tackleSuccessRate": 1.0,
    "zScore": 0.682
  },
  "gamesPerEpoch": 10000,
  "name": "epoch-029",
  "opponent": {
    "parameters": {
      "forwardPassMinGain": 16.0,
      "markDistance": 67.0,
      "passChanceDefault": 0.004999999888241291,
      "passChanceForward": 0.15459999442100525,
      "passChancePressured": 0.4000000059604645,
      "passChanceWing": 0.009999999776482582,
      "shootProgressThreshold": 0.8133999705314636,
      "tackleChance": 0.2199999988079071
    },
    "sourceEpoch": 22
  },
  "session": "session-7"
}
