{
  "accepted": false,
  "candidate": {
    "parameters": {
      "forwardPassMinGain": 17.0,
      "markDistance": 67.0,
      "passChanceDefault": 0.004999999888241291,
      "passChanceForward": 0.14920000731945038,
      "passChancePressured": 0.35679998993873596,
      "passChanceWing": 0.009999999776482582,
      "shootProgressThreshold": 0.8133999705314636,
      "tackleChance": 0.2199999988079071
    }
  },
  "championEpoch": 22,
  "championParameters": {
    "forwardPassMinGain": 16.0,
    "markDistance": 67.0,
    "passChanceDefault": 0.004999999888241291,
    "passChanceForward": 0.15459999442100525,
    "passChancePressured": 0.4000000059604645,
    "passChanceWing": 0.009999999776482582,
    "shootProgressThreshold": 0.8133999705314636,
    "tackleChance": 0.2199999988079071
  },
  "createdAt": "2026-04-30T10:08:12Z",
  "epoch": 28,
  "evaluation": {
    "avgGoals": 12.35,
    "avgOutOfBounds": 0.01,
    "avgPasses": 127.9,
    "avgShots": 38.83,
    "avgTackles": 5.85,
    "baselineAvgGoals": 6.187,
    "candidateAvgGoals": 6.162,
    "candidateWon": false,
    "earlyStop": null,
    "elapsedMs": 2832,
    "games": 10000,
    "gamesPerSecond": 3531.07,
    "goalDiff": -250.0,
    "maxGames": 10000,
    "passCompletionRate": 0.901,
    "tackleSuccessRate": 1.0,
    "zScore": -0.385
  },
  "gamesPerEpoch": 10000,
  "name": "epoch-028",
  "opponent": {
    "parameters": {
      "forwardPassMinGain": 16.0,
      "markDistance": 67.0,
      "passChanceDefault": 0.004999999888241291,
      "passChanceForward": 0.15459999442100525,
      "passChancePressured": 0.4000000059604645,
      "passChanceWing": 0.009999999776482582,
      "shootProgressThreshold": 0.8133999705314636,
      "tackleChance": 0.2199999988079071
    },
    "sourceEpoch": 22
  },
  "session": "session-7"
}
