{
  "accepted": false,
  "candidate": {
    "parameters": {
      "forwardPassMinGain": 16.0,
      "markDistance": 67.0,
      "passChanceDefault": 0.02979999966919422,
      "passChanceForward": 0.15459999442100525,
      "passChancePressured": 0.4000000059604645,
      "passChanceWing": 0.009999999776482582,
      "shootProgressThreshold": 0.8870999813079834,
      "tackleChance": 0.2053000032901764
    }
  },
  "championEpoch": 1,
  "championParameters": {
    "forwardPassMinGain": 16.0,
    "markDistance": 67.0,
    "passChanceDefault": 0.009800000116229057,
    "passChanceForward": 0.15459999442100525,
    "passChancePressured": 0.4000000059604645,
    "passChanceWing": 0.009999999776482582,
    "shootProgressThreshold": 0.8133999705314636,
    "tackleChance": 0.2053000032901764
  },
  "createdAt": "2026-04-30T10:07:35Z",
  "epoch": 3,
  "evaluation": {
    "avgGoals": 4.67,
    "avgOutOfBounds": 0.0,
    "avgPasses": 129.82,
    "avgShots": 75.44,
    "avgTackles": 6.12,
    "baselineAvgGoals": 3.6,
    "candidateAvgGoals": 1.07,
    "candidateWon": false,
    "earlyStop": "worse",
    "elapsedMs": 28,
    "games": 100,
    "gamesPerSecond": 3571.43,
    "goalDiff": -253.0,
    "maxGames": 10000,
    "passCompletionRate": 0.901,
    "tackleSuccessRate": 1.0,
    "zScore": -8.341
  },
  "gamesPerEpoch": 10000,
  "name": "epoch-003",
  "opponent": {
    "parameters": {
      "forwardPassMinGain": 16.0,
      "markDistance": 67.0,
      "passChanceDefault": 0.009800000116229057,
      "passChanceForward": 0.15459999442100525,
      "passChancePressured": 0.4000000059604645,
      "passChanceWing": 0.009999999776482582,
      "shootProgressThreshold": 0.8133999705314636,
      "tackleChance": 0.2053000032901764
    },
    "sourceEpoch": 1
  },
  "session": "session-7"
}
