{
  "accepted": false,
  "candidate": {
    "parameters": {
      "forwardPassMinGain": 18.0,
      "markDistance": 72.0,
      "passChanceDefault": 0.004999999888241291,
      "passChanceForward": 0.17319999635219574,
      "passChancePressured": 0.36250001192092896,
      "passChanceWing": 0.009999999776482582,
      "shootProgressThreshold": 0.8133999705314636,
      "tackleChance": 0.2199999988079071
    }
  },
  "championEpoch": 65,
  "championParameters": {
    "forwardPassMinGain": 18.0,
    "markDistance": 67.0,
    "passChanceDefault": 0.004999999888241291,
    "passChanceForward": 0.18000000715255737,
    "passChancePressured": 0.39969998598098755,
    "passChanceWing": 0.009999999776482582,
    "shootProgressThreshold": 0.8133999705314636,
    "tackleChance": 0.2199999988079071
  },
  "createdAt": "2026-04-30T10:09:45Z",
  "epoch": 79,
  "evaluation": {
    "avgGoals": 12.44,
    "avgOutOfBounds": 0.01,
    "avgPasses": 123.97,
    "avgShots": 38.72,
    "avgTackles": 6.13,
    "baselineAvgGoals": 6.323,
    "candidateAvgGoals": 6.116,
    "candidateWon": false,
    "earlyStop": "worse",
    "elapsedMs": 1859,
    "games": 6525,
    "gamesPerSecond": 3509.95,
    "goalDiff": -1352.0,
    "maxGames": 10000,
    "passCompletionRate": 0.897,
    "tackleSuccessRate": 1.0,
    "zScore": -2.507
  },
  "gamesPerEpoch": 10000,
  "name": "epoch-079",
  "opponent": {
    "parameters": {
      "forwardPassMinGain": 18.0,
      "markDistance": 67.0,
      "passChanceDefault": 0.004999999888241291,
      "passChanceForward": 0.18000000715255737,
      "passChancePressured": 0.39969998598098755,
      "passChanceWing": 0.009999999776482582,
      "shootProgressThreshold": 0.8133999705314636,
      "tackleChance": 0.2199999988079071
    },
    "sourceEpoch": 65
  },
  "session": "session-7"
}
