{
  "acceptedCount": 3,
  "acceptedEpochs": [
    1,
    5,
    8
  ],
  "averageEpochElapsedMs": 442,
  "bestGoalDiff": 230.0,
  "epochs": 20,
  "finalChampionEpoch": 8,
  "finalChampionPlayerParams": [
    {
      "decisions": {
        "aggression": 1.3547999858856201,
        "forwardPassMinGain": 14.717300415039062,
        "markDistance": 45.51110076904297,
        "passChanceDefault": 0.15410000085830688,
        "passChanceForward": 0.0706000030040741,
        "passChancePressured": 0.08290000259876251,
        "passChanceWing": 0.009999999776482582,
        "passDirDefensive": 1.6211999654769897,
        "passDirNeutral": 0.0,
        "passDirOffensive": 1.4772000312805176,
        "riskAppetite": 0.19449999928474426,
        "shootProgressThreshold": 0.8367000222206116,
        "tackleChance": 0.2199999988079071
      },
      "gk": null,
      "spatial": {
        "ball": {
          "max": 102.7938003540039,
          "min": 70.18370056152344,
          "preferred": 73.0614013671875
        },
        "opponent": {
          "max": 272.0798034667969,
          "min": 23.86210060119629,
          "preferred": 226.30929565429688
        },
        "ownGoal": {
          "max": 673.744384765625,
          "min": 575.7463989257812,
          "preferred": 673.744384765625
        },
        "side": {
          "max": 375.09869384765625,
          "min": 87.84919738769531,
          "preferred": 165.16650390625
        },
        "teammate": {
          "max": 261.7666931152344,
          "min": 217.92019653320312,
          "preferred": 248.4123992919922
        }
      }
    },
    {
      "decisions": {
        "aggression": 0.415800005197525,
        "forwardPassMinGain": 15.806099891662598,
        "markDistance": 45.15599822998047,
        "passChanceDefault": 0.06589999794960022,
        "passChanceForward": 0.03680000081658363,
        "passChancePressured": 0.20980000495910645,
        "passChanceWing": 0.009999999776482582,
        "passDirDefensive": 0.2766999900341034,
        "passDirNeutral": 0.46549999713897705,
        "passDirOffensive": 0.6887999773025513,
        "riskAppetite": 0.9175000190734863,
        "shootProgressThreshold": 0.6668999791145325,
        "tackleChance": 0.2152000069618225
      },
      "gk": null,
      "spatial": {
        "ball": {
          "max": 25.61590003967285,
          "min": 18.61210060119629,
          "preferred": 18.61210060119629
        },
        "opponent": {
          "max": 359.6671142578125,
          "min": 61.16510009765625,
          "preferred": 136.26119995117188
        },
        "ownGoal": {
          "max": 264.0881042480469,
          "min": 258.0548095703125,
          "preferred": 258.0548095703125
        },
        "side": {
          "max": 298.17449951171875,
          "min": 87.92990112304688,
          "preferred": 218.3240966796875
        },
        "teammate": {
          "max": 393.81988525390625,
          "min": 94.88849639892578,
          "preferred": 94.88849639892578
        }
      }
    },
    {
      "decisions": {
        "aggression": 1.8350000381469727,
        "forwardPassMinGain": 13.82859992980957,
        "markDistance": 59.359500885009766,
        "passChanceDefault": 0.1128000020980835,
        "passChanceForward": 0.1451999992132187,
        "passChancePressured": 0.16830000281333923,
        "passChanceWing": 0.08190000057220459,
        "passDirDefensive": 1.669600009918213,
        "passDirNeutral": 1.9256000518798828,
        "passDirOffensive": 1.3909000158309937,
        "riskAppetite": 0.8689000010490417,
        "shootProgressThreshold": 0.7439000010490417,
        "tackleChance": 0.13230000436306
      },
      "gk": null,
      "spatial": {
        "ball": {
          "max": 69.43170166015625,
          "min": 18.416400909423828,
          "preferred": 18.416400909423828
        },
        "opponent": {
          "max": 225.5673065185547,
          "min": 9.779199600219727,
          "preferred": 95.59329986572266
        },
        "ownGoal": {
          "max": 629.8012084960938,
          "min": 331.0683898925781,
          "preferred": 415.8293151855469
        },
        "side": {
          "max": 488.6051025390625,
          "min": 290.4473876953125,
          "preferred": 411.94140625
        },
        "teammate": {
          "max": 336.43359375,
          "min": 0.0,
          "preferred": 80.19149780273438
        }
      }
    },
    {
      "decisions": {
        "aggression": 1.8588999509811401,
        "forwardPassMinGain": 8.215100288391113,
        "markDistance": 30.33989906311035,
        "passChanceDefault": 0.06109999865293503,
        "passChanceForward": 0.048900000751018524,
        "passChancePressured": 0.1615000069141388,
        "passChanceWing": 0.18330000340938568,
        "passDirDefensive": 0.5425999760627747,
        "passDirNeutral": 0.5544000267982483,
        "passDirOffensive": 0.5640000104904175,
        "riskAppetite": 0.025499999523162842,
        "shootProgressThreshold": 0.5751000046730042,
        "tackleChance": 0.14239999651908875
      },
      "gk": null,
      "spatial": {
        "ball": {
          "max": 642.9863891601562,
          "min": 76.8677978515625,
          "preferred": 342.5989990234375
        },
        "opponent": {
          "max": 287.8434143066406,
          "min": 25.448400497436523,
          "preferred": 77.2157974243164
        },
        "ownGoal": {
          "max": 876.2697143554688,
          "min": 428.82879638671875,
          "preferred": 653.5953979492188
        },
        "side": {
          "max": 274.6445007324219,
          "min": 60.391700744628906,
          "preferred": 253.3350067138672
        },
        "teammate": {
          "max": 196.84820556640625,
          "min": 23.96179962158203,
          "preferred": 74.89949798583984
        }
      }
    },
    {
      "decisions": {
        "aggression": 0.9664000272750854,
        "forwardPassMinGain": 2.8208999633789062,
        "markDistance": 26.736499786376953,
        "passChanceDefault": 0.011300000362098217,
        "passChanceForward": 0.18000000715255737,
        "passChancePressured": 0.4000000059604645,
        "passChanceWing": 0.21279999613761902,
        "passDirDefensive": 0.5679000020027161,
        "passDirNeutral": 0.25609999895095825,
        "passDirOffensive": 1.4639999866485596,
        "riskAppetite": 0.48010000586509705,
        "shootProgressThreshold": 0.7480999827384949,
        "tackleChance": 0.21310000121593475
      },
      "gk": {
        "gkDistributionZone": 0.46470001339912415,
        "gkDiveChance": 0.8683000206947327,
        "gkDiveCommitDist": 152.13380432128906,
        "gkPassTargetDist": 80.74320220947266,
        "gkRiskClearance": 0.7753000259399414
      },
      "spatial": {
        "ball": {
          "max": 518.2446899414062,
          "min": 517.1885986328125,
          "preferred": 517.5466918945312
        },
        "opponent": {
          "max": 219.89990234375,
          "min": 174.68739318847656,
          "preferred": 212.65980529785156
        },
        "ownGoal": {
          "max": 279.97760009765625,
          "min": 47.4650993347168,
          "preferred": 118.99749755859375
        },
        "side": {
          "max": 124.2146987915039,
          "min": 50.1245002746582,
          "preferred": 70.11000061035156
        },
        "teammate": {
          "max": 365.49029541015625,
          "min": 39.670101165771484,
          "preferred": 251.97509765625
        }
      }
    }
  ],
  "finishedAt": "2026-05-07T06:14:42Z",
  "gamesPerEpoch": 5000,
  "history": [
    {
      "accepted": true,
      "baselineAvgGoals": 6.54,
      "candidateAvgGoals": 8.08,
      "championEpoch": 1,
      "earlyStop": "better",
      "elapsedMs": 181,
      "epoch": 1,
      "gamesRun": 100,
      "goalDiff": 154.0,
      "zScore": 3.707
    },
    {
      "accepted": false,
      "baselineAvgGoals": 7.244,
      "candidateAvgGoals": 7.429,