{
  "createdAt": "2026-05-06T01:39:38Z",
  "epoch": 0,
  "name": "epoch-000-baseline",
  "playerParams": [
    {
      "decisions": {
        "aggression": 0.16089999675750732,
        "forwardPassMinGain": 8.002300262451172,
        "markDistance": 34.20869827270508,
        "passChanceDefault": 0.14030000567436218,
        "passChanceForward": 0.18000000715255737,
        "passChancePressured": 0.3370000123977661,
        "passChanceWing": 0.06800000369548798,
        "passDirDefensive": 0.5153999924659729,
        "passDirNeutral": 1.24590003490448,
        "passDirOffensive": 2.0,
        "riskAppetite": 1.0,
        "shootProgressThreshold": 0.7454000115394592,
        "tackleChance": 0.07699999958276749
      },
      "gk": null,
      "spatial": {
        "ball": {
          "max": 82.33679962158203,
          "min": 39.47719955444336,
          "preferred": 39.47719955444336
        },
        "opponent": {
          "max": 291.7033996582031,
          "min": 0.5250999927520752,
          "preferred": 66.2426986694336
        },
        "ownGoal": {
          "max": 417.12750244140625,
          "min": 391.7557067871094,
          "preferred": 391.7557067871094
        },
        "side": {
          "max": 334.2738037109375,
          "min": 190.68589782714844,
          "preferred": 327.0328063964844
        },
        "teammate": {
          "max": 113.36620330810547,
          "min": 73.7208023071289,
          "preferred": 110.31780242919922
        }
      }
    },
    {
      "decisions": {
        "aggression": 1.6492999792099,
        "forwardPassMinGain": 9.734700202941895,
        "markDistance": 52.73469924926758,
        "passChanceDefault": 0.004999999888241291,
        "passChanceForward": 0.09279999881982803,
        "passChancePressured": 0.025499999523162842,
        "passChanceWing": 0.012199999764561653,
        "passDirDefensive": 0.520799994468689,
        "passDirNeutral": 0.9200999736785889,
        "passDirOffensive": 0.5799999833106995,
        "riskAppetite": 0.48829999566078186,
        "shootProgressThreshold": 0.5879999995231628,
        "tackleChance": 0.2013999968767166
      },
      "gk": null,
      "spatial": {
        "ball": {
          "max": 69.21289825439453,
          "min": 29.33930015563965,
          "preferred": 69.21289825439453
        },
        "opponent": {
          "max": 132.41250610351562,
          "min": 0.0,
          "preferred": 91.04019927978516
        },
        "ownGoal": {
          "max": 711.901611328125,
          "min": 8.746000289916992,
          "preferred": 354.73529052734375
        },
        "side": {
          "max": 427.0788879394531,
          "min": 161.9958953857422,
          "preferred": 271.4446105957031
        },
        "teammate": {
          "max": 235.535400390625,
          "min": 119.5562973022461,
          "preferred": 203.56430053710938
        }
      }
    },
    {
      "decisions": {
        "aggression": 1.2379000186920166,
        "forwardPassMinGain": 0.0,
        "markDistance": 31.062599182128906,
        "passChanceDefault": 0.11479999870061874,
        "passChanceForward": 0.05400000140070915,
        "passChancePressured": 0.028300000354647636,
        "passChanceWing": 0.147599995136261,
        "passDirDefensive": 0.30230000615119934,
        "passDirNeutral": 1.5927000045776367,
        "passDirOffensive": 1.9982999563217163,
        "riskAppetite": 0.7243000268936157,
        "shootProgressThreshold": 0.550000011920929,
        "tackleChance": 0.2092999964952469
      },
      "gk": null,
      "spatial": {
        "ball": {
          "max": 0.0,
          "min": 0.0,
          "preferred": 0.0
        },
        "opponent": {
          "max": 191.1802978515625,
          "min": 24.87689971923828,
          "preferred": 102.31230163574219
        },
        "ownGoal": {
          "max": 190.3175048828125,
          "min": 182.69970703125,
          "preferred": 182.69970703125
        },
        "side": {
          "max": 380.53271484375,
          "min": 230.54100036621094,
          "preferred": 253.8115997314453
        },
        "teammate": {
          "max": 375.62548828125,
          "min": 7.945799827575684,
          "preferred": 269.93939208984375
        }
      }
    },
    {
      "decisions": {
        "aggression": 1.5220999717712402,
        "forwardPassMinGain": 9.40719985961914,
        "markDistance": 32.60219955444336,
        "passChanceDefault": 0.06300000101327896,
        "passChanceForward": 0.08869999647140503,
        "passChancePressured": 0.37529999017715454,
        "passChanceWing": 0.1670999974012375,
        "passDirDefensive": 1.059499979019165,
        "passDirNeutral": 1.6366000175476074,
        "passDirOffensive": 1.4620000123977661,
        "riskAppetite": 0.8253999948501587,
        "shootProgressThreshold": 0.697700023651123,
        "tackleChance": 0.03590000048279762
      },
      "gk": null,
      "spatial": {
        "ball": {
          "max": 61.37699890136719,
          "min": 10.910499572753906,
          "preferred": 48.79079818725586
        },
        "opponent": {
          "max": 193.4199981689453,
          "min": 16.98979949951172,
          "preferred": 80.63719940185547
        },
        "ownGoal": {
          "max": 549.3112182617188,
          "min": 0.0,
          "preferred": 268.72479248046875
        },
        "side": {
          "max": 393.9873962402344,
          "min": 0.0,
          "preferred": 64.46759796142578
        },
        "teammate": {
          "max": 400.0,
          "min": 0.0,
          "preferred": 163.90130615234375
        }
      }
    },
    {
      "decisions": {
        "aggression": 0.8227999806404114,
        "forwardPassMinGain": 7.785299777984619,
        "markDistance": 77.96189880371094,
        "passChanceDefault": 0.043699998408555984,
        "passChanceForward": 0.022199999541044235,
        "passChancePressured": 0.34220001101493835,
        "passChanceWing": 0.19529999792575836,
        "passDirDefensive": 0.5604000091552734,
        "passDirNeutral": 1.8381999731063843,
        "passDirOffensive": 1.5464999675750732,
        "riskAppetite": 0.10530000180006027,
        "shootProgressThreshold": 0.5993000268936157,
        "tackleChance": 0.2199999988079071
      },
      "gk": {
        "gkDistributionZone": 0.3840000033378601,
        "gkDiveChance": 0.6258999705314636,
        "gkDiveCommitDist": 204.3282012939453,
        "gkPassTargetDist": 257.0180969238281,
        "gkRiskClearance": 0.5024999976158142
      },
      "spatial": {
        "ball": {
          "max": 508.2510070800781,
          "min": 457.6875915527344,
          "preferred": 508.2510070800781
        },
        "opponent": {
          "max": 127.75430297851562,
          "min": 53.66709899902344,
          "preferred": 108.2947006225586
        },
        "ownGoal": {
          "max": 181.56919860839844,
          "min": 122.68109893798828,
          "preferred": 181.56919860839844
        },
        "side": {
          "max": 496.80010986328125,
          "min": 395.0697937011719,
          "preferred": 395.0697937011719
        },
        "teammate": {
          "max": 400.0,
          "min": 113.1166000366211,
          "preferred": 203.2541046142578
        }
      }
    }
  ],
  "role": "initial-baseline",
  "session": "s12-anneal-stage-1-50ep-500g"
}
