{
  "name": "s5-anneal-stage-1-50ep-500g-best",
  "playerParams": [
    {
      "decisions": {
        "aggression": 1.3667000532150269,
        "forwardPassMinGain": 6.846399784088135,
        "markDistance": 77.72640228271484,
        "passChanceDefault": 0.07639999687671661,
        "passChanceForward": 0.018200000748038292,
        "passChancePressured": 0.4000000059604645,
        "passChanceWing": 0.06120000034570694,
        "passDirDefensive": 0.0,
        "passDirNeutral": 1.6527999639511108,
        "passDirOffensive": 1.0780999660491943,
        "riskAppetite": 0.8791999816894531,
        "shootProgressThreshold": 0.5889999866485596,
        "tackleChance": 0.08089999854564667
      },
      "gk": null,
      "spatial": {
        "ball": {
          "max": 456.3291931152344,
          "min": 0.0,
          "preferred": 180.9853057861328
        },
        "opponent": {
          "max": 237.5906982421875,
          "min": 3.9316999912261963,
          "preferred": 61.4452018737793
        },
        "ownGoal": {
          "max": 730.3682861328125,
          "min": 522.934814453125,
          "preferred": 553.5695190429688
        },
        "side": {
          "max": 278.28448486328125,
          "min": 167.89190673828125,
          "preferred": 274.5
        },
        "teammate": {
          "max": 356.0733947753906,
          "min": 157.8907012939453,
          "preferred": 158.2595977783203
        }
      }
    },
    {
      "decisions": {
        "aggression": 0.2395000010728836,
        "forwardPassMinGain": 14.682299613952637,
        "markDistance": 51.40420150756836,
        "passChanceDefault": 0.004999999888241291,
        "passChanceForward": 0.06859999895095825,
        "passChancePressured": 0.019999999552965164,
        "passChanceWing": 0.17329999804496765,
        "passDirDefensive": 0.0,
        "passDirNeutral": 1.592900037765503,
        "passDirOffensive": 1.4012000560760498,
        "riskAppetite": 0.31940001249313354,
        "shootProgressThreshold": 0.6791999936103821,
        "tackleChance": 0.2199999988079071
      },
      "gk": null,
      "spatial": {
        "ball": {
          "max": 32.02750015258789,
          "min": 0.0,
          "preferred": 0.0
        },
        "opponent": {
          "max": 113.3124008178711,
          "min": 40.55590057373047,
          "preferred": 113.3124008178711
        },
        "ownGoal": {
          "max": 871.4708862304688,
          "min": 71.03119659423828,
          "preferred": 184.7624053955078
        },
        "side": {
          "max": 364.434814453125,
          "min": 57.13850021362305,
          "preferred": 210.4217071533203
        },
        "teammate": {
          "max": 388.019287109375,
          "min": 203.3166046142578,
          "preferred": 335.9111022949219
        }
      }
    },
    {
      "decisions": {
        "aggression": 1.6888999938964844,
        "forwardPassMinGain": 12.825300216674805,
        "markDistance": 56.600399017333984,
        "passChanceDefault": 0.15299999713897705,
        "passChanceForward": 0.11829999834299088,
        "passChancePressured": 0.22179999947547913,
        "passChanceWing": 0.009999999776482582,
        "passDirDefensive": 0.3179999887943268,
        "passDirNeutral": 1.3276000022888184,
        "passDirOffensive": 1.981600046157837,
        "riskAppetite": 0.4884999990463257,
        "shootProgressThreshold": 0.8529000282287598,
        "tackleChance": 0.13899999856948853
      },
      "gk": null,
      "spatial": {
        "ball": {
          "max": 21.566999435424805,
          "min": 0.0,
          "preferred": 3.574899911880493
        },
        "opponent": {
          "max": 196.84890747070312,
          "min": 30.854400634765625,
          "preferred": 45.540401458740234
        },
        "ownGoal": {
          "max": 228.152099609375,
          "min": 180.66700744628906,
          "preferred": 207.58079528808594
        },
        "side": {
          "max": 328.08929443359375,
          "min": 275.6162109375,
          "preferred": 295.5101013183594
        },
        "teammate": {
          "max": 146.92019653320312,
          "min": 26.57080078125,
          "preferred": 128.70799255371094
        }
      }
    },
    {
      "decisions": {
        "aggression": 1.510599970817566,
        "forwardPassMinGain": 9.85319995880127,
        "markDistance": 36.10240173339844,
        "passChanceDefault": 0.1331000030040741,
        "passChanceForward": 0.016100000590085983,
        "passChancePressured": 0.21070000529289246,
        "passChanceWing": 0.15330000221729279,
        "passDirDefensive": 1.9091999530792236,
        "passDirNeutral": 0.883899986743927,
        "passDirOffensive": 1.250499963760376,
        "riskAppetite": 0.19660000503063202,
        "shootProgressThreshold": 0.7239000201225281,
        "tackleChance": 0.18160000443458557
      },
      "gk": null,
      "spatial": {
        "ball": {
          "max": 478.5465087890625,
          "min": 103.57170104980469,
          "preferred": 243.92919921875
        },
        "opponent": {
          "max": 383.9350891113281,
          "min": 88.6166000366211,
          "preferred": 205.36380004882812
        },
        "ownGoal": {
          "max": 452.5567932128906,
          "min": 330.9202880859375,
          "preferred": 425.909912109375
        },
        "side": {
          "max": 112.93550109863281,
          "min": 15.522899627685547,
          "preferred": 80.6364974975586
        },
        "teammate": {
          "max": 77.60209655761719,
          "min": 74.34880065917969,
          "preferred": 77.60209655761719
        }
      }
    },
    {
      "decisions": {
        "aggression": 0.5266000032424927,
        "forwardPassMinGain": 4.054900169372559,
        "markDistance": 78.98400115966797,
        "passChanceDefault": 0.20000000298023224,
        "passChanceForward": 0.04769999906420708,
        "passChancePressured": 0.3725999891757965,
        "passChanceWing": 0.18369999527931213,
        "passDirDefensive": 0.6363000273704529,
        "passDirNeutral": 0.325300008058548,
        "passDirOffensive": 1.3034000396728516,
        "riskAppetite": 0.9434000253677368,
        "shootProgressThreshold": 0.7803999781608582,
        "tackleChance": 0.07970000058412552
      },
      "gk": {
        "gkDistributionZone": 0.5213000178337097,
        "gkDiveChance": 1.0,
        "gkDiveCommitDist": 64.82080078125,
        "gkPassTargetDist": 226.54339599609375,
        "gkRiskClearance": 0.5054000020027161
      },
      "spatial": {
        "ball": {
          "max": 257.1023864746094,
          "min": 139.0019989013672,
          "preferred": 195.60879516601562
        },
        "opponent": {
          "max": 339.8275146484375,
          "min": 327.62908935546875,
          "preferred": 327.62908935546875
        },
        "ownGoal": {
          "max": 641.5155029296875,
          "min": 358.4383850097656,
          "preferred": 376.2244873046875
        },
        "side": {
          "max": 219.6981964111328,
          "min": 177.80569458007812,
          "preferred": 219.6981964111328
        },
        "teammate": {
          "max": 277.22698974609375,
          "min": 89.95349884033203,
          "preferred": 277.22698974609375
        }
      }
    }
  ],
  "sourceEpoch": 48,
  "sourceSession": "s5-anneal-stage-1-50ep-500g",
  "type": "team-policy-v6",
  "version": 1
}
