{
  "accepted": false,
  "candidate": {
    "parameters": {
      "forwardPassMinGain": 14.0,
      "markDistance": 66.0,
      "passChanceDefault": 0.01769999973475933,
      "passChanceForward": 0.17059999704360962,
      "passChancePressured": 0.4000000059604645,
      "passChanceWing": 0.009999999776482582,
      "shootProgressThreshold": 0.765500009059906,
      "tackleChance": 0.2199999988079071
    }
  },
  "championEpoch": 13,
  "championParameters": {
    "forwardPassMinGain": 14.0,
    "markDistance": 68.0,
    "passChanceDefault": 0.014399999752640724,
    "passChanceForward": 0.16259999573230743,
    "passChancePressured": 0.36899998784065247,
    "passChanceWing": 0.009999999776482582,
    "shootProgressThreshold": 0.8133999705314636,
    "tackleChance": 0.2199999988079071
  },
  "createdAt": "2026-04-30T10:25:13Z",
  "epoch": 16,
  "evaluation": {
    "avgGoals": 3.27,
    "avgOutOfBounds": 0.0,
    "avgPasses": 103.77,
    "avgShots": 135.32,
    "avgTackles": 2.37,
    "baselineAvgGoals": 2.43,
    "candidateAvgGoals": 0.84,
    "candidateWon": false,
    "earlyStop": "worse",
    "elapsedMs": 31,
    "games": 100,
    "gamesPerSecond": 3225.81,
    "goalDiff": -159.0,
    "maxGames": 10000,
    "passCompletionRate": 0.967,
    "tackleSuccessRate": 1.0,
    "zScore": -6.075
  },
  "gamesPerEpoch": 10000,
  "name": "epoch-016",
  "opponent": {
    "parameters": {
      "forwardPassMinGain": 14.0,
      "markDistance": 68.0,
      "passChanceDefault": 0.014399999752640724,
      "passChanceForward": 0.16259999573230743,
      "passChancePressured": 0.36899998784065247,
      "passChanceWing": 0.009999999776482582,
      "shootProgressThreshold": 0.8133999705314636,
      "tackleChance": 0.2199999988079071
    },
    "sourceEpoch": 13
  },
  "session": "session-9"
}
