{
  "accepted": false,
  "candidate": {
    "parameters": {
      "forwardPassMinGain": 16.0,
      "markDistance": 73.0,
      "passChanceDefault": 0.07000000029802322,
      "passChanceForward": 0.18000000715255737,
      "passChancePressured": 0.3986000120639801,
      "passChanceWing": 0.009999999776482582,
      "shootProgressThreshold": 0.8870999813079834,
      "tackleChance": 0.20409999787807465
    }
  },
  "championEpoch": 99,
  "championParameters": {
    "forwardPassMinGain": 17.0,
    "markDistance": 68.0,
    "passChanceDefault": 0.07000000029802322,
    "passChanceForward": 0.18000000715255737,
    "passChancePressured": 0.4000000059604645,
    "passChanceWing": 0.009999999776482582,
    "shootProgressThreshold": 0.8080999851226807,
    "tackleChance": 0.21480000019073486
  },
  "createdAt": "2026-04-30T10:27:46Z",
  "epoch": 100,
  "evaluation": {
    "avgGoals": 5.38,
    "avgOutOfBounds": 0.0,
    "avgPasses": 127.19,
    "avgShots": 70.34,
    "avgTackles": 6.25,
    "baselineAvgGoals": 4.29,
    "candidateAvgGoals": 1.09,
    "candidateWon": false,
    "earlyStop": "worse",
    "elapsedMs": 29,
    "games": 100,
    "gamesPerSecond": 3448.28,
    "goalDiff": -320.0,
    "maxGames": 10000,
    "passCompletionRate": 0.898,
    "tackleSuccessRate": 1.0,
    "zScore": -8.443
  },
  "gamesPerEpoch": 10000,
  "name": "epoch-100",
  "opponent": {
    "parameters": {
      "forwardPassMinGain": 17.0,
      "markDistance": 68.0,
      "passChanceDefault": 0.07000000029802322,
      "passChanceForward": 0.18000000715255737,
      "passChancePressured": 0.4000000059604645,
      "passChanceWing": 0.009999999776482582,
      "shootProgressThreshold": 0.8080999851226807,
      "tackleChance": 0.21480000019073486
    },
    "sourceEpoch": 99
  },
  "session": "session-9"
}
