{
  "accepted": true,
  "candidate": {
    "parameters": {
      "forwardPassMinGain": 14.0,
      "markDistance": 68.0,
      "passChanceDefault": 0.014399999752640724,
      "passChanceForward": 0.16259999573230743,
      "passChancePressured": 0.36899998784065247,
      "passChanceWing": 0.009999999776482582,
      "shootProgressThreshold": 0.8133999705314636,
      "tackleChance": 0.2199999988079071
    }
  },
  "championEpoch": 13,
  "championParameters": {
    "forwardPassMinGain": 14.0,
    "markDistance": 68.0,
    "passChanceDefault": 0.014399999752640724,
    "passChanceForward": 0.16259999573230743,
    "passChancePressured": 0.36899998784065247,
    "passChanceWing": 0.009999999776482582,
    "shootProgressThreshold": 0.8133999705314636,
    "tackleChance": 0.2199999988079071
  },
  "createdAt": "2026-04-30T10:25:09Z",
  "epoch": 13,
  "evaluation": {
    "avgGoals": 12.25,
    "avgOutOfBounds": 0.01,
    "avgPasses": 128.58,
    "avgShots": 38.14,
    "avgTackles": 5.87,
    "baselineAvgGoals": 6.106,
    "candidateAvgGoals": 6.143,
    "candidateWon": true,
    "earlyStop": null,
    "elapsedMs": 2819,
    "games": 10000,
    "gamesPerSecond": 3547.36,
    "goalDiff": 368.0,
    "maxGames": 10000,
    "passCompletionRate": 0.902,
    "tackleSuccessRate": 1.0,
    "zScore": 0.568
  },
  "gamesPerEpoch": 10000,
  "name": "epoch-013",
  "opponent": {
    "parameters": {
      "forwardPassMinGain": 13.0,
      "markDistance": 68.0,
      "passChanceDefault": 0.014399999752640724,
      "passChanceForward": 0.17499999701976776,
      "passChancePressured": 0.36899998784065247,
      "passChanceWing": 0.009999999776482582,
      "shootProgressThreshold": 0.8133999705314636,
      "tackleChance": 0.2199999988079071
    },
    "sourceEpoch": 10
  },
  "session": "session-9"
}
