{
  "accepted": false,
  "candidate": {
    "parameters": {
      "forwardPassMinGain": 7.0,
      "markDistance": 44.0,
      "passChanceDefault": 0.054999999701976776,
      "passChanceForward": 0.05999999865889549,
      "passChancePressured": 0.18639999628067017,
      "passChanceWing": 0.07000000029802322,
      "shootProgressThreshold": 0.775600016117096,
      "tackleChance": 0.07999999821186066
    }
  },
  "championEpoch": 0,
  "championParameters": {
    "forwardPassMinGain": 8.0,
    "markDistance": 48.0,
    "passChanceDefault": 0.054999999701976776,
    "passChanceForward": 0.03999999910593033,
    "passChancePressured": 0.1599999964237213,
    "passChanceWing": 0.07000000029802322,
    "shootProgressThreshold": 0.7599999904632568,
    "tackleChance": 0.07999999821186066
  },
  "createdAt": "2026-04-30T09:26:16Z",
  "epoch": 11,
  "evaluation": {
    "avgGoals": 2.25,
    "avgOutOfBounds": 0.0,
    "avgPasses": 140.48,
    "avgShots": 97.92,
    "avgTackles": 1.63,
    "baselineAvgGoals": 1.43,
    "candidateAvgGoals": 0.82,
    "candidateWon": false,
    "earlyStop": "worse",
    "elapsedMs": 45,
    "games": 100,
    "gamesPerSecond": 2222.22,
    "goalDiff": -61.0,
    "maxGames": 1000,
    "passCompletionRate": 0.98,
    "tackleSuccessRate": 1.0,
    "zScore": -4.211
  },
  "gamesPerEpoch": 1000,
  "name": "epoch-011",
  "opponent": {
    "parameters": {
      "forwardPassMinGain": 8.0,
      "markDistance": 48.0,
      "passChanceDefault": 0.054999999701976776,
      "passChanceForward": 0.03999999910593033,
      "passChancePressured": 0.1599999964237213,
      "passChanceWing": 0.07000000029802322,
      "shootProgressThreshold": 0.7599999904632568,
      "tackleChance": 0.07999999821186066
    },
    "sourceEpoch": 0
  },
  "session": "session-2"
}
