{
  "accepted": false,
  "candidate": {
    "parameters": {
      "forwardPassMinGain": 8.0,
      "markDistance": 47.0,
      "passChanceDefault": 0.01759999990463257,
      "passChanceForward": 0.029500000178813934,
      "passChancePressured": 0.1429000049829483,
      "passChanceWing": 0.07000000029802322,
      "shootProgressThreshold": 0.7886999845504761,
      "tackleChance": 0.06400000303983688
    }
  },
  "championEpoch": 0,
  "championParameters": {
    "forwardPassMinGain": 8.0,
    "markDistance": 48.0,
    "passChanceDefault": 0.054999999701976776,
    "passChanceForward": 0.03999999910593033,
    "passChancePressured": 0.1599999964237213,
    "passChanceWing": 0.07000000029802322,
    "shootProgressThreshold": 0.7599999904632568,
    "tackleChance": 0.07999999821186066
  },
  "createdAt": "2026-04-30T09:26:15Z",
  "epoch": 5,
  "evaluation": {
    "avgGoals": 3.23,
    "avgOutOfBounds": 0.0,
    "avgPasses": 148.8,
    "avgShots": 82.26,
    "avgTackles": 2.06,
    "baselineAvgGoals": 1.93,
    "candidateAvgGoals": 1.3,
    "candidateWon": false,
    "earlyStop": "worse",
    "elapsedMs": 30,
    "games": 100,
    "gamesPerSecond": 3333.33,
    "goalDiff": -63.0,
    "maxGames": 1000,
    "passCompletionRate": 0.973,
    "tackleSuccessRate": 1.0,
    "zScore": -3.497
  },
  "gamesPerEpoch": 1000,
  "name": "epoch-005",
  "opponent": {
    "parameters": {
      "forwardPassMinGain": 8.0,
      "markDistance": 48.0,
      "passChanceDefault": 0.054999999701976776,
      "passChanceForward": 0.03999999910593033,
      "passChancePressured": 0.1599999964237213,
      "passChanceWing": 0.07000000029802322,
      "shootProgressThreshold": 0.7599999904632568,
      "tackleChance": 0.07999999821186066
    },
    "sourceEpoch": 0
  },
  "session": "session-2"
}
