{
  "accepted": false,
  "candidate": {
    "parameters": {
      "forwardPassMinGain": 8.0,
      "markDistance": 52.0,
      "passChanceDefault": 0.054999999701976776,
      "passChanceForward": 0.03999999910593033,
      "passChancePressured": 0.1599999964237213,
      "passChanceWing": 0.09539999812841415,
      "shootProgressThreshold": 0.7206000089645386,
      "tackleChance": 0.07999999821186066
    }
  },
  "championEpoch": 0,
  "championParameters": {
    "forwardPassMinGain": 8.0,
    "markDistance": 48.0,
    "passChanceDefault": 0.054999999701976776,
    "passChanceForward": 0.03999999910593033,
    "passChancePressured": 0.1599999964237213,
    "passChanceWing": 0.07000000029802322,
    "shootProgressThreshold": 0.7599999904632568,
    "tackleChance": 0.07999999821186066
  },
  "createdAt": "2026-04-30T09:26:16Z",
  "epoch": 14,
  "evaluation": {
    "avgGoals": 2.53,
    "avgOutOfBounds": 0.0,
    "avgPasses": 155.02,
    "avgShots": 73.85,
    "avgTackles": 3.28,
    "baselineAvgGoals": 2.39,
    "candidateAvgGoals": 0.14,
    "candidateWon": false,
    "earlyStop": "worse",
    "elapsedMs": 33,
    "games": 100,
    "gamesPerSecond": 3030.3,
    "goalDiff": -225.0,
    "maxGames": 1000,
    "passCompletionRate": 0.942,
    "tackleSuccessRate": 1.0,
    "zScore": -16.209
  },
  "gamesPerEpoch": 1000,
  "name": "epoch-014",
  "opponent": {
    "parameters": {
      "forwardPassMinGain": 8.0,
      "markDistance": 48.0,
      "passChanceDefault": 0.054999999701976776,
      "passChanceForward": 0.03999999910593033,
      "passChancePressured": 0.1599999964237213,
      "passChanceWing": 0.07000000029802322,
      "shootProgressThreshold": 0.7599999904632568,
      "tackleChance": 0.07999999821186066
    },
    "sourceEpoch": 0
  },
  "session": "session-2"
}
