{
  "accepted": false,
  "candidate": {
    "parameters": {
      "forwardPassMinGain": 8.0,
      "markDistance": 49.0,
      "passChanceDefault": 0.046799998730421066,
      "passChanceForward": 0.04580000042915344,
      "passChancePressured": 0.1599999964237213,
      "passChanceWing": 0.03319999948143959,
      "shootProgressThreshold": 0.7972999811172485,
      "tackleChance": 0.12060000002384186
    }
  },
  "championEpoch": 26,
  "championParameters": {
    "forwardPassMinGain": 8.0,
    "markDistance": 52.0,
    "passChanceDefault": 0.054999999701976776,
    "passChanceForward": 0.04580000042915344,
    "passChancePressured": 0.1599999964237213,
    "passChanceWing": 0.029200000688433647,
    "shootProgressThreshold": 0.7972999811172485,
    "tackleChance": 0.12060000002384186
  },
  "createdAt": "2026-04-30T09:26:18Z",
  "epoch": 79,
  "evaluation": {
    "avgGoals": 8.18,
    "avgOutOfBounds": 0.0,
    "avgPasses": 146.07,
    "avgShots": 59.59,
    "avgTackles": 3.96,
    "baselineAvgGoals": 4.48,
    "candidateAvgGoals": 3.7,
    "candidateWon": false,
    "earlyStop": "worse",
    "elapsedMs": 29,
    "games": 100,
    "gamesPerSecond": 3448.28,
    "goalDiff": -78.0,
    "maxGames": 1000,
    "passCompletionRate": 0.938,
    "tackleSuccessRate": 1.0,
    "zScore": -2.923
  },
  "gamesPerEpoch": 1000,
  "name": "epoch-079",
  "opponent": {
    "parameters": {
      "forwardPassMinGain": 8.0,
      "markDistance": 52.0,
      "passChanceDefault": 0.054999999701976776,
      "passChanceForward": 0.04580000042915344,
      "passChancePressured": 0.1599999964237213,
      "passChanceWing": 0.029200000688433647,
      "shootProgressThreshold": 0.7972999811172485,
      "tackleChance": 0.12060000002384186
    },
    "sourceEpoch": 26
  },
  "session": "session-2"
}
