{
  "createdAt": "2026-05-06T18:03:50Z",
  "epoch": 0,
  "name": "epoch-000-baseline",
  "playerParams": [
    {
      "decisions": {
        "aggression": 1.2197999954223633,
        "forwardPassMinGain": 13.621899604797363,
        "markDistance": 81.1530990600586,
        "passChanceDefault": 0.1251000016927719,
        "passChanceForward": 0.08889999985694885,
        "passChancePressured": 0.07689999788999557,
        "passChanceWing": 0.1703999936580658,
        "passDirDefensive": 0.10260000079870224,
        "passDirNeutral": 1.736899971961975,
        "passDirOffensive": 0.4108000099658966,
        "riskAppetite": 0.9222999811172485,
        "shootProgressThreshold": 0.6990000009536743,
        "tackleChance": 0.07339999824762344
      },
      "gk": null,
      "spatial": {
        "ball": {
          "max": 535.1519165039062,
          "min": 26.882099151611328,
          "preferred": 434.62109375
        },
        "opponent": {
          "max": 303.3692932128906,
          "min": 93.62419891357422,
          "preferred": 185.41700744628906
        },
        "ownGoal": {
          "max": 759.5714111328125,
          "min": 695.7775268554688,
          "preferred": 695.7775268554688
        },
        "side": {
          "max": 239.2028045654297,
          "min": 228.91839599609375,
          "preferred": 228.91839599609375
        },
        "teammate": {
          "max": 400.0,
          "min": 179.99130249023438,
          "preferred": 307.46600341796875
        }
      }
    },
    {
      "decisions": {
        "aggression": 0.5181000232696533,
        "forwardPassMinGain": 18.0,
        "markDistance": 65.03579711914062,
        "passChanceDefault": 0.013799999840557575,
        "passChanceForward": 0.04859999939799309,
        "passChancePressured": 0.1477999985218048,
        "passChanceWing": 0.17059999704360962,
        "passDirDefensive": 0.06830000132322311,
        "passDirNeutral": 1.7273000478744507,
        "passDirOffensive": 0.6258000135421753,
        "riskAppetite": 0.7674999833106995,
        "shootProgressThreshold": 0.8738999962806702,
        "tackleChance": 0.08959999680519104
      },
      "gk": null,
      "spatial": {
        "ball": {
          "max": 20.82469940185547,
          "min": 0.0,
          "preferred": 20.118099212646484
        },
        "opponent": {
          "max": 67.48179626464844,
          "min": 2.303299903869629,
          "preferred": 47.682899475097656
        },
        "ownGoal": {
          "max": 657.5451049804688,
          "min": 11.384599685668945,
          "preferred": 102.00789642333984
        },
        "side": {
          "max": 386.3811950683594,
          "min": 136.5413055419922,
          "preferred": 212.28829956054688
        },
        "teammate": {
          "max": 287.0184020996094,
          "min": 184.80490112304688,
          "preferred": 265.7992858886719
        }
      }
    },
    {
      "decisions": {
        "aggression": 1.905900001525879,
        "forwardPassMinGain": 14.739399909973145,
        "markDistance": 44.34400177001953,
        "passChanceDefault": 0.1535000056028366,
        "passChanceForward": 0.16689999401569366,
        "passChancePressured": 0.2143000066280365,
        "passChanceWing": 0.01850000023841858,
        "passDirDefensive": 0.28949999809265137,
        "passDirNeutral": 1.544100046157837,
        "passDirOffensive": 1.2922999858856201,
        "riskAppetite": 0.22210000455379486,
        "shootProgressThreshold": 0.7491999864578247,
        "tackleChance": 0.1485999971628189
      },
      "gk": null,
      "spatial": {
        "ball": {
          "max": 3.4660000801086426,
          "min": 0.0,
          "preferred": 3.4660000801086426
        },
        "opponent": {
          "max": 354.08099365234375,
          "min": 8.288800239562988,
          "preferred": 176.2364044189453
        },
        "ownGoal": {
          "max": 292.668701171875,
          "min": 151.74009704589844,
          "preferred": 151.74009704589844
        },
        "side": {
          "max": 390.0555114746094,
          "min": 192.72279357910156,
          "preferred": 390.0555114746094
        },
        "teammate": {
          "max": 135.4040069580078,
          "min": 24.304800033569336,
          "preferred": 67.11100006103516
        }
      }
    },
    {
      "decisions": {
        "aggression": 0.7714999914169312,
        "forwardPassMinGain": 16.457199096679688,
        "markDistance": 44.561798095703125,
        "passChanceDefault": 0.1412000060081482,
        "passChanceForward": 0.009100000374019146,
        "passChancePressured": 0.05849999934434891,
        "passChanceWing": 0.17309999465942383,
        "passDirDefensive": 1.9390000104904175,
        "passDirNeutral": 1.722100019454956,
        "passDirOffensive": 1.1190999746322632,
        "riskAppetite": 0.02019999921321869,
        "shootProgressThreshold": 0.6646000146865845,
        "tackleChance": 0.2199999988079071
      },
      "gk": null,
      "spatial": {
        "ball": {
          "max": 660.647216796875,
          "min": 152.44149780273438,
          "preferred": 152.44149780273438
        },
        "opponent": {
          "max": 338.7756042480469,
          "min": 76.63770294189453,
          "preferred": 337.2318115234375
        },
        "ownGoal": {
          "max": 369.9689025878906,
          "min": 147.8065948486328,
          "preferred": 304.55560302734375
        },
        "side": {
          "max": 229.27749633789062,
          "min": 51.338600158691406,
          "preferred": 224.956298828125
        },
        "teammate": {
          "max": 151.3123016357422,
          "min": 91.30159759521484,
          "preferred": 91.30159759521484
        }
      }
    },
    {
      "decisions": {
        "aggression": 0.5266000032424927,
        "forwardPassMinGain": 4.054900169372559,
        "markDistance": 78.98400115966797,
        "passChanceDefault": 0.20000000298023224,
        "passChanceForward": 0.04769999906420708,
        "passChancePressured": 0.3725999891757965,
        "passChanceWing": 0.18369999527931213,
        "passDirDefensive": 0.6363000273704529,
        "passDirNeutral": 0.325300008058548,
        "passDirOffensive": 1.3034000396728516,
        "riskAppetite": 0.9434000253677368,
        "shootProgressThreshold": 0.7803999781608582,
        "tackleChance": 0.07970000058412552
      },
      "gk": {
        "gkDistributionZone": 0.6146000027656555,
        "gkDiveChance": 0.9010999798774719,
        "gkDiveCommitDist": 114.78369903564453,
        "gkPassTargetDist": 95.43779754638672,
        "gkRiskClearance": 0.1005999967455864
      },
      "spatial": {
        "ball": {
          "max": 442.3482971191406,
          "min": 0.0,
          "preferred": 30.844600677490234
        },
        "opponent": {
          "max": 379.6329040527344,
          "min": 333.4991149902344,
          "preferred": 333.4991149902344
        },
        "ownGoal": {
          "max": 557.7664184570312,
          "min": 347.9258117675781,
          "preferred": 528.6802978515625
        },
        "side": {
          "max": 256.4657897949219,
          "min": 218.61959838867188,
          "preferred": 229.78570556640625
        },
        "teammate": {
          "max": 242.89109802246094,
          "min": 162.5157928466797,
          "preferred": 229.1002960205078
        }
      }
    }
  ],
  "role": "initial-baseline",
  "session": "anneal-stage-1-2000ep-500g"
}
