{
  "accepted": false,
  "candidate": {
    "parameters": {
      "forwardPassMinGain": 17.0,
      "markDistance": 71.0,
      "passChanceDefault": 0.11879999935626984,
      "passChanceForward": 0.08900000154972076,
      "passChancePressured": 0.4000000059604645,
      "passChanceWing": 0.016200000420212746,
      "shootProgressThreshold": 0.8080999851226807,
      "tackleChance": 0.2012999951839447
    }
  },
  "championEpoch": 88,
  "championParameters": {
    "forwardPassMinGain": 17.0,
    "markDistance": 70.0,
    "passChanceDefault": 0.11159999668598175,
    "passChanceForward": 0.10360000282526016,
    "passChancePressured": 0.4000000059604645,
    "passChanceWing": 0.016200000420212746,
    "shootProgressThreshold": 0.8080999851226807,
    "tackleChance": 0.2012999951839447
  },
  "createdAt": "2026-04-30T09:57:36Z",
  "epoch": 93,
  "evaluation": {
    "avgGoals": 11.51,
    "avgOutOfBounds": 0.01,
    "avgPasses": 131.3,
    "avgShots": 38.2,
    "avgTackles": 6.01,
    "baselineAvgGoals": 5.778,
    "candidateAvgGoals": 5.729,
    "candidateWon": false,
    "earlyStop": null,
    "elapsedMs": 276,
    "games": 1000,
    "gamesPerSecond": 3623.19,
    "goalDiff": -49.0,
    "maxGames": 1000,
    "passCompletionRate": 0.91,
    "tackleSuccessRate": 1.0,
    "zScore": -0.248
  },
  "gamesPerEpoch": 1000,
  "name": "epoch-093",
  "opponent": {
    "parameters": {
      "forwardPassMinGain": 17.0,
      "markDistance": 70.0,
      "passChanceDefault": 0.11159999668598175,
      "passChanceForward": 0.10360000282526016,
      "passChancePressured": 0.4000000059604645,
      "passChanceWing": 0.016200000420212746,
      "shootProgressThreshold": 0.8080999851226807,
      "tackleChance": 0.2012999951839447
    },
    "sourceEpoch": 88
  },
  "session": "session-3"
}
