{
  "accepted": false,
  "candidate": {
    "parameters": {
      "forwardPassMinGain": 9.0,
      "markDistance": 64.0,
      "passChanceDefault": 0.046300001442432404,
      "passChanceForward": 0.030300000682473183,
      "passChancePressured": 0.3553999960422516,
      "passChanceWing": 0.08950000256299973,
      "shootProgressThreshold": 0.7858999967575073,
      "tackleChance": 0.1451999992132187
    }
  },
  "championEpoch": 53,
  "championParameters": {
    "forwardPassMinGain": 10.0,
    "markDistance": 64.0,
    "passChanceDefault": 0.0333000011742115,
    "passChanceForward": 0.07119999825954437,
    "passChancePressured": 0.30059999227523804,
    "passChanceWing": 0.06480000168085098,
    "shootProgressThreshold": 0.8027999997138977,
    "tackleChance": 0.181099995970726
  },
  "createdAt": "2026-04-30T09:57:27Z",
  "epoch": 54,
  "evaluation": {
    "avgGoals": 3.07,
    "avgOutOfBounds": 0.0,
    "avgPasses": 155.17,
    "avgShots": 75.13,
    "avgTackles": 1.82,
    "baselineAvgGoals": 2.09,
    "candidateAvgGoals": 0.98,
    "candidateWon": false,
    "earlyStop": "worse",
    "elapsedMs": 30,
    "games": 100,
    "gamesPerSecond": 3333.33,
    "goalDiff": -111.0,
    "maxGames": 1000,
    "passCompletionRate": 0.978,
    "tackleSuccessRate": 1.0,
    "zScore": -4.306
  },
  "gamesPerEpoch": 1000,
  "name": "epoch-054",
  "opponent": {
    "parameters": {
      "forwardPassMinGain": 10.0,
      "markDistance": 64.0,
      "passChanceDefault": 0.0333000011742115,
      "passChanceForward": 0.07119999825954437,
      "passChancePressured": 0.30059999227523804,
      "passChanceWing": 0.06480000168085098,
      "shootProgressThreshold": 0.8027999997138977,
      "tackleChance": 0.181099995970726
    },
    "sourceEpoch": 53
  },
  "session": "session-3"
}
