{
  "acceptedCount": 5,
  "acceptedEpochs": [
    4,
    5,
    7,
    14,
    16
  ],
  "averageEpochElapsedMs": 855,
  "bestGoalDiff": 483.0,
  "epochs": 20,
  "finalChampionEpoch": 16,
  "finalChampionPlayerParams": [
    {
      "decisions": {
        "aggression": 1.4223999977111816,
        "forwardPassMinGain": 10.12600040435791,
        "markDistance": 72.7488021850586,
        "passChanceDefault": 0.1251000016927719,
        "passChanceForward": 0.05979999899864197,
        "passChancePressured": 0.10570000112056732,
        "passChanceWing": 0.15240000188350677,
        "passDirDefensive": 0.08780000358819962,
        "passDirNeutral": 1.6158000230789185,
        "passDirOffensive": 0.6071000099182129,
        "riskAppetite": 1.0,
        "shootProgressThreshold": 0.6438999772071838,
        "tackleChance": 0.051600001752376556
      },
      "gk": null,
      "spatial": {
        "ball": {
          "max": 551.97607421875,
          "min": 14.71679973602295,
          "preferred": 382.4754943847656
        },
        "opponent": {
          "max": 294.8651123046875,
          "min": 93.62419891357422,
          "preferred": 156.00929260253906
        },
        "ownGoal": {
          "max": 758.451171875,
          "min": 523.841796875,
          "preferred": 736.4392700195312
        },
        "side": {
          "max": 186.2270965576172,
          "min": 158.06629943847656,
          "preferred": 180.09300231933594
        },
        "teammate": {
          "max": 381.0732116699219,
          "min": 174.43789672851562,
          "preferred": 333.2427062988281
        }
      }
    },
    {
      "decisions": {
        "aggression": 0.6049000024795532,
        "forwardPassMinGain": 11.996299743652344,
        "markDistance": 60.582401275634766,
        "passChanceDefault": 0.013399999588727951,
        "passChanceForward": 0.05959999933838844,
        "passChancePressured": 0.15440000593662262,
        "passChanceWing": 0.1777999997138977,
        "passDirDefensive": 0.05829999968409538,
        "passDirNeutral": 2.0,
        "passDirOffensive": 0.661300003528595,
        "riskAppetite": 0.8382999897003174,
        "shootProgressThreshold": 0.8281000256538391,
        "tackleChance": 0.06679999828338623
      },
      "gk": null,
      "spatial": {
        "ball": {
          "max": 39.35969924926758,
          "min": 36.66859817504883,
          "preferred": 39.35969924926758
        },
        "opponent": {
          "max": 35.59280014038086,
          "min": 0.0,
          "preferred": 23.478099822998047
        },
        "ownGoal": {
          "max": 699.4962158203125,
          "min": 69.06279754638672,
          "preferred": 69.06279754638672
        },
        "side": {
          "max": 381.04730224609375,
          "min": 146.96580505371094,
          "preferred": 236.4239044189453
        },
        "teammate": {
          "max": 294.1604919433594,
          "min": 199.30479431152344,
          "preferred": 267.3671875
        }
      }
    },
    {
      "decisions": {
        "aggression": 1.8194999694824219,
        "forwardPassMinGain": 13.35569953918457,
        "markDistance": 41.923099517822266,
        "passChanceDefault": 0.1145000010728836,
        "passChanceForward": 0.18000000715255737,
        "passChancePressured": 0.22499999403953552,
        "passChanceWing": 0.027300000190734863,
        "passDirDefensive": 0.28949999809265137,
        "passDirNeutral": 1.5780999660491943,
        "passDirOffensive": 1.2922999858856201,
        "riskAppetite": 0.329800009727478,
        "shootProgressThreshold": 0.7893999814987183,
        "tackleChance": 0.1485999971628189
      },
      "gk": null,
      "spatial": {
        "ball": {
          "max": 62.24610137939453,
          "min": 0.0,
          "preferred": 0.0
        },
        "opponent": {
          "max": 323.70819091796875,
          "min": 0.0,
          "preferred": 130.206298828125
        },
        "ownGoal": {
          "max": 262.0873107910156,
          "min": 223.04339599609375,
          "preferred": 232.35980224609375
        },
        "side": {
          "max": 395.1203918457031,
          "min": 190.9532012939453,
          "preferred": 372.1708068847656
        },
        "teammate": {
          "max": 123.57050323486328,
          "min": 27.316299438476562,
          "preferred": 74.92880249023438
        }
      }
    },
    {
      "decisions": {
        "aggression": 0.7613000273704529,
        "forwardPassMinGain": 16.40730094909668,
        "markDistance": 39.63710021972656,
        "passChanceDefault": 0.13500000536441803,
        "passChanceForward": 0.004999999888241291,
        "passChancePressured": 0.026599999517202377,
        "passChanceWing": 0.1915999948978424,
        "passDirDefensive": 1.861899971961975,
        "passDirNeutral": 1.5738999843597412,
        "passDirOffensive": 1.3466999530792236,
        "riskAppetite": 0.2020999938249588,
        "shootProgressThreshold": 0.6690999865531921,
        "tackleChance": 0.21719999611377716
      },
      "gk": null,
      "spatial": {
        "ball": {
          "max": 600.7446899414062,
          "min": 128.62640380859375,
          "preferred": 189.23680114746094
        },
        "opponent": {
          "max": 334.3913879394531,
          "min": 99.2249984741211,
          "preferred": 296.8611145019531
        },
        "ownGoal": {
          "max": 408.9786071777344,
          "min": 224.4958038330078,
          "preferred": 408.9786071777344
        },
        "side": {
          "max": 238.65719604492188,
          "min": 46.81650161743164,
          "preferred": 214.385498046875
        },
        "teammate": {
          "max": 180.3778076171875,
          "min": 80.90550231933594,
          "preferred": 80.90550231933594
        }
      }
    },
    {
      "decisions": {
        "aggression": 0.5266000032424927,
        "forwardPassMinGain": 4.054900169372559,
        "markDistance": 78.98400115966797,
        "passChanceDefault": 0.20000000298023224,
        "passChanceForward": 0.04769999906420708,
        "passChancePressured": 0.3725999891757965,
        "passChanceWing": 0.18369999527931213,
        "passDirDefensive": 0.6363000273704529,
        "passDirNeutral": 0.325300008058548,
        "passDirOffensive": 1.3034000396728516,
        "riskAppetite": 0.9434000253677368,
        "shootProgressThreshold": 0.7803999781608582,
        "tackleChance": 0.07970000058412552
      },
      "gk": {
        "gkDistributionZone": 1.0,
        "gkDiveChance": 1.0,
        "gkDiveCommitDist": 105.99320220947266,
        "gkPassTargetDist": 105.02100372314453,
        "gkRiskClearance": 0.0
      },
      "spatial": {
        "ball": {
          "max": 379.4241027832031,
          "min": 0.0,
          "preferred": 21.738399505615234
        },
        "opponent": {
          "max": 400.0,
          "min": 262.2312927246094,
          "preferred": 294.3182067871094
        },
        "ownGoal": {
          "max": 716.4323120117188,
          "min": 491.71240234375,
          "preferred": 606.6362915039062
        },
        "side": {
          "max": 310.2518005371094,
          "min": 215.214599609375,
          "preferred": 248.6820068359375
        },
        "teammate": {
          "max": 256.0791015625,
          "min": 187.2467041015625,
          "preferred": 208.1085968017578
        }
      }
    }
  ],
  "finishedAt": "2026-05-06T02:45:10Z",
  "gamesPerEpoch": 5000,
  "history": [
    {
      "accepted": false,
      "baselineAvgGoals": 9.1,
      "candidateAvgGoals": 6.11,
      "championEpoch": 0,
      "earlyStop": "worse",
      "elapsedMs": 175,
      "epoch": 1,
      "gamesRun": 100,
      "goalDiff": -299.0,
      "zScore": -7.431
    },
    {
      "accepted": false,
      "baselineAvgGoals": 6.566,
      "candidateAvgGoals": 6.72,
      "championEpoch": 0,
      "earlyStop": "indecisive",
      "elapsedMs": 303,
      "epoch": 2,
      "gamesRun": 175,