{
  "name": "s11-anneal-stage-3-5ep-50000g-best",
  "playerParams": [
    {
      "decisions": {
        "aggression": 1.8668999671936035,
        "forwardPassMinGain": 7.426799774169922,
        "markDistance": 49.0629997253418,
        "passChanceDefault": 0.08299999684095383,
        "passChanceForward": 0.004999999888241291,
        "passChancePressured": 0.019999999552965164,
        "passChanceWing": 0.022700000554323196,
        "passDirDefensive": 0.7484999895095825,
        "passDirNeutral": 1.024899959564209,
        "passDirOffensive": 0.6229000091552734,
        "riskAppetite": 0.6254000067710876,
        "shootProgressThreshold": 0.550000011920929,
        "tackleChance": 0.009999999776482582
      },
      "gk": null,
      "spatial": {
        "ball": {
          "max": 469.6846008300781,
          "min": 0.0,
          "preferred": 0.0
        },
        "opponent": {
          "max": 273.6119079589844,
          "min": 9.279800415039062,
          "preferred": 57.34320068359375
        },
        "ownGoal": {
          "max": 622.8275146484375,
          "min": 461.139892578125,
          "preferred": 622.8275146484375
        },
        "side": {
          "max": 489.0046081542969,
          "min": 16.83060073852539,
          "preferred": 254.94529724121094
        },
        "teammate": {
          "max": 96.4218978881836,
          "min": 0.0,
          "preferred": 43.769500732421875
        }
      }
    },
    {
      "decisions": {
        "aggression": 1.5371999740600586,
        "forwardPassMinGain": 12.378100395202637,
        "markDistance": 27.81599998474121,
        "passChanceDefault": 0.05739999935030937,
        "passChanceForward": 0.004999999888241291,
        "passChancePressured": 0.12839999794960022,
        "passChanceWing": 0.04670000076293945,
        "passDirDefensive": 1.8042000532150269,
        "passDirNeutral": 0.9700999855995178,
        "passDirOffensive": 0.9266999959945679,
        "riskAppetite": 0.5526999831199646,
        "shootProgressThreshold": 0.7651000022888184,
        "tackleChance": 0.18619999289512634
      },
      "gk": null,
      "spatial": {
        "ball": {
          "max": 188.89280700683594,
          "min": 48.4630012512207,
          "preferred": 76.84459686279297
        },
        "opponent": {
          "max": 178.1009979248047,
          "min": 75.61039733886719,
          "preferred": 168.26690673828125
        },
        "ownGoal": {
          "max": 722.4354248046875,
          "min": 23.203800201416016,
          "preferred": 330.23388671875
        },
        "side": {
          "max": 440.4140930175781,
          "min": 31.60059928894043,
          "preferred": 215.2259063720703
        },
        "teammate": {
          "max": 157.1365966796875,
          "min": 57.84360122680664,
          "preferred": 57.86069869995117
        }
      }
    },
    {
      "decisions": {
        "aggression": 1.1656999588012695,
        "forwardPassMinGain": 10.930899620056152,
        "markDistance": 55.33549880981445,
        "passChanceDefault": 0.03779999911785126,
        "passChanceForward": 0.18000000715255737,
        "passChancePressured": 0.15070000290870667,
        "passChanceWing": 0.06440000236034393,
        "passDirDefensive": 0.06289999932050705,
        "passDirNeutral": 0.4246000051498413,
        "passDirOffensive": 1.1168999671936035,
        "riskAppetite": 0.0,
        "shootProgressThreshold": 0.896399974822998,
        "tackleChance": 0.12470000237226486
      },
      "gk": null,
      "spatial": {
        "ball": {
          "max": 83.22380065917969,
          "min": 0.0,
          "preferred": 0.0
        },
        "opponent": {
          "max": 250.49740600585938,
          "min": 22.686100006103516,
          "preferred": 146.20689392089844
        },
        "ownGoal": {
          "max": 647.2630004882812,
          "min": 0.18160000443458557,
          "preferred": 209.09579467773438
        },
        "side": {
          "max": 442.65478515625,
          "min": 203.37559509277344,
          "preferred": 322.73260498046875
        },
        "teammate": {
          "max": 298.66619873046875,
          "min": 0.0,
          "preferred": 63.58689880371094
        }
      }
    },
    {
      "decisions": {
        "aggression": 1.0786999464035034,
        "forwardPassMinGain": 9.668299674987793,
        "markDistance": 67.36609649658203,
        "passChanceDefault": 0.20000000298023224,
        "passChanceForward": 0.004999999888241291,
        "passChancePressured": 0.14650000631809235,
        "passChanceWing": 0.009999999776482582,
        "passDirDefensive": 0.44620001316070557,
        "passDirNeutral": 1.7874000072479248,
        "passDirOffensive": 0.33899998664855957,
        "riskAppetite": 0.5449000000953674,
        "shootProgressThreshold": 0.7477999925613403,
        "tackleChance": 0.2199999988079071
      },
      "gk": null,
      "spatial": {
        "ball": {
          "max": 251.1717071533203,
          "min": 0.0,
          "preferred": 25.439300537109375
        },
        "opponent": {
          "max": 95.32610321044922,
          "min": 0.0,
          "preferred": 0.0
        },
        "ownGoal": {
          "max": 399.26690673828125,
          "min": 140.93179321289062,
          "preferred": 207.79559326171875
        },
        "side": {
          "max": 520.0,
          "min": 115.54419708251953,
          "preferred": 252.2790069580078
        },
        "teammate": {
          "max": 172.4976043701172,
          "min": 54.674598693847656,
          "preferred": 93.67960357666016
        }
      }
    },
    {
      "decisions": {
        "aggression": 1.0,
        "forwardPassMinGain": 8.0,
        "markDistance": 48.0,
        "passChanceDefault": 0.20000000298023224,
        "passChanceForward": 0.03999999910593033,
        "passChancePressured": 0.1599999964237213,
        "passChanceWing": 0.07000000029802322,
        "passDirDefensive": 1.0,
        "passDirNeutral": 1.0,
        "passDirOffensive": 1.0,
        "riskAppetite": 0.5,
        "shootProgressThreshold": 0.7599999904632568,
        "tackleChance": 0.07999999821186066
      },
      "gk": {
        "gkDistributionZone": 0.0,
        "gkDiveChance": 0.8126999735832214,
        "gkDiveCommitDist": 200.6468048095703,
        "gkPassTargetDist": 326.0862121582031,
        "gkRiskClearance": 0.37130001187324524
      },
      "spatial": {
        "ball": {
          "max": 620.18408203125,
          "min": 219.68170166015625,
          "preferred": 293.0325012207031
        },
        "opponent": {
          "max": 332.19219970703125,
          "min": 35.975799560546875,
          "preferred": 211.593994140625
        },
        "ownGoal": {
          "max": 179.3863983154297,
          "min": 0.0,
          "preferred": 179.3863983154297
        },
        "side": {
          "max": 471.00360107421875,
          "min": 72.17330169677734,
          "preferred": 401.1156921386719
        },
        "teammate": {
          "max": 119.90280151367188,
          "min": 0.0,
          "preferred": 116.3759994506836
        }
      }
    }
  ],
  "sourceEpoch": 4,
  "sourceSession": "s11-anneal-stage-3-5ep-50000g",
  "type": "team-policy-v6",
  "version": 1
}
