{
  "accepted": false,
  "candidate": {
    "parameters": {
      "forwardPassMinGain": 13.0,
      "markDistance": 70.0,
      "passChanceDefault": 0.11720000207424164,
      "passChanceForward": 0.13130000233650208,
      "passChancePressured": 0.37529999017715454,
      "passChanceWing": 0.019899999722838402,
      "shootProgressThreshold": 0.8068000078201294,
      "tackleChance": 0.1412000060081482
    }
  },
  "championEpoch": 811,
  "championParameters": {
    "forwardPassMinGain": 16.0,
    "markDistance": 65.0,
    "passChanceDefault": 0.12970000505447388,
    "passChanceForward": 0.13660000264644623,
    "passChancePressured": 0.4000000059604645,
    "passChanceWing": 0.009999999776482582,
    "shootProgressThreshold": 0.8068000078201294,
    "tackleChance": 0.09790000319480896
  },
  "createdAt": "2026-04-30T10:01:01Z",
  "epoch": 812,
  "evaluation": {
    "avgGoals": 11.55,
    "avgOutOfBounds": 0.01,
    "avgPasses": 137.31,
    "avgShots": 37.77,
    "avgTackles": 5.46,
    "baselineAvgGoals": 5.798,
    "candidateAvgGoals": 5.748,
    "candidateWon": false,
    "earlyStop": null,
    "elapsedMs": 286,
    "games": 1000,
    "gamesPerSecond": 3496.5,
    "goalDiff": -50.0,
    "maxGames": 1000,
    "passCompletionRate": 0.92,
    "tackleSuccessRate": 1.0,
    "zScore": -0.257
  },
  "gamesPerEpoch": 1000,
  "name": "epoch-812",
  "opponent": {
    "parameters": {
      "forwardPassMinGain": 16.0,
      "markDistance": 65.0,
      "passChanceDefault": 0.12970000505447388,
      "passChanceForward": 0.13660000264644623,
      "passChancePressured": 0.4000000059604645,
      "passChanceWing": 0.009999999776482582,
      "shootProgressThreshold": 0.8068000078201294,
      "tackleChance": 0.09790000319480896
    },
    "sourceEpoch": 811
  },
  "session": "session-4"
}
