{
  "accepted": false,
  "candidate": {
    "parameters": {
      "forwardPassMinGain": 17.0,
      "markDistance": 70.0,
      "passChanceDefault": 0.08259999752044678,
      "passChanceForward": 0.15299999713897705,
      "passChancePressured": 0.37779998779296875,
      "passChanceWing": 0.010599999688565731,
      "shootProgressThreshold": 0.8240000009536743,
      "tackleChance": 0.210999995470047
    }
  },
  "championEpoch": 524,
  "championParameters": {
    "forwardPassMinGain": 17.0,
    "markDistance": 73.0,
    "passChanceDefault": 0.08259999752044678,
    "passChanceForward": 0.1370999962091446,
    "passChancePressured": 0.37779998779296875,
    "passChanceWing": 0.010599999688565731,
    "shootProgressThreshold": 0.8138999938964844,
    "tackleChance": 0.210999995470047
  },
  "createdAt": "2026-04-30T09:59:52Z",
  "epoch": 527,
  "evaluation": {
    "avgGoals": 11.83,
    "avgOutOfBounds": 0.01,
    "avgPasses": 125.61,
    "avgShots": 39.13,
    "avgTackles": 6.13,
    "baselineAvgGoals": 5.957,
    "candidateAvgGoals": 5.876,
    "candidateWon": false,
    "earlyStop": null,
    "elapsedMs": 284,
    "games": 1000,
    "gamesPerSecond": 3521.13,
    "goalDiff": -81.0,
    "maxGames": 1000,
    "passCompletionRate": 0.897,
    "tackleSuccessRate": 1.0,
    "zScore": -0.396
  },
  "gamesPerEpoch": 1000,
  "name": "epoch-527",
  "opponent": {
    "parameters": {
      "forwardPassMinGain": 17.0,
      "markDistance": 73.0,
      "passChanceDefault": 0.08259999752044678,
      "passChanceForward": 0.1370999962091446,
      "passChancePressured": 0.37779998779296875,
      "passChanceWing": 0.010599999688565731,
      "shootProgressThreshold": 0.8138999938964844,
      "tackleChance": 0.210999995470047
    },
    "sourceEpoch": 524
  },
  "session": "session-4"
}
