{
  "accepted": true,
  "candidate": {
    "parameters": {
      "forwardPassMinGain": 12.0,
      "markDistance": 69.0,
      "passChanceDefault": 0.0348999984562397,
      "passChanceForward": 0.10360000282526016,
      "passChancePressured": 0.4000000059604645,
      "passChanceWing": 0.02979999966919422,
      "shootProgressThreshold": 0.8080999851226807,
      "tackleChance": 0.21629999577999115
    }
  },
  "championEpoch": 30,
  "championParameters": {
    "forwardPassMinGain": 12.0,
    "markDistance": 69.0,
    "passChanceDefault": 0.0348999984562397,
    "passChanceForward": 0.10360000282526016,
    "passChancePressured": 0.4000000059604645,
    "passChanceWing": 0.02979999966919422,
    "shootProgressThreshold": 0.8080999851226807,
    "tackleChance": 0.21629999577999115
  },
  "createdAt": "2026-04-30T09:57:56Z",
  "epoch": 30,
  "evaluation": {
    "avgGoals": 11.29,
    "avgOutOfBounds": 0.01,
    "avgPasses": 136.57,
    "avgShots": 36.81,
    "avgTackles": 5.8,
    "baselineAvgGoals": 5.633,
    "candidateAvgGoals": 5.66,
    "candidateWon": true,
    "earlyStop": null,
    "elapsedMs": 277,
    "games": 1000,
    "gamesPerSecond": 3610.11,
    "goalDiff": 27.0,
    "maxGames": 1000,
    "passCompletionRate": 0.913,
    "tackleSuccessRate": 1.0,
    "zScore": 0.139
  },
  "gamesPerEpoch": 1000,
  "name": "epoch-030",
  "opponent": {
    "parameters": {
      "forwardPassMinGain": 11.0,
      "markDistance": 69.0,
      "passChanceDefault": 0.08910000324249268,
      "passChanceForward": 0.10360000282526016,
      "passChancePressured": 0.4000000059604645,
      "passChanceWing": 0.016200000420212746,
      "shootProgressThreshold": 0.8080999851226807,
      "tackleChance": 0.2012999951839447
    },
    "sourceEpoch": 13
  },
  "session": "session-4"
}
