{
  "accepted": false,
  "candidate": {
    "parameters": {
      "forwardPassMinGain": 17.0,
      "markDistance": 66.0,
      "passChanceDefault": 0.19689999520778656,
      "passChanceForward": 0.16439999639987946,
      "passChancePressured": 0.37950000166893005,
      "passChanceWing": 0.01640000008046627,
      "shootProgressThreshold": 0.7868000268936157,
      "tackleChance": 0.14630000293254852
    }
  },
  "championEpoch": 728,
  "championParameters": {
    "forwardPassMinGain": 17.0,
    "markDistance": 66.0,
    "passChanceDefault": 0.1662999987602234,
    "passChanceForward": 0.16439999639987946,
    "passChancePressured": 0.37950000166893005,
    "passChanceWing": 0.009999999776482582,
    "shootProgressThreshold": 0.8173999786376953,
    "tackleChance": 0.15379999577999115
  },
  "createdAt": "2026-04-30T10:00:40Z",
  "epoch": 729,
  "evaluation": {
    "avgGoals": 6.6,
    "avgOutOfBounds": 0.0,
    "avgPasses": 121.4,
    "avgShots": 92.58,
    "avgTackles": 3.74,
    "baselineAvgGoals": 3.96,
    "candidateAvgGoals": 2.64,
    "candidateWon": false,
    "earlyStop": "worse",
    "elapsedMs": 30,
    "games": 100,
    "gamesPerSecond": 3333.33,
    "goalDiff": -132.0,
    "maxGames": 1000,
    "passCompletionRate": 0.941,
    "tackleSuccessRate": 1.0,
    "zScore": -3.288
  },
  "gamesPerEpoch": 1000,
  "name": "epoch-729",
  "opponent": {
    "parameters": {
      "forwardPassMinGain": 17.0,
      "markDistance": 66.0,
      "passChanceDefault": 0.1662999987602234,
      "passChanceForward": 0.16439999639987946,
      "passChancePressured": 0.37950000166893005,
      "passChanceWing": 0.009999999776482582,
      "shootProgressThreshold": 0.8173999786376953,
      "tackleChance": 0.15379999577999115
    },
    "sourceEpoch": 728
  },
  "session": "session-4"
}
