{
  "accepted": false,
  "candidate": {
    "parameters": {
      "forwardPassMinGain": 18.0,
      "markDistance": 67.0,
      "passChanceDefault": 0.14910000562667847,
      "passChanceForward": 0.1598999947309494,
      "passChancePressured": 0.3626999855041504,
      "passChanceWing": 0.014600000344216824,
      "shootProgressThreshold": 0.8173999786376953,
      "tackleChance": 0.13300000131130219
    }
  },
  "championEpoch": 753,
  "championParameters": {
    "forwardPassMinGain": 18.0,
    "markDistance": 67.0,
    "passChanceDefault": 0.12890000641345978,
    "passChanceForward": 0.15929999947547913,
    "passChancePressured": 0.4000000059604645,
    "passChanceWing": 0.009999999776482582,
    "shootProgressThreshold": 0.8173999786376953,
    "tackleChance": 0.13300000131130219
  },
  "createdAt": "2026-04-30T10:00:47Z",
  "epoch": 759,
  "evaluation": {
    "avgGoals": 11.83,
    "avgOutOfBounds": 0.01,
    "avgPasses": 135.87,
    "avgShots": 38.61,
    "avgTackles": 5.25,
    "baselineAvgGoals": 6.008,
    "candidateAvgGoals": 5.819,
    "candidateWon": false,
    "earlyStop": null,
    "elapsedMs": 290,
    "games": 1000,
    "gamesPerSecond": 3448.28,
    "goalDiff": -189.0,
    "maxGames": 1000,
    "passCompletionRate": 0.916,
    "tackleSuccessRate": 1.0,
    "zScore": -0.944
  },
  "gamesPerEpoch": 1000,
  "name": "epoch-759",
  "opponent": {
    "parameters": {
      "forwardPassMinGain": 18.0,
      "markDistance": 67.0,
      "passChanceDefault": 0.12890000641345978,
      "passChanceForward": 0.15929999947547913,
      "passChancePressured": 0.4000000059604645,
      "passChanceWing": 0.009999999776482582,
      "shootProgressThreshold": 0.8173999786376953,
      "tackleChance": 0.13300000131130219
    },
    "sourceEpoch": 753
  },
  "session": "session-4"
}
