{
  "accepted": true,
  "candidate": {
    "parameters": {
      "forwardPassMinGain": 18.0,
      "markDistance": 63.0,
      "passChanceDefault": 0.19200000166893005,
      "passChanceForward": 0.18000000715255737,
      "passChancePressured": 0.37529999017715454,
      "passChanceWing": 0.009999999776482582,
      "shootProgressThreshold": 0.8014000058174133,
      "tackleChance": 0.20260000228881836
    }
  },
  "championEpoch": 669,
  "championParameters": {
    "forwardPassMinGain": 18.0,
    "markDistance": 63.0,
    "passChanceDefault": 0.19200000166893005,
    "passChanceForward": 0.18000000715255737,
    "passChancePressured": 0.37529999017715454,
    "passChanceWing": 0.009999999776482582,
    "shootProgressThreshold": 0.8014000058174133,
    "tackleChance": 0.20260000228881836
  },
  "createdAt": "2026-04-30T10:00:25Z",
  "epoch": 669,
  "evaluation": {
    "avgGoals": 11.44,
    "avgOutOfBounds": 0.01,
    "avgPasses": 143.25,
    "avgShots": 39.32,
    "avgTackles": 5.38,
    "baselineAvgGoals": 5.683,
    "candidateAvgGoals": 5.758,
    "candidateWon": true,
    "earlyStop": null,
    "elapsedMs": 291,
    "games": 1000,
    "gamesPerSecond": 3436.43,
    "goalDiff": 75.0,
    "maxGames": 1000,
    "passCompletionRate": 0.92,
    "tackleSuccessRate": 1.0,
    "zScore": 0.42
  },
  "gamesPerEpoch": 1000,
  "name": "epoch-669",
  "opponent": {
    "parameters": {
      "forwardPassMinGain": 18.0,
      "markDistance": 63.0,
      "passChanceDefault": 0.19200000166893005,
      "passChanceForward": 0.18000000715255737,
      "passChancePressured": 0.3506999909877777,
      "passChanceWing": 0.009999999776482582,
      "shootProgressThreshold": 0.8228999972343445,
      "tackleChance": 0.20260000228881836
    },
    "sourceEpoch": 664
  },
  "session": "session-4"
}
