{
  "accepted": false,
  "candidate": {
    "parameters": {
      "forwardPassMinGain": 13.0,
      "markDistance": 73.0,
      "passChanceDefault": 0.10159999877214432,
      "passChanceForward": 0.09430000185966492,
      "passChancePressured": 0.3637999892234802,
      "passChanceWing": 0.009999999776482582,
      "shootProgressThreshold": 0.8716999888420105,
      "tackleChance": 0.19009999930858612
    }
  },
  "championEpoch": 49,
  "championParameters": {
    "forwardPassMinGain": 12.0,
    "markDistance": 66.0,
    "passChanceDefault": 0.10159999877214432,
    "passChanceForward": 0.07569999992847443,
    "passChancePressured": 0.3686000108718872,
    "passChanceWing": 0.009999999776482582,
    "shootProgressThreshold": 0.8162999749183655,
    "tackleChance": 0.2199999988079071
  },
  "createdAt": "2026-04-30T09:58:01Z",
  "epoch": 50,
  "evaluation": {
    "avgGoals": 7.09,
    "avgOutOfBounds": 0.0,
    "avgPasses": 126.9,
    "avgShots": 65.03,
    "avgTackles": 4.81,
    "baselineAvgGoals": 4.62,
    "candidateAvgGoals": 2.47,
    "candidateWon": false,
    "earlyStop": "worse",
    "elapsedMs": 29,
    "games": 100,
    "gamesPerSecond": 3448.28,
    "goalDiff": -215.0,
    "maxGames": 1000,
    "passCompletionRate": 0.919,
    "tackleSuccessRate": 1.0,
    "zScore": -5.169
  },
  "gamesPerEpoch": 1000,
  "name": "epoch-050",
  "opponent": {
    "parameters": {
      "forwardPassMinGain": 12.0,
      "markDistance": 66.0,
      "passChanceDefault": 0.10159999877214432,
      "passChanceForward": 0.07569999992847443,
      "passChancePressured": 0.3686000108718872,
      "passChanceWing": 0.009999999776482582,
      "shootProgressThreshold": 0.8162999749183655,
      "tackleChance": 0.2199999988079071
    },
    "sourceEpoch": 49
  },
  "session": "session-4"
}
