{
  "accepted": false,
  "candidate": {
    "parameters": {
      "forwardPassMinGain": 12.0,
      "markDistance": 61.0,
      "passChanceDefault": 0.005100000184029341,
      "passChanceForward": 0.15119999647140503,
      "passChancePressured": 0.3912999927997589,
      "passChanceWing": 0.009999999776482582,
      "shootProgressThreshold": 0.8141999840736389,
      "tackleChance": 0.20630000531673431
    }
  },
  "championEpoch": 356,
  "championParameters": {
    "forwardPassMinGain": 14.0,
    "markDistance": 61.0,
    "passChanceDefault": 0.005100000184029341,
    "passChanceForward": 0.16380000114440918,
    "passChancePressured": 0.3912999927997589,
    "passChanceWing": 0.009999999776482582,
    "shootProgressThreshold": 0.8141999840736389,
    "tackleChance": 0.2199999988079071
  },
  "createdAt": "2026-04-30T09:59:14Z",
  "epoch": 365,
  "evaluation": {
    "avgGoals": 12.2,
    "avgOutOfBounds": 0.01,
    "avgPasses": 137.35,
    "avgShots": 38.6,
    "avgTackles": 5.11,
    "baselineAvgGoals": 6.195,
    "candidateAvgGoals": 6.009,
    "candidateWon": false,
    "earlyStop": null,
    "elapsedMs": 291,
    "games": 1000,
    "gamesPerSecond": 3436.43,
    "goalDiff": -186.0,
    "maxGames": 1000,
    "passCompletionRate": 0.907,
    "tackleSuccessRate": 1.0,
    "zScore": -1.023
  },
  "gamesPerEpoch": 1000,
  "name": "epoch-365",
  "opponent": {
    "parameters": {
      "forwardPassMinGain": 14.0,
      "markDistance": 61.0,
      "passChanceDefault": 0.005100000184029341,
      "passChanceForward": 0.16380000114440918,
      "passChancePressured": 0.3912999927997589,
      "passChanceWing": 0.009999999776482582,
      "shootProgressThreshold": 0.8141999840736389,
      "tackleChance": 0.2199999988079071
    },
    "sourceEpoch": 356
  },
  "session": "session-4"
}
