{
  "accepted": false,
  "candidate": {
    "parameters": {
      "forwardPassMinGain": 1.0,
      "markDistance": 65.0,
      "passChanceDefault": 0.07699999958276749,
      "passChanceForward": 0.16689999401569366,
      "passChancePressured": 0.4000000059604645,
      "passChanceWing": 0.009999999776482582,
      "shootProgressThreshold": 0.8145999908447266,
      "tackleChance": 0.19359999895095825
    }
  },
  "championEpoch": 175,
  "championParameters": {
    "forwardPassMinGain": 1.0,
    "markDistance": 61.0,
    "passChanceDefault": 0.07699999958276749,
    "passChanceForward": 0.16689999401569366,
    "passChancePressured": 0.4000000059604645,
    "passChanceWing": 0.009999999776482582,
    "shootProgressThreshold": 0.8145999908447266,
    "tackleChance": 0.2199999988079071
  },
  "createdAt": "2026-04-30T09:58:31Z",
  "epoch": 180,
  "evaluation": {
    "avgGoals": 11.44,
    "avgOutOfBounds": 0.0,
    "avgPasses": 144.06,
    "avgShots": 36.08,
    "avgTackles": 4.99,
    "baselineAvgGoals": 5.768,
    "candidateAvgGoals": 5.673,
    "candidateWon": false,
    "earlyStop": null,
    "elapsedMs": 290,
    "games": 1000,
    "gamesPerSecond": 3448.28,
    "goalDiff": -95.0,
    "maxGames": 1000,
    "passCompletionRate": 0.912,
    "tackleSuccessRate": 1.0,
    "zScore": -0.52
  },
  "gamesPerEpoch": 1000,
  "name": "epoch-180",
  "opponent": {
    "parameters": {
      "forwardPassMinGain": 1.0,
      "markDistance": 61.0,
      "passChanceDefault": 0.07699999958276749,
      "passChanceForward": 0.16689999401569366,
      "passChancePressured": 0.4000000059604645,
      "passChanceWing": 0.009999999776482582,
      "shootProgressThreshold": 0.8145999908447266,
      "tackleChance": 0.2199999988079071
    },
    "sourceEpoch": 175
  },
  "session": "session-4"
}
