{
  "accepted": true,
  "candidate": {
    "parameters": {
      "forwardPassMinGain": 17.0,
      "markDistance": 61.0,
      "passChanceDefault": 0.056299999356269836,
      "passChanceForward": 0.12240000069141388,
      "passChancePressured": 0.3549000024795532,
      "passChanceWing": 0.009999999776482582,
      "shootProgressThreshold": 0.8174999952316284,
      "tackleChance": 0.20999999344348907
    }
  },
  "championEpoch": 236,
  "championParameters": {
    "forwardPassMinGain": 17.0,
    "markDistance": 61.0,
    "passChanceDefault": 0.056299999356269836,
    "passChanceForward": 0.12240000069141388,
    "passChancePressured": 0.3549000024795532,
    "passChanceWing": 0.009999999776482582,
    "shootProgressThreshold": 0.8174999952316284,
    "tackleChance": 0.20999999344348907
  },
  "createdAt": "2026-04-30T09:58:45Z",
  "epoch": 236,
  "evaluation": {
    "avgGoals": 11.94,
    "avgOutOfBounds": 0.01,
    "avgPasses": 130.26,
    "avgShots": 39.99,
    "avgTackles": 5.58,
    "baselineAvgGoals": 5.961,
    "candidateAvgGoals": 5.981,
    "candidateWon": true,
    "earlyStop": null,
    "elapsedMs": 288,
    "games": 1000,
    "gamesPerSecond": 3472.22,
    "goalDiff": 20.0,
    "maxGames": 1000,
    "passCompletionRate": 0.903,
    "tackleSuccessRate": 1.0,
    "zScore": 0.104
  },
  "gamesPerEpoch": 1000,
  "name": "epoch-236",
  "opponent": {
    "parameters": {
      "forwardPassMinGain": 17.0,
      "markDistance": 72.0,
      "passChanceDefault": 0.056299999356269836,
      "passChanceForward": 0.12240000069141388,
      "passChancePressured": 0.3549000024795532,
      "passChanceWing": 0.009999999776482582,
      "shootProgressThreshold": 0.8174999952316284,
      "tackleChance": 0.2199999988079071
    },
    "sourceEpoch": 227
  },
  "session": "session-4"
}
