{
  "accepted": false,
  "candidate": {
    "parameters": {
      "forwardPassMinGain": 16.0,
      "markDistance": 63.0,
      "passChanceDefault": 0.025499999523162842,
      "passChanceForward": 0.15139999985694885,
      "passChancePressured": 0.4000000059604645,
      "passChanceWing": 0.03869999945163727,
      "shootProgressThreshold": 0.8197000026702881,
      "tackleChance": 0.19020000100135803
    }
  },
  "championEpoch": 305,
  "championParameters": {
    "forwardPassMinGain": 16.0,
    "markDistance": 63.0,
    "passChanceDefault": 0.039799999445676804,
    "passChanceForward": 0.16220000386238098,
    "passChancePressured": 0.4000000059604645,
    "passChanceWing": 0.009999999776482582,
    "shootProgressThreshold": 0.8137999773025513,
    "tackleChance": 0.19020000100135803
  },
  "createdAt": "2026-04-30T09:59:02Z",
  "epoch": 309,
  "evaluation": {
    "avgGoals": 11.54,
    "avgOutOfBounds": 0.01,
    "avgPasses": 143.37,
    "avgShots": 37.26,
    "avgTackles": 5.04,
    "baselineAvgGoals": 5.806,
    "candidateAvgGoals": 5.729,
    "candidateWon": false,
    "earlyStop": null,
    "elapsedMs": 294,
    "games": 1000,
    "gamesPerSecond": 3401.36,
    "goalDiff": -77.0,
    "maxGames": 1000,
    "passCompletionRate": 0.914,
    "tackleSuccessRate": 1.0,
    "zScore": -0.428
  },
  "gamesPerEpoch": 1000,
  "name": "epoch-309",
  "opponent": {
    "parameters": {
      "forwardPassMinGain": 16.0,
      "markDistance": 63.0,
      "passChanceDefault": 0.039799999445676804,
      "passChanceForward": 0.16220000386238098,
      "passChancePressured": 0.4000000059604645,
      "passChanceWing": 0.009999999776482582,
      "shootProgressThreshold": 0.8137999773025513,
      "tackleChance": 0.19020000100135803
    },
    "sourceEpoch": 305
  },
  "session": "session-4"
}
