{
  "accepted": true,
  "candidate": {
    "parameters": {
      "forwardPassMinGain": 17.0,
      "markDistance": 66.0,
      "passChanceDefault": 0.05209999904036522,
      "passChanceForward": 0.12240000069141388,
      "passChancePressured": 0.3635999858379364,
      "passChanceWing": 0.009999999776482582,
      "shootProgressThreshold": 0.8216999769210815,
      "tackleChance": 0.2199999988079071
    }
  },
  "championEpoch": 225,
  "championParameters": {
    "forwardPassMinGain": 17.0,
    "markDistance": 66.0,
    "passChanceDefault": 0.05209999904036522,
    "passChanceForward": 0.12240000069141388,
    "passChancePressured": 0.3635999858379364,
    "passChanceWing": 0.009999999776482582,
    "shootProgressThreshold": 0.8216999769210815,
    "tackleChance": 0.2199999988079071
  },
  "createdAt": "2026-04-30T09:58:43Z",
  "epoch": 225,
  "evaluation": {
    "avgGoals": 11.84,
    "avgOutOfBounds": 0.01,
    "avgPasses": 130.84,
    "avgShots": 40.7,
    "avgTackles": 5.45,
    "baselineAvgGoals": 5.9,
    "candidateAvgGoals": 5.936,
    "candidateWon": true,
    "earlyStop": null,
    "elapsedMs": 291,
    "games": 1000,
    "gamesPerSecond": 3436.43,
    "goalDiff": 36.0,
    "maxGames": 1000,
    "passCompletionRate": 0.906,
    "tackleSuccessRate": 1.0,
    "zScore": 0.188
  },
  "gamesPerEpoch": 1000,
  "name": "epoch-225",
  "opponent": {
    "parameters": {
      "forwardPassMinGain": 17.0,
      "markDistance": 66.0,
      "passChanceDefault": 0.04490000009536743,
      "passChanceForward": 0.12240000069141388,
      "passChancePressured": 0.3635999858379364,
      "passChanceWing": 0.009999999776482582,
      "shootProgressThreshold": 0.8165000081062317,
      "tackleChance": 0.2199999988079071
    },
    "sourceEpoch": 223
  },
  "session": "session-4"
}
