{
  "accepted": false,
  "candidate": {
    "parameters": {
      "forwardPassMinGain": 10.0,
      "markDistance": 70.0,
      "passChanceDefault": 0.1160999983549118,
      "passChanceForward": 0.11990000307559967,
      "passChancePressured": 0.3504999876022339,
      "passChanceWing": 0.03689999878406525,
      "shootProgressThreshold": 0.8130000233650208,
      "tackleChance": 0.19189999997615814
    }
  },
  "championEpoch": 74,
  "championParameters": {
    "forwardPassMinGain": 10.0,
    "markDistance": 70.0,
    "passChanceDefault": 0.1160999983549118,
    "passChanceForward": 0.10209999978542328,
    "passChancePressured": 0.3504999876022339,
    "passChanceWing": 0.009999999776482582,
    "shootProgressThreshold": 0.8130000233650208,
    "tackleChance": 0.1826999932527542
  },
  "createdAt": "2026-04-30T09:58:09Z",
  "epoch": 78,
  "evaluation": {
    "avgGoals": 11.19,
    "avgOutOfBounds": 0.01,
    "avgPasses": 138.49,
    "avgShots": 35.87,
    "avgTackles": 5.53,
    "baselineAvgGoals": 5.746,
    "candidateAvgGoals": 5.44,
    "candidateWon": false,
    "earlyStop": null,
    "elapsedMs": 280,
    "games": 1000,
    "gamesPerSecond": 3571.43,
    "goalDiff": -306.0,
    "maxGames": 1000,
    "passCompletionRate": 0.914,
    "tackleSuccessRate": 1.0,
    "zScore": -1.592
  },
  "gamesPerEpoch": 1000,
  "name": "epoch-078",
  "opponent": {
    "parameters": {
      "forwardPassMinGain": 10.0,
      "markDistance": 70.0,
      "passChanceDefault": 0.1160999983549118,
      "passChanceForward": 0.10209999978542328,
      "passChancePressured": 0.3504999876022339,
      "passChanceWing": 0.009999999776482582,
      "shootProgressThreshold": 0.8130000233650208,
      "tackleChance": 0.1826999932527542
    },
    "sourceEpoch": 74
  },
  "session": "session-4"
}
