{
  "accepted": false,
  "candidate": {
    "parameters": {
      "forwardPassMinGain": 12.0,
      "markDistance": 74.0,
      "passChanceDefault": 0.1177000030875206,
      "passChanceForward": 0.12210000306367874,
      "passChancePressured": 0.4000000059604645,
      "passChanceWing": 0.04280000180006027,
      "shootProgressThreshold": 0.7886000275611877,
      "tackleChance": 0.19220000505447388
    }
  },
  "championEpoch": 87,
  "championParameters": {
    "forwardPassMinGain": 12.0,
    "markDistance": 71.0,
    "passChanceDefault": 0.11140000075101852,
    "passChanceForward": 0.12210000306367874,
    "passChancePressured": 0.4000000059604645,
    "passChanceWing": 0.009999999776482582,
    "shootProgressThreshold": 0.8036999702453613,
    "tackleChance": 0.2199999988079071
  },
  "createdAt": "2026-04-30T09:58:11Z",
  "epoch": 92,
  "evaluation": {
    "avgGoals": 6.71,
    "avgOutOfBounds": 0.01,
    "avgPasses": 119.05,
    "avgShots": 85.23,
    "avgTackles": 4.35,
    "baselineAvgGoals": 3.92,
    "candidateAvgGoals": 2.79,
    "candidateWon": false,
    "earlyStop": "worse",
    "elapsedMs": 29,
    "games": 100,
    "gamesPerSecond": 3448.28,
    "goalDiff": -113.0,
    "maxGames": 1000,
    "passCompletionRate": 0.94,
    "tackleSuccessRate": 1.0,
    "zScore": -2.62
  },
  "gamesPerEpoch": 1000,
  "name": "epoch-092",
  "opponent": {
    "parameters": {
      "forwardPassMinGain": 12.0,
      "markDistance": 71.0,
      "passChanceDefault": 0.11140000075101852,
      "passChanceForward": 0.12210000306367874,
      "passChancePressured": 0.4000000059604645,
      "passChanceWing": 0.009999999776482582,
      "shootProgressThreshold": 0.8036999702453613,
      "tackleChance": 0.2199999988079071
    },
    "sourceEpoch": 87
  },
  "session": "session-4"
}
