{
  "accepted": false,
  "candidate": {
    "parameters": {
      "forwardPassMinGain": 13.0,
      "markDistance": 70.0,
      "passChanceDefault": 0.1914999932050705,
      "passChanceForward": 0.12020000070333481,
      "passChancePressured": 0.4000000059604645,
      "passChanceWing": 0.009999999776482582,
      "shootProgressThreshold": 0.7973999977111816,
      "tackleChance": 0.2199999988079071
    }
  },
  "championEpoch": 915,
  "championParameters": {
    "forwardPassMinGain": 13.0,
    "markDistance": 68.0,
    "passChanceDefault": 0.1914999932050705,
    "passChanceForward": 0.12020000070333481,
    "passChancePressured": 0.4000000059604645,
    "passChanceWing": 0.009999999776482582,
    "shootProgressThreshold": 0.8108000159263611,
    "tackleChance": 0.2199999988079071
  },
  "createdAt": "2026-04-30T10:01:25Z",
  "epoch": 921,
  "evaluation": {
    "avgGoals": 10.82,
    "avgOutOfBounds": 0.01,
    "avgPasses": 132.33,
    "avgShots": 45.4,
    "avgTackles": 5.94,
    "baselineAvgGoals": 5.596,
    "candidateAvgGoals": 5.221,
    "candidateWon": false,
    "earlyStop": null,
    "elapsedMs": 286,
    "games": 1000,
    "gamesPerSecond": 3496.5,
    "goalDiff": -375.0,
    "maxGames": 1000,
    "passCompletionRate": 0.919,
    "tackleSuccessRate": 1.0,
    "zScore": -1.99
  },
  "gamesPerEpoch": 1000,
  "name": "epoch-921",
  "opponent": {
    "parameters": {
      "forwardPassMinGain": 13.0,
      "markDistance": 68.0,
      "passChanceDefault": 0.1914999932050705,
      "passChanceForward": 0.12020000070333481,
      "passChancePressured": 0.4000000059604645,
      "passChanceWing": 0.009999999776482582,
      "shootProgressThreshold": 0.8108000159263611,
      "tackleChance": 0.2199999988079071
    },
    "sourceEpoch": 915
  },
  "session": "session-4"
}
