{
  "accepted": false,
  "candidate": {
    "parameters": {
      "forwardPassMinGain": 17.0,
      "markDistance": 68.0,
      "passChanceDefault": 0.20000000298023224,
      "passChanceForward": 0.12020000070333481,
      "passChancePressured": 0.39250001311302185,
      "passChanceWing": 0.014499999582767487,
      "shootProgressThreshold": 0.8145999908447266,
      "tackleChance": 0.2046000063419342
    }
  },
  "championEpoch": 904,
  "championParameters": {
    "forwardPassMinGain": 17.0,
    "markDistance": 68.0,
    "passChanceDefault": 0.18369999527931213,
    "passChanceForward": 0.12020000070333481,
    "passChancePressured": 0.4000000059604645,
    "passChanceWing": 0.009999999776482582,
    "shootProgressThreshold": 0.8108000159263611,
    "tackleChance": 0.19030000269412994
  },
  "createdAt": "2026-04-30T10:01:22Z",
  "epoch": 909,
  "evaluation": {
    "avgGoals": 11.65,
    "avgOutOfBounds": 0.01,
    "avgPasses": 135.98,
    "avgShots": 37.52,
    "avgTackles": 5.68,
    "baselineAvgGoals": 5.838,
    "candidateAvgGoals": 5.812,
    "candidateWon": false,
    "earlyStop": null,
    "elapsedMs": 286,
    "games": 1000,
    "gamesPerSecond": 3496.5,
    "goalDiff": -26.0,
    "maxGames": 1000,
    "passCompletionRate": 0.911,
    "tackleSuccessRate": 1.0,
    "zScore": -0.133
  },
  "gamesPerEpoch": 1000,
  "name": "epoch-909",
  "opponent": {
    "parameters": {
      "forwardPassMinGain": 17.0,
      "markDistance": 68.0,
      "passChanceDefault": 0.18369999527931213,
      "passChanceForward": 0.12020000070333481,
      "passChancePressured": 0.4000000059604645,
      "passChanceWing": 0.009999999776482582,
      "shootProgressThreshold": 0.8108000159263611,
      "tackleChance": 0.19030000269412994
    },
    "sourceEpoch": 904
  },
  "session": "session-4"
}
