{
  "accepted": false,
  "candidate": {
    "parameters": {
      "forwardPassMinGain": 18.0,
      "markDistance": 73.0,
      "passChanceDefault": 0.17990000545978546,
      "passChanceForward": 0.14149999618530273,
      "passChancePressured": 0.37389999628067017,
      "passChanceWing": 0.009999999776482582,
      "shootProgressThreshold": 0.8241000175476074,
      "tackleChance": 0.15080000460147858
    }
  },
  "championEpoch": 635,
  "championParameters": {
    "forwardPassMinGain": 18.0,
    "markDistance": 65.0,
    "passChanceDefault": 0.17990000545978546,
    "passChanceForward": 0.14149999618530273,
    "passChancePressured": 0.37389999628067017,
    "passChanceWing": 0.009999999776482582,
    "shootProgressThreshold": 0.8241000175476074,
    "tackleChance": 0.15080000460147858
  },
  "createdAt": "2026-04-30T10:00:18Z",
  "epoch": 642,
  "evaluation": {
    "avgGoals": 11.38,
    "avgOutOfBounds": 0.01,
    "avgPasses": 132.57,
    "avgShots": 39.98,
    "avgTackles": 5.56,
    "baselineAvgGoals": 5.807,
    "candidateAvgGoals": 5.574,
    "candidateWon": false,
    "earlyStop": null,
    "elapsedMs": 284,
    "games": 1000,
    "gamesPerSecond": 3521.13,
    "goalDiff": -233.0,
    "maxGames": 1000,
    "passCompletionRate": 0.909,
    "tackleSuccessRate": 1.0,
    "zScore": -1.228
  },
  "gamesPerEpoch": 1000,
  "name": "epoch-642",
  "opponent": {
    "parameters": {
      "forwardPassMinGain": 18.0,
      "markDistance": 65.0,
      "passChanceDefault": 0.17990000545978546,
      "passChanceForward": 0.14149999618530273,
      "passChancePressured": 0.37389999628067017,
      "passChanceWing": 0.009999999776482582,
      "shootProgressThreshold": 0.8241000175476074,
      "tackleChance": 0.15080000460147858
    },
    "sourceEpoch": 635
  },
  "session": "session-4"
}
