{
  "accepted": true,
  "candidate": {
    "parameters": {
      "forwardPassMinGain": 3.0,
      "markDistance": 66.0,
      "passChanceDefault": 0.07699999958276749,
      "passChanceForward": 0.16689999401569366,
      "passChancePressured": 0.4000000059604645,
      "passChanceWing": 0.009999999776482582,
      "shootProgressThreshold": 0.8145999908447266,
      "tackleChance": 0.19020000100135803
    }
  },
  "championEpoch": 173,
  "championParameters": {
    "forwardPassMinGain": 3.0,
    "markDistance": 66.0,
    "passChanceDefault": 0.07699999958276749,
    "passChanceForward": 0.16689999401569366,
    "passChancePressured": 0.4000000059604645,
    "passChanceWing": 0.009999999776482582,
    "shootProgressThreshold": 0.8145999908447266,
    "tackleChance": 0.19020000100135803
  },
  "createdAt": "2026-04-30T09:58:30Z",
  "epoch": 173,
  "evaluation": {
    "avgGoals": 11.57,
    "avgOutOfBounds": 0.01,
    "avgPasses": 138.78,
    "avgShots": 36.23,
    "avgTackles": 5.36,
    "baselineAvgGoals": 5.767,
    "candidateAvgGoals": 5.802,
    "candidateWon": true,
    "earlyStop": null,
    "elapsedMs": 286,
    "games": 1000,
    "gamesPerSecond": 3496.5,
    "goalDiff": 35.0,
    "maxGames": 1000,
    "passCompletionRate": 0.91,
    "tackleSuccessRate": 1.0,
    "zScore": 0.181
  },
  "gamesPerEpoch": 1000,
  "name": "epoch-173",
  "opponent": {
    "parameters": {
      "forwardPassMinGain": 3.0,
      "markDistance": 67.0,
      "passChanceDefault": 0.07699999958276749,
      "passChanceForward": 0.16689999401569366,
      "passChancePressured": 0.3917999863624573,
      "passChanceWing": 0.009999999776482582,
      "shootProgressThreshold": 0.8145999908447266,
      "tackleChance": 0.19020000100135803
    },
    "sourceEpoch": 166
  },
  "session": "session-4"
}
