{
  "accepted": false,
  "candidate": {
    "parameters": {
      "forwardPassMinGain": 17.0,
      "markDistance": 65.0,
      "passChanceDefault": 0.004999999888241291,
      "passChanceForward": 0.16290000081062317,
      "passChancePressured": 0.3538999855518341,
      "passChanceWing": 0.009999999776482582,
      "shootProgressThreshold": 0.8141999840736389,
      "tackleChance": 0.19050000607967377
    }
  },
  "championEpoch": 428,
  "championParameters": {
    "forwardPassMinGain": 17.0,
    "markDistance": 65.0,
    "passChanceDefault": 0.004999999888241291,
    "passChanceForward": 0.16290000081062317,
    "passChancePressured": 0.37299999594688416,
    "passChanceWing": 0.010499999858438969,
    "shootProgressThreshold": 0.8141999840736389,
    "tackleChance": 0.1867000013589859
  },
  "createdAt": "2026-04-30T09:59:29Z",
  "epoch": 430,
  "evaluation": {
    "avgGoals": 12.38,
    "avgOutOfBounds": 0.01,
    "avgPasses": 131.21,
    "avgShots": 39.23,
    "avgTackles": 5.51,
    "baselineAvgGoals": 6.2,
    "candidateAvgGoals": 6.179,
    "candidateWon": false,
    "earlyStop": null,
    "elapsedMs": 291,
    "games": 1000,
    "gamesPerSecond": 3436.43,
    "goalDiff": -21.0,
    "maxGames": 1000,
    "passCompletionRate": 0.905,
    "tackleSuccessRate": 1.0,
    "zScore": -0.106
  },
  "gamesPerEpoch": 1000,
  "name": "epoch-430",
  "opponent": {
    "parameters": {
      "forwardPassMinGain": 17.0,
      "markDistance": 65.0,
      "passChanceDefault": 0.004999999888241291,
      "passChanceForward": 0.16290000081062317,
      "passChancePressured": 0.37299999594688416,
      "passChanceWing": 0.010499999858438969,
      "shootProgressThreshold": 0.8141999840736389,
      "tackleChance": 0.1867000013589859
    },
    "sourceEpoch": 428
  },
  "session": "session-4"
}
