{
  "accepted": false,
  "candidate": {
    "parameters": {
      "forwardPassMinGain": 14.0,
      "markDistance": 54.0,
      "passChanceDefault": 0.004999999888241291,
      "passChanceForward": 0.18000000715255737,
      "passChancePressured": 0.3190999925136566,
      "passChanceWing": 0.010499999858438969,
      "shootProgressThreshold": 0.7878000140190125,
      "tackleChance": 0.19089999794960022
    }
  },
  "championEpoch": 419,
  "championParameters": {
    "forwardPassMinGain": 13.0,
    "markDistance": 61.0,
    "passChanceDefault": 0.004999999888241291,
    "passChanceForward": 0.18000000715255737,
    "passChancePressured": 0.37299999594688416,
    "passChanceWing": 0.010499999858438969,
    "shootProgressThreshold": 0.8141999840736389,
    "tackleChance": 0.2199999988079071
  },
  "createdAt": "2026-04-30T09:59:27Z",
  "epoch": 420,
  "evaluation": {
    "avgGoals": 7.39,
    "avgOutOfBounds": 0.01,
    "avgPasses": 123.08,
    "avgShots": 89.63,
    "avgTackles": 3.58,
    "baselineAvgGoals": 4.25,
    "candidateAvgGoals": 3.14,
    "candidateWon": false,
    "earlyStop": "worse",
    "elapsedMs": 32,
    "games": 100,
    "gamesPerSecond": 3125.0,
    "goalDiff": -111.0,
    "maxGames": 1000,
    "passCompletionRate": 0.94,
    "tackleSuccessRate": 1.0,
    "zScore": -2.963
  },
  "gamesPerEpoch": 1000,
  "name": "epoch-420",
  "opponent": {
    "parameters": {
      "forwardPassMinGain": 13.0,
      "markDistance": 61.0,
      "passChanceDefault": 0.004999999888241291,
      "passChanceForward": 0.18000000715255737,
      "passChancePressured": 0.37299999594688416,
      "passChanceWing": 0.010499999858438969,
      "shootProgressThreshold": 0.8141999840736389,
      "tackleChance": 0.2199999988079071
    },
    "sourceEpoch": 419
  },
  "session": "session-4"
}
