{
  "accepted": false,
  "candidate": {
    "parameters": {
      "forwardPassMinGain": 13.0,
      "markDistance": 69.0,
      "passChanceDefault": 0.08910000324249268,
      "passChanceForward": 0.0868000015616417,
      "passChancePressured": 0.4000000059604645,
      "passChanceWing": 0.03240000084042549,
      "shootProgressThreshold": 0.8080999851226807,
      "tackleChance": 0.18019999563694
    }
  },
  "championEpoch": 13,
  "championParameters": {
    "forwardPassMinGain": 11.0,
    "markDistance": 69.0,
    "passChanceDefault": 0.08910000324249268,
    "passChanceForward": 0.10360000282526016,
    "passChancePressured": 0.4000000059604645,
    "passChanceWing": 0.016200000420212746,
    "shootProgressThreshold": 0.8080999851226807,
    "tackleChance": 0.2012999951839447
  },
  "createdAt": "2026-04-30T09:57:55Z",
  "epoch": 19,
  "evaluation": {
    "avgGoals": 11.13,
    "avgOutOfBounds": 0.01,
    "avgPasses": 138.34,
    "avgShots": 36.87,
    "avgTackles": 5.62,
    "baselineAvgGoals": 5.624,
    "candidateAvgGoals": 5.507,
    "candidateWon": false,
    "earlyStop": null,
    "elapsedMs": 278,
    "games": 1000,
    "gamesPerSecond": 3597.12,
    "goalDiff": -117.0,
    "maxGames": 1000,
    "passCompletionRate": 0.918,
    "tackleSuccessRate": 1.0,
    "zScore": -0.626
  },
  "gamesPerEpoch": 1000,
  "name": "epoch-019",
  "opponent": {
    "parameters": {
      "forwardPassMinGain": 11.0,
      "markDistance": 69.0,
      "passChanceDefault": 0.08910000324249268,
      "passChanceForward": 0.10360000282526016,
      "passChancePressured": 0.4000000059604645,
      "passChanceWing": 0.016200000420212746,
      "shootProgressThreshold": 0.8080999851226807,
      "tackleChance": 0.2012999951839447
    },
    "sourceEpoch": 13
  },
  "session": "session-4"
}
