{
  "accepted": false,
  "candidate": {
    "parameters": {
      "forwardPassMinGain": 14.0,
      "markDistance": 69.0,
      "passChanceDefault": 0.1534000039100647,
      "passChanceForward": 0.1543000042438507,
      "passChancePressured": 0.4000000059604645,
      "passChanceWing": 0.02199999988079071,
      "shootProgressThreshold": 0.8173999786376953,
      "tackleChance": 0.15459999442100525
    }
  },
  "championEpoch": 732,
  "championParameters": {
    "forwardPassMinGain": 18.0,
    "markDistance": 66.0,
    "passChanceDefault": 0.1534000039100647,
    "passChanceForward": 0.16439999639987946,
    "passChancePressured": 0.392300009727478,
    "passChanceWing": 0.02199999988079071,
    "shootProgressThreshold": 0.8173999786376953,
    "tackleChance": 0.14869999885559082
  },
  "createdAt": "2026-04-30T10:00:42Z",
  "epoch": 740,
  "evaluation": {
    "avgGoals": 11.48,
    "avgOutOfBounds": 0.0,
    "avgPasses": 141.04,
    "avgShots": 36.58,
    "avgTackles": 5.28,
    "baselineAvgGoals": 5.813,
    "candidateAvgGoals": 5.668,
    "candidateWon": false,
    "earlyStop": null,
    "elapsedMs": 288,
    "games": 1000,
    "gamesPerSecond": 3472.22,
    "goalDiff": -145.0,
    "maxGames": 1000,
    "passCompletionRate": 0.916,
    "tackleSuccessRate": 1.0,
    "zScore": -0.754
  },
  "gamesPerEpoch": 1000,
  "name": "epoch-740",
  "opponent": {
    "parameters": {
      "forwardPassMinGain": 18.0,
      "markDistance": 66.0,
      "passChanceDefault": 0.1534000039100647,
      "passChanceForward": 0.16439999639987946,
      "passChancePressured": 0.392300009727478,
      "passChanceWing": 0.02199999988079071,
      "shootProgressThreshold": 0.8173999786376953,
      "tackleChance": 0.14869999885559082
    },
    "sourceEpoch": 732
  },
  "session": "session-4"
}
