{
  "accepted": false,
  "candidate": {
    "parameters": {
      "forwardPassMinGain": 12.0,
      "markDistance": 72.0,
      "passChanceDefault": 0.09740000218153,
      "passChanceForward": 0.1005999967455864,
      "passChancePressured": 0.4000000059604645,
      "passChanceWing": 0.009999999776482582,
      "shootProgressThreshold": 0.8130000233650208,
      "tackleChance": 0.19979999959468842
    }
  },
  "championEpoch": 68,
  "championParameters": {
    "forwardPassMinGain": 10.0,
    "markDistance": 69.0,
    "passChanceDefault": 0.09740000218153,
    "passChanceForward": 0.1005999967455864,
    "passChancePressured": 0.4000000059604645,
    "passChanceWing": 0.009999999776482582,
    "shootProgressThreshold": 0.8130000233650208,
    "tackleChance": 0.17329999804496765
  },
  "createdAt": "2026-04-30T09:58:07Z",
  "epoch": 71,
  "evaluation": {
    "avgGoals": 11.76,
    "avgOutOfBounds": 0.01,
    "avgPasses": 129.38,
    "avgShots": 37.93,
    "avgTackles": 5.76,
    "baselineAvgGoals": 5.896,
    "candidateAvgGoals": 5.863,
    "candidateWon": false,
    "earlyStop": null,
    "elapsedMs": 276,
    "games": 1000,
    "gamesPerSecond": 3623.19,
    "goalDiff": -33.0,
    "maxGames": 1000,
    "passCompletionRate": 0.903,
    "tackleSuccessRate": 1.0,
    "zScore": -0.166
  },
  "gamesPerEpoch": 1000,
  "name": "epoch-071",
  "opponent": {
    "parameters": {
      "forwardPassMinGain": 10.0,
      "markDistance": 69.0,
      "passChanceDefault": 0.09740000218153,
      "passChanceForward": 0.1005999967455864,
      "passChancePressured": 0.4000000059604645,
      "passChanceWing": 0.009999999776482582,
      "shootProgressThreshold": 0.8130000233650208,
      "tackleChance": 0.17329999804496765
    },
    "sourceEpoch": 68
  },
  "session": "session-4"
}
