{
  "accepted": true,
  "candidate": {
    "parameters": {
      "forwardPassMinGain": 16.0,
      "markDistance": 71.0,
      "passChanceDefault": 0.019700000062584877,
      "passChanceForward": 0.12939999997615814,
      "passChancePressured": 0.4000000059604645,
      "passChanceWing": 0.009999999776482582,
      "shootProgressThreshold": 0.8166000247001648,
      "tackleChance": 0.20669999718666077
    }
  },
  "championEpoch": 257,
  "championParameters": {
    "forwardPassMinGain": 16.0,
    "markDistance": 71.0,
    "passChanceDefault": 0.019700000062584877,
    "passChanceForward": 0.12939999997615814,
    "passChancePressured": 0.4000000059604645,
    "passChanceWing": 0.009999999776482582,
    "shootProgressThreshold": 0.8166000247001648,
    "tackleChance": 0.20669999718666077
  },
  "createdAt": "2026-04-30T09:58:50Z",
  "epoch": 257,
  "evaluation": {
    "avgGoals": 12.06,
    "avgOutOfBounds": 0.01,
    "avgPasses": 125.76,
    "avgShots": 39.96,
    "avgTackles": 5.88,
    "baselineAvgGoals": 5.97,
    "candidateAvgGoals": 6.093,
    "candidateWon": true,
    "earlyStop": null,
    "elapsedMs": 290,
    "games": 1000,
    "gamesPerSecond": 3448.28,
    "goalDiff": 123.0,
    "maxGames": 1000,
    "passCompletionRate": 0.901,
    "tackleSuccessRate": 1.0,
    "zScore": 0.617
  },
  "gamesPerEpoch": 1000,
  "name": "epoch-257",
  "opponent": {
    "parameters": {
      "forwardPassMinGain": 16.0,
      "markDistance": 66.0,
      "passChanceDefault": 0.004999999888241291,
      "passChanceForward": 0.13490000367164612,
      "passChancePressured": 0.4000000059604645,
      "passChanceWing": 0.009999999776482582,
      "shootProgressThreshold": 0.8166000247001648,
      "tackleChance": 0.20419999957084656
    },
    "sourceEpoch": 247
  },
  "session": "session-4"
}
