{
  "accepted": false,
  "candidate": {
    "parameters": {
      "forwardPassMinGain": 18.0,
      "markDistance": 66.0,
      "passChanceDefault": 0.025100000202655792,
      "passChanceForward": 0.13490000367164612,
      "passChancePressured": 0.4000000059604645,
      "passChanceWing": 0.009999999776482582,
      "shootProgressThreshold": 0.8392999768257141,
      "tackleChance": 0.20419999957084656
    }
  },
  "championEpoch": 247,
  "championParameters": {
    "forwardPassMinGain": 16.0,
    "markDistance": 66.0,
    "passChanceDefault": 0.004999999888241291,
    "passChanceForward": 0.13490000367164612,
    "passChancePressured": 0.4000000059604645,
    "passChanceWing": 0.009999999776482582,
    "shootProgressThreshold": 0.8166000247001648,
    "tackleChance": 0.20419999957084656
  },
  "createdAt": "2026-04-30T09:58:48Z",
  "epoch": 249,
  "evaluation": {
    "avgGoals": 11.15,
    "avgOutOfBounds": 0.01,
    "avgPasses": 128.14,
    "avgShots": 45.12,
    "avgTackles": 5.3,
    "baselineAvgGoals": 5.786,
    "candidateAvgGoals": 5.362,
    "candidateWon": false,
    "earlyStop": null,
    "elapsedMs": 285,
    "games": 1000,
    "gamesPerSecond": 3508.77,
    "goalDiff": -424.0,
    "maxGames": 1000,
    "passCompletionRate": 0.903,
    "tackleSuccessRate": 1.0,
    "zScore": -2.268
  },
  "gamesPerEpoch": 1000,
  "name": "epoch-249",
  "opponent": {
    "parameters": {
      "forwardPassMinGain": 16.0,
      "markDistance": 66.0,
      "passChanceDefault": 0.004999999888241291,
      "passChanceForward": 0.13490000367164612,
      "passChancePressured": 0.4000000059604645,
      "passChanceWing": 0.009999999776482582,
      "shootProgressThreshold": 0.8166000247001648,
      "tackleChance": 0.20419999957084656
    },
    "sourceEpoch": 247
  },
  "session": "session-4"
}
