{
  "accepted": false,
  "candidate": {
    "parameters": {
      "forwardPassMinGain": 18.0,
      "markDistance": 65.0,
      "passChanceDefault": 0.17990000545978546,
      "passChanceForward": 0.14149999618530273,
      "passChancePressured": 0.38749998807907104,
      "passChanceWing": 0.009999999776482582,
      "shootProgressThreshold": 0.7975999712944031,
      "tackleChance": 0.15080000460147858
    }
  },
  "championEpoch": 635,
  "championParameters": {
    "forwardPassMinGain": 18.0,
    "markDistance": 65.0,
    "passChanceDefault": 0.17990000545978546,
    "passChanceForward": 0.14149999618530273,
    "passChancePressured": 0.37389999628067017,
    "passChanceWing": 0.009999999776482582,
    "shootProgressThreshold": 0.8241000175476074,
    "tackleChance": 0.15080000460147858
  },
  "createdAt": "2026-04-30T10:00:18Z",
  "epoch": 640,
  "evaluation": {
    "avgGoals": 10.76,
    "avgOutOfBounds": 0.01,
    "avgPasses": 136.42,
    "avgShots": 46.77,
    "avgTackles": 5.37,
    "baselineAvgGoals": 5.489,
    "candidateAvgGoals": 5.271,
    "candidateWon": false,
    "earlyStop": null,
    "elapsedMs": 290,
    "games": 1000,
    "gamesPerSecond": 3448.28,
    "goalDiff": -218.0,
    "maxGames": 1000,
    "passCompletionRate": 0.921,
    "tackleSuccessRate": 1.0,
    "zScore": -1.255
  },
  "gamesPerEpoch": 1000,
  "name": "epoch-640",
  "opponent": {
    "parameters": {
      "forwardPassMinGain": 18.0,
      "markDistance": 65.0,
      "passChanceDefault": 0.17990000545978546,
      "passChanceForward": 0.14149999618530273,
      "passChancePressured": 0.37389999628067017,
      "passChanceWing": 0.009999999776482582,
      "shootProgressThreshold": 0.8241000175476074,
      "tackleChance": 0.15080000460147858
    },
    "sourceEpoch": 635
  },
  "session": "session-4"
}
