{
  "accepted": false,
  "candidate": {
    "parameters": {
      "forwardPassMinGain": 17.0,
      "markDistance": 62.0,
      "passChanceDefault": 0.20000000298023224,
      "passChanceForward": 0.12060000002384186,
      "passChancePressured": 0.39250001311302185,
      "passChanceWing": 0.041099999099969864,
      "shootProgressThreshold": 0.7653999924659729,
      "tackleChance": 0.20489999651908875
    }
  },
  "championEpoch": 956,
  "championParameters": {
    "forwardPassMinGain": 16.0,
    "markDistance": 65.0,
    "passChanceDefault": 0.20000000298023224,
    "passChanceForward": 0.12150000035762787,
    "passChancePressured": 0.39250001311302185,
    "passChanceWing": 0.041099999099969864,
    "shootProgressThreshold": 0.8082000017166138,
    "tackleChance": 0.20489999651908875
  },
  "createdAt": "2026-04-30T10:01:32Z",
  "epoch": 958,
  "evaluation": {
    "avgGoals": 3.14,
    "avgOutOfBounds": 0.0,
    "avgPasses": 118.36,
    "avgShots": 118.51,
    "avgTackles": 2.15,
    "baselineAvgGoals": 2.44,
    "candidateAvgGoals": 0.7,
    "candidateWon": false,
    "earlyStop": "worse",
    "elapsedMs": 31,
    "games": 100,
    "gamesPerSecond": 3225.81,
    "goalDiff": -174.0,
    "maxGames": 1000,
    "passCompletionRate": 0.969,
    "tackleSuccessRate": 1.0,
    "zScore": -5.934
  },
  "gamesPerEpoch": 1000,
  "name": "epoch-958",
  "opponent": {
    "parameters": {
      "forwardPassMinGain": 16.0,
      "markDistance": 65.0,
      "passChanceDefault": 0.20000000298023224,
      "passChanceForward": 0.12150000035762787,
      "passChancePressured": 0.39250001311302185,
      "passChanceWing": 0.041099999099969864,
      "shootProgressThreshold": 0.8082000017166138,
      "tackleChance": 0.20489999651908875
    },
    "sourceEpoch": 956
  },
  "session": "session-4"
}
