{
  "accepted": false,
  "candidate": {
    "parameters": {
      "forwardPassMinGain": 10.0,
      "markDistance": 63.0,
      "passChanceDefault": 0.045099999755620956,
      "passChanceForward": 0.16220000386238098,
      "passChancePressured": 0.31790000200271606,
      "passChanceWing": 0.009999999776482582,
      "shootProgressThreshold": 0.7971000075340271,
      "tackleChance": 0.19850000739097595
    }
  },
  "championEpoch": 329,
  "championParameters": {
    "forwardPassMinGain": 13.0,
    "markDistance": 63.0,
    "passChanceDefault": 0.039799999445676804,
    "passChanceForward": 0.16220000386238098,
    "passChancePressured": 0.4000000059604645,
    "passChanceWing": 0.009999999776482582,
    "shootProgressThreshold": 0.8137999773025513,
    "tackleChance": 0.19850000739097595
  },
  "createdAt": "2026-04-30T09:59:07Z",
  "epoch": 331,
  "evaluation": {
    "avgGoals": 11.22,
    "avgOutOfBounds": 0.01,
    "avgPasses": 134.98,
    "avgShots": 46.34,
    "avgTackles": 5.4,
    "baselineAvgGoals": 5.818,
    "candidateAvgGoals": 5.405,
    "candidateWon": false,
    "earlyStop": null,
    "elapsedMs": 291,
    "games": 1000,
    "gamesPerSecond": 3436.43,
    "goalDiff": -413.0,
    "maxGames": 1000,
    "passCompletionRate": 0.919,
    "tackleSuccessRate": 1.0,
    "zScore": -2.315
  },
  "gamesPerEpoch": 1000,
  "name": "epoch-331",
  "opponent": {
    "parameters": {
      "forwardPassMinGain": 13.0,
      "markDistance": 63.0,
      "passChanceDefault": 0.039799999445676804,
      "passChanceForward": 0.16220000386238098,
      "passChancePressured": 0.4000000059604645,
      "passChanceWing": 0.009999999776482582,
      "shootProgressThreshold": 0.8137999773025513,
      "tackleChance": 0.19850000739097595
    },
    "sourceEpoch": 329
  },
  "session": "session-4"
}
