{
  "accepted": false,
  "candidate": {
    "parameters": {
      "forwardPassMinGain": 18.0,
      "markDistance": 67.0,
      "passChanceDefault": 0.1665000021457672,
      "passChanceForward": 0.14149999618530273,
      "passChancePressured": 0.3968000113964081,
      "passChanceWing": 0.009999999776482582,
      "shootProgressThreshold": 0.826200008392334,
      "tackleChance": 0.16439999639987946
    }
  },
  "championEpoch": 643,
  "championParameters": {
    "forwardPassMinGain": 18.0,
    "markDistance": 63.0,
    "passChanceDefault": 0.17990000545978546,
    "passChanceForward": 0.14149999618530273,
    "passChancePressured": 0.37369999289512634,
    "passChanceWing": 0.009999999776482582,
    "shootProgressThreshold": 0.826200008392334,
    "tackleChance": 0.16439999639987946
  },
  "createdAt": "2026-04-30T10:00:19Z",
  "epoch": 645,
  "evaluation": {
    "avgGoals": 11.19,
    "avgOutOfBounds": 0.01,
    "avgPasses": 138.07,
    "avgShots": 41.71,
    "avgTackles": 5.04,
    "baselineAvgGoals": 5.597,
    "candidateAvgGoals": 5.596,
    "candidateWon": false,
    "earlyStop": null,
    "elapsedMs": 292,
    "games": 1000,
    "gamesPerSecond": 3424.66,
    "goalDiff": -1.0,
    "maxGames": 1000,
    "passCompletionRate": 0.916,
    "tackleSuccessRate": 1.0,
    "zScore": -0.005
  },
  "gamesPerEpoch": 1000,
  "name": "epoch-645",
  "opponent": {
    "parameters": {
      "forwardPassMinGain": 18.0,
      "markDistance": 63.0,
      "passChanceDefault": 0.17990000545978546,
      "passChanceForward": 0.14149999618530273,
      "passChancePressured": 0.37369999289512634,
      "passChanceWing": 0.009999999776482582,
      "shootProgressThreshold": 0.826200008392334,
      "tackleChance": 0.16439999639987946
    },
    "sourceEpoch": 643
  },
  "session": "session-4"
}
