{
  "accepted": false,
  "candidate": {
    "parameters": {
      "forwardPassMinGain": 18.0,
      "markDistance": 70.0,
      "passChanceDefault": 0.08259999752044678,
      "passChanceForward": 0.18000000715255737,
      "passChancePressured": 0.366100013256073,
      "passChanceWing": 0.009999999776482582,
      "shootProgressThreshold": 0.77920001745224,
      "tackleChance": 0.20419999957084656
    }
  },
  "championEpoch": 535,
  "championParameters": {
    "forwardPassMinGain": 17.0,
    "markDistance": 70.0,
    "passChanceDefault": 0.08259999752044678,
    "passChanceForward": 0.18000000715255737,
    "passChancePressured": 0.4000000059604645,
    "passChanceWing": 0.009999999776482582,
    "shootProgressThreshold": 0.8138999938964844,
    "tackleChance": 0.20419999957084656
  },
  "createdAt": "2026-04-30T09:59:56Z",
  "epoch": 542,
  "evaluation": {
    "avgGoals": 4.1,
    "avgOutOfBounds": 0.0,
    "avgPasses": 107.59,
    "avgShots": 123.56,
    "avgTackles": 2.8,
    "baselineAvgGoals": 2.97,
    "candidateAvgGoals": 1.13,
    "candidateWon": false,
    "earlyStop": "worse",
    "elapsedMs": 31,
    "games": 100,
    "gamesPerSecond": 3225.81,
    "goalDiff": -184.0,
    "maxGames": 1000,
    "passCompletionRate": 0.957,
    "tackleSuccessRate": 1.0,
    "zScore": -5.349
  },
  "gamesPerEpoch": 1000,
  "name": "epoch-542",
  "opponent": {
    "parameters": {
      "forwardPassMinGain": 17.0,
      "markDistance": 70.0,
      "passChanceDefault": 0.08259999752044678,
      "passChanceForward": 0.18000000715255737,
      "passChancePressured": 0.4000000059604645,
      "passChanceWing": 0.009999999776482582,
      "shootProgressThreshold": 0.8138999938964844,
      "tackleChance": 0.20419999957084656
    },
    "sourceEpoch": 535
  },
  "session": "session-4"
}
