{
  "accepted": false,
  "candidate": {
    "parameters": {
      "forwardPassMinGain": 18.0,
      "markDistance": 65.0,
      "passChanceDefault": 0.10409999638795853,
      "passChanceForward": 0.18000000715255737,
      "passChancePressured": 0.4000000059604645,
      "passChanceWing": 0.009999999776482582,
      "shootProgressThreshold": 0.7581999897956848,
      "tackleChance": 0.1680999994277954
    }
  },
  "championEpoch": 581,
  "championParameters": {
    "forwardPassMinGain": 18.0,
    "markDistance": 65.0,
    "passChanceDefault": 0.09000000357627869,
    "passChanceForward": 0.18000000715255737,
    "passChancePressured": 0.4000000059604645,
    "passChanceWing": 0.009999999776482582,
    "shootProgressThreshold": 0.8141999840736389,
    "tackleChance": 0.1680999994277954
  },
  "createdAt": "2026-04-30T10:00:04Z",
  "epoch": 584,
  "evaluation": {
    "avgGoals": 2.42,
    "avgOutOfBounds": 0.0,
    "avgPasses": 105.71,
    "avgShots": 141.25,
    "avgTackles": 2.51,
    "baselineAvgGoals": 2.03,
    "candidateAvgGoals": 0.39,
    "candidateWon": false,
    "earlyStop": "worse",
    "elapsedMs": 32,
    "games": 100,
    "gamesPerSecond": 3125.0,
    "goalDiff": -164.0,
    "maxGames": 1000,
    "passCompletionRate": 0.978,
    "tackleSuccessRate": 1.0,
    "zScore": -6.328
  },
  "gamesPerEpoch": 1000,
  "name": "epoch-584",
  "opponent": {
    "parameters": {
      "forwardPassMinGain": 18.0,
      "markDistance": 65.0,
      "passChanceDefault": 0.09000000357627869,
      "passChanceForward": 0.18000000715255737,
      "passChancePressured": 0.4000000059604645,
      "passChanceWing": 0.009999999776482582,
      "shootProgressThreshold": 0.8141999840736389,
      "tackleChance": 0.1680999994277954
    },
    "sourceEpoch": 581
  },
  "session": "session-4"
}
