{
  "accepted": false,
  "candidate": {
    "parameters": {
      "forwardPassMinGain": 16.0,
      "markDistance": 69.0,
      "passChanceDefault": 0.020999999716877937,
      "passChanceForward": 0.18000000715255737,
      "passChancePressured": 0.334199994802475,
      "passChanceWing": 0.009999999776482582,
      "shootProgressThreshold": 0.8138999938964844,
      "tackleChance": 0.2070000022649765
    }
  },
  "championEpoch": 485,
  "championParameters": {
    "forwardPassMinGain": 16.0,
    "markDistance": 69.0,
    "passChanceDefault": 0.020999999716877937,
    "passChanceForward": 0.18000000715255737,
    "passChancePressured": 0.4000000059604645,
    "passChanceWing": 0.009999999776482582,
    "shootProgressThreshold": 0.8138999938964844,
    "tackleChance": 0.2070000022649765
  },
  "createdAt": "2026-04-30T09:59:43Z",
  "epoch": 490,
  "evaluation": {
    "avgGoals": 12.29,
    "avgOutOfBounds": 0.01,
    "avgPasses": 126.27,
    "avgShots": 38.48,
    "avgTackles": 6.03,
    "baselineAvgGoals": 6.185,
    "candidateAvgGoals": 6.109,
    "candidateWon": false,
    "earlyStop": null,
    "elapsedMs": 284,
    "games": 1000,
    "gamesPerSecond": 3521.13,
    "goalDiff": -76.0,
    "maxGames": 1000,
    "passCompletionRate": 0.9,
    "tackleSuccessRate": 1.0,
    "zScore": -0.369
  },
  "gamesPerEpoch": 1000,
  "name": "epoch-490",
  "opponent": {
    "parameters": {
      "forwardPassMinGain": 16.0,
      "markDistance": 69.0,
      "passChanceDefault": 0.020999999716877937,
      "passChanceForward": 0.18000000715255737,
      "passChancePressured": 0.4000000059604645,
      "passChanceWing": 0.009999999776482582,
      "shootProgressThreshold": 0.8138999938964844,
      "tackleChance": 0.2070000022649765
    },
    "sourceEpoch": 485
  },
  "session": "session-4"
}
