{
  "accepted": false,
  "candidate": {
    "parameters": {
      "forwardPassMinGain": 18.0,
      "markDistance": 65.0,
      "passChanceDefault": 0.02070000022649765,
      "passChanceForward": 0.1687999963760376,
      "passChancePressured": 0.4000000059604645,
      "passChanceWing": 0.01640000008046627,
      "shootProgressThreshold": 0.7764999866485596,
      "tackleChance": 0.21150000393390656
    }
  },
  "championEpoch": 462,
  "championParameters": {
    "forwardPassMinGain": 18.0,
    "markDistance": 65.0,
    "passChanceDefault": 0.039400000125169754,
    "passChanceForward": 0.1687999963760376,
    "passChancePressured": 0.39629998803138733,
    "passChanceWing": 0.011800000444054604,
    "shootProgressThreshold": 0.8138999938964844,
    "tackleChance": 0.21150000393390656
  },
  "createdAt": "2026-04-30T09:59:38Z",
  "epoch": 471,
  "evaluation": {
    "avgGoals": 3.49,
    "avgOutOfBounds": 0.01,
    "avgPasses": 106.09,
    "avgShots": 131.95,
    "avgTackles": 2.18,
    "baselineAvgGoals": 2.69,
    "candidateAvgGoals": 0.8,
    "candidateWon": false,
    "earlyStop": "worse",
    "elapsedMs": 32,
    "games": 100,
    "gamesPerSecond": 3125.0,
    "goalDiff": -189.0,
    "maxGames": 1000,
    "passCompletionRate": 0.967,
    "tackleSuccessRate": 1.0,
    "zScore": -6.436
  },
  "gamesPerEpoch": 1000,
  "name": "epoch-471",
  "opponent": {
    "parameters": {
      "forwardPassMinGain": 18.0,
      "markDistance": 65.0,
      "passChanceDefault": 0.039400000125169754,
      "passChanceForward": 0.1687999963760376,
      "passChancePressured": 0.39629998803138733,
      "passChanceWing": 0.011800000444054604,
      "shootProgressThreshold": 0.8138999938964844,
      "tackleChance": 0.21150000393390656
    },
    "sourceEpoch": 462
  },
  "session": "session-4"
}
