{
  "accepted": true,
  "candidate": {
    "parameters": {
      "forwardPassMinGain": 18.0,
      "markDistance": 62.0,
      "passChanceDefault": 0.05889999866485596,
      "passChanceForward": 0.16290000081062317,
      "passChancePressured": 0.4000000059604645,
      "passChanceWing": 0.009999999776482582,
      "shootProgressThreshold": 0.8141999840736389,
      "tackleChance": 0.1923000067472458
    }
  },
  "championEpoch": 578,
  "championParameters": {
    "forwardPassMinGain": 18.0,
    "markDistance": 62.0,
    "passChanceDefault": 0.05889999866485596,
    "passChanceForward": 0.16290000081062317,
    "passChancePressured": 0.4000000059604645,
    "passChanceWing": 0.009999999776482582,
    "shootProgressThreshold": 0.8141999840736389,
    "tackleChance": 0.1923000067472458
  },
  "createdAt": "2026-04-30T10:00:03Z",
  "epoch": 578,
  "evaluation": {
    "avgGoals": 12.11,
    "avgOutOfBounds": 0.01,
    "avgPasses": 134.45,
    "avgShots": 37.88,
    "avgTackles": 5.49,
    "baselineAvgGoals": 5.994,
    "candidateAvgGoals": 6.113,
    "candidateWon": true,
    "earlyStop": null,
    "elapsedMs": 301,
    "games": 1000,
    "gamesPerSecond": 3322.26,
    "goalDiff": 119.0,
    "maxGames": 1000,
    "passCompletionRate": 0.903,
    "tackleSuccessRate": 1.0,
    "zScore": 0.617
  },
  "gamesPerEpoch": 1000,
  "name": "epoch-578",
  "opponent": {
    "parameters": {
      "forwardPassMinGain": 18.0,
      "markDistance": 68.0,
      "passChanceDefault": 0.05889999866485596,
      "passChanceForward": 0.15790000557899475,
      "passChancePressured": 0.4000000059604645,
      "passChanceWing": 0.009999999776482582,
      "shootProgressThreshold": 0.8141999840736389,
      "tackleChance": 0.1745000034570694
    },
    "sourceEpoch": 567
  },
  "session": "session-4"
}
