{
  "accepted": false,
  "candidate": {
    "parameters": {
      "forwardPassMinGain": 18.0,
      "markDistance": 72.0,
      "passChanceDefault": 0.1793999969959259,
      "passChanceForward": 0.1031000018119812,
      "passChancePressured": 0.4000000059604645,
      "passChanceWing": 0.009999999776482582,
      "shootProgressThreshold": 0.7800999879837036,
      "tackleChance": 0.1860000044107437
    }
  },
  "championEpoch": 879,
  "championParameters": {
    "forwardPassMinGain": 18.0,
    "markDistance": 72.0,
    "passChanceDefault": 0.20000000298023224,
    "passChanceForward": 0.09759999811649323,
    "passChancePressured": 0.3955000042915344,
    "passChanceWing": 0.009999999776482582,
    "shootProgressThreshold": 0.8108000159263611,
    "tackleChance": 0.2053000032901764
  },
  "createdAt": "2026-04-30T10:01:16Z",
  "epoch": 882,
  "evaluation": {
    "avgGoals": 4.03,
    "avgOutOfBounds": 0.0,
    "avgPasses": 105.5,
    "avgShots": 116.47,
    "avgTackles": 2.77,
    "baselineAvgGoals": 2.83,
    "candidateAvgGoals": 1.2,
    "candidateWon": false,
    "earlyStop": "worse",
    "elapsedMs": 31,
    "games": 100,
    "gamesPerSecond": 3225.81,
    "goalDiff": -163.0,
    "maxGames": 1000,
    "passCompletionRate": 0.958,
    "tackleSuccessRate": 1.0,
    "zScore": -5.065
  },
  "gamesPerEpoch": 1000,
  "name": "epoch-882",
  "opponent": {
    "parameters": {
      "forwardPassMinGain": 18.0,
      "markDistance": 72.0,
      "passChanceDefault": 0.20000000298023224,
      "passChanceForward": 0.09759999811649323,
      "passChancePressured": 0.3955000042915344,
      "passChanceWing": 0.009999999776482582,
      "shootProgressThreshold": 0.8108000159263611,
      "tackleChance": 0.2053000032901764
    },
    "sourceEpoch": 879
  },
  "session": "session-4"
}
