{
  "accepted": false,
  "candidate": {
    "parameters": {
      "forwardPassMinGain": 14.0,
      "markDistance": 65.0,
      "passChanceDefault": 0.004999999888241291,
      "passChanceForward": 0.16380000114440918,
      "passChancePressured": 0.4000000059604645,
      "passChanceWing": 0.010499999858438969,
      "shootProgressThreshold": 0.8141999840736389,
      "tackleChance": 0.2142000049352646
    }
  },
  "championEpoch": 386,
  "championParameters": {
    "forwardPassMinGain": 14.0,
    "markDistance": 65.0,
    "passChanceDefault": 0.004999999888241291,
    "passChanceForward": 0.16380000114440918,
    "passChancePressured": 0.4000000059604645,
    "passChanceWing": 0.010499999858438969,
    "shootProgressThreshold": 0.8141999840736389,
    "tackleChance": 0.2142000049352646
  },
  "createdAt": "2026-04-30T09:59:20Z",
  "epoch": 390,
  "evaluation": {
    "avgGoals": 12.17,
    "avgOutOfBounds": 0.01,
    "avgPasses": 131.96,
    "avgShots": 38.68,
    "avgTackles": 5.63,
    "baselineAvgGoals": 6.125,
    "candidateAvgGoals": 6.043,
    "candidateWon": false,
    "earlyStop": null,
    "elapsedMs": 292,
    "games": 1000,
    "gamesPerSecond": 3424.66,
    "goalDiff": -82.0,
    "maxGames": 1000,
    "passCompletionRate": 0.905,
    "tackleSuccessRate": 1.0,
    "zScore": -0.419
  },
  "gamesPerEpoch": 1000,
  "name": "epoch-390",
  "opponent": {
    "parameters": {
      "forwardPassMinGain": 14.0,
      "markDistance": 65.0,
      "passChanceDefault": 0.004999999888241291,
      "passChanceForward": 0.16380000114440918,
      "passChancePressured": 0.4000000059604645,
      "passChanceWing": 0.010499999858438969,
      "shootProgressThreshold": 0.8141999840736389,
      "tackleChance": 0.2142000049352646
    },
    "sourceEpoch": 386
  },
  "session": "session-4"
}
