{
  "accepted": true,
  "candidate": {
    "parameters": {
      "forwardPassMinGain": 18.0,
      "markDistance": 66.0,
      "passChanceDefault": 0.12549999356269836,
      "passChanceForward": 0.11720000207424164,
      "passChancePressured": 0.3828999996185303,
      "passChanceWing": 0.009999999776482582,
      "shootProgressThreshold": 0.8101999759674072,
      "tackleChance": 0.2199999988079071
    }
  },
  "championEpoch": 993,
  "championParameters": {
    "forwardPassMinGain": 18.0,
    "markDistance": 66.0,
    "passChanceDefault": 0.12549999356269836,
    "passChanceForward": 0.11720000207424164,
    "passChancePressured": 0.3828999996185303,
    "passChanceWing": 0.009999999776482582,
    "shootProgressThreshold": 0.8101999759674072,
    "tackleChance": 0.2199999988079071
  },
  "createdAt": "2026-04-30T10:01:40Z",
  "epoch": 993,
  "evaluation": {
    "avgGoals": 11.87,
    "avgOutOfBounds": 0.01,
    "avgPasses": 135.31,
    "avgShots": 38.02,
    "avgTackles": 5.64,
    "baselineAvgGoals": 5.883,
    "candidateAvgGoals": 5.989,
    "candidateWon": true,
    "earlyStop": null,
    "elapsedMs": 287,
    "games": 1000,
    "gamesPerSecond": 3484.32,
    "goalDiff": 106.0,
    "maxGames": 1000,
    "passCompletionRate": 0.909,
    "tackleSuccessRate": 1.0,
    "zScore": 0.539
  },
  "gamesPerEpoch": 1000,
  "name": "epoch-993",
  "opponent": {
    "parameters": {
      "forwardPassMinGain": 17.0,
      "markDistance": 66.0,
      "passChanceDefault": 0.12549999356269836,
      "passChanceForward": 0.11720000207424164,
      "passChancePressured": 0.3828999996185303,
      "passChanceWing": 0.009999999776482582,
      "shootProgressThreshold": 0.8101999759674072,
      "tackleChance": 0.21080000698566437
    },
    "sourceEpoch": 970
  },
  "session": "session-4"
}
