{
  "accepted": false,
  "candidate": {
    "parameters": {
      "forwardPassMinGain": 13.0,
      "markDistance": 72.0,
      "passChanceDefault": 0.17229999601840973,
      "passChanceForward": 0.09600000083446503,
      "passChancePressured": 0.4000000059604645,
      "passChanceWing": 0.04619999974966049,
      "shootProgressThreshold": 0.8044000267982483,
      "tackleChance": 0.19689999520778656
    }
  },
  "championEpoch": 927,
  "championParameters": {
    "forwardPassMinGain": 13.0,
    "markDistance": 70.0,
    "passChanceDefault": 0.17229999601840973,
    "passChanceForward": 0.09600000083446503,
    "passChancePressured": 0.4000000059604645,
    "passChanceWing": 0.027499999850988388,
    "shootProgressThreshold": 0.8044000267982483,
    "tackleChance": 0.19689999520778656
  },
  "createdAt": "2026-04-30T10:01:26Z",
  "epoch": 930,
  "evaluation": {
    "avgGoals": 10.57,
    "avgOutOfBounds": 0.01,
    "avgPasses": 143.68,
    "avgShots": 36.21,
    "avgTackles": 5.73,
    "baselineAvgGoals": 5.421,
    "candidateAvgGoals": 5.144,
    "candidateWon": false,
    "earlyStop": null,
    "elapsedMs": 286,
    "games": 1000,
    "gamesPerSecond": 3496.5,
    "goalDiff": -277.0,
    "maxGames": 1000,
    "passCompletionRate": 0.924,
    "tackleSuccessRate": 1.0,
    "zScore": -1.515
  },
  "gamesPerEpoch": 1000,
  "name": "epoch-930",
  "opponent": {
    "parameters": {
      "forwardPassMinGain": 13.0,
      "markDistance": 70.0,
      "passChanceDefault": 0.17229999601840973,
      "passChanceForward": 0.09600000083446503,
      "passChancePressured": 0.4000000059604645,
      "passChanceWing": 0.027499999850988388,
      "shootProgressThreshold": 0.8044000267982483,
      "tackleChance": 0.19689999520778656
    },
    "sourceEpoch": 927
  },
  "session": "session-4"
}
