{
  "accepted": true,
  "candidate": {
    "parameters": {
      "forwardPassMinGain": 14.0,
      "markDistance": 66.0,
      "passChanceDefault": 0.15070000290870667,
      "passChanceForward": 0.16439999639987946,
      "passChancePressured": 0.37950000166893005,
      "passChanceWing": 0.009999999776482582,
      "shootProgressThreshold": 0.8173999786376953,
      "tackleChance": 0.15379999577999115
    }
  },
  "championEpoch": 725,
  "championParameters": {
    "forwardPassMinGain": 14.0,
    "markDistance": 66.0,
    "passChanceDefault": 0.15070000290870667,
    "passChanceForward": 0.16439999639987946,
    "passChancePressured": 0.37950000166893005,
    "passChanceWing": 0.009999999776482582,
    "shootProgressThreshold": 0.8173999786376953,
    "tackleChance": 0.15379999577999115
  },
  "createdAt": "2026-04-30T10:00:39Z",
  "epoch": 725,
  "evaluation": {
    "avgGoals": 11.69,
    "avgOutOfBounds": 0.02,
    "avgPasses": 139.83,
    "avgShots": 37.87,
    "avgTackles": 5.15,
    "baselineAvgGoals": 5.81,
    "candidateAvgGoals": 5.883,
    "candidateWon": true,
    "earlyStop": null,
    "elapsedMs": 285,
    "games": 1000,
    "gamesPerSecond": 3508.77,
    "goalDiff": 73.0,
    "maxGames": 1000,
    "passCompletionRate": 0.913,
    "tackleSuccessRate": 1.0,
    "zScore": 0.381
  },
  "gamesPerEpoch": 1000,
  "name": "epoch-725",
  "opponent": {
    "parameters": {
      "forwardPassMinGain": 14.0,
      "markDistance": 64.0,
      "passChanceDefault": 0.15070000290870667,
      "passChanceForward": 0.1679999977350235,
      "passChancePressured": 0.3747999966144562,
      "passChanceWing": 0.009999999776482582,
      "shootProgressThreshold": 0.8173999786376953,
      "tackleChance": 0.18490000069141388
    },
    "sourceEpoch": 719
  },
  "session": "session-4"
}
