{
  "accepted": false,
  "candidate": {
    "parameters": {
      "forwardPassMinGain": 11.0,
      "markDistance": 64.0,
      "passChanceDefault": 0.004999999888241291,
      "passChanceForward": 0.16750000417232513,
      "passChancePressured": 0.4000000059604645,
      "passChanceWing": 0.010499999858438969,
      "shootProgressThreshold": 0.8141999840736389,
      "tackleChance": 0.2142000049352646
    }
  },
  "championEpoch": 386,
  "championParameters": {
    "forwardPassMinGain": 14.0,
    "markDistance": 65.0,
    "passChanceDefault": 0.004999999888241291,
    "passChanceForward": 0.16380000114440918,
    "passChancePressured": 0.4000000059604645,
    "passChanceWing": 0.010499999858438969,
    "shootProgressThreshold": 0.8141999840736389,
    "tackleChance": 0.2142000049352646
  },
  "createdAt": "2026-04-30T09:59:21Z",
  "epoch": 394,
  "evaluation": {
    "avgGoals": 12.19,
    "avgOutOfBounds": 0.01,
    "avgPasses": 133.73,
    "avgShots": 38.16,
    "avgTackles": 5.27,
    "baselineAvgGoals": 6.15,
    "candidateAvgGoals": 6.041,
    "candidateWon": false,
    "earlyStop": null,
    "elapsedMs": 293,
    "games": 1000,
    "gamesPerSecond": 3412.97,
    "goalDiff": -109.0,
    "maxGames": 1000,
    "passCompletionRate": 0.904,
    "tackleSuccessRate": 1.0,
    "zScore": -0.554
  },
  "gamesPerEpoch": 1000,
  "name": "epoch-394",
  "opponent": {
    "parameters": {
      "forwardPassMinGain": 14.0,
      "markDistance": 65.0,
      "passChanceDefault": 0.004999999888241291,
      "passChanceForward": 0.16380000114440918,
      "passChancePressured": 0.4000000059604645,
      "passChanceWing": 0.010499999858438969,
      "shootProgressThreshold": 0.8141999840736389,
      "tackleChance": 0.2142000049352646
    },
    "sourceEpoch": 386
  },
  "session": "session-4"
}
