{
  "accepted": false,
  "candidate": {
    "parameters": {
      "forwardPassMinGain": 17.0,
      "markDistance": 65.0,
      "passChanceDefault": 0.006800000090152025,
      "passChanceForward": 0.15950000286102295,
      "passChancePressured": 0.37299999594688416,
      "passChanceWing": 0.010499999858438969,
      "shootProgressThreshold": 0.8614000082015991,
      "tackleChance": 0.20970000326633453
    }
  },
  "championEpoch": 428,
  "championParameters": {
    "forwardPassMinGain": 17.0,
    "markDistance": 65.0,
    "passChanceDefault": 0.004999999888241291,
    "passChanceForward": 0.16290000081062317,
    "passChancePressured": 0.37299999594688416,
    "passChanceWing": 0.010499999858438969,
    "shootProgressThreshold": 0.8141999840736389,
    "tackleChance": 0.1867000013589859
  },
  "createdAt": "2026-04-30T09:59:30Z",
  "epoch": 434,
  "evaluation": {
    "avgGoals": 9.31,
    "avgOutOfBounds": 0.02,
    "avgPasses": 129.58,
    "avgShots": 52.96,
    "avgTackles": 5.12,
    "baselineAvgGoals": 5.24,
    "candidateAvgGoals": 4.072,
    "candidateWon": false,
    "earlyStop": "worse",
    "elapsedMs": 38,
    "games": 125,
    "gamesPerSecond": 3289.47,
    "goalDiff": -146.0,
    "maxGames": 1000,
    "passCompletionRate": 0.907,
    "tackleSuccessRate": 1.0,
    "zScore": -2.676
  },
  "gamesPerEpoch": 1000,
  "name": "epoch-434",
  "opponent": {
    "parameters": {
      "forwardPassMinGain": 17.0,
      "markDistance": 65.0,
      "passChanceDefault": 0.004999999888241291,
      "passChanceForward": 0.16290000081062317,
      "passChancePressured": 0.37299999594688416,
      "passChanceWing": 0.010499999858438969,
      "shootProgressThreshold": 0.8141999840736389,
      "tackleChance": 0.1867000013589859
    },
    "sourceEpoch": 428
  },
  "session": "session-4"
}
