{
  "accepted": true,
  "candidate": {
    "parameters": {
      "forwardPassMinGain": 12.0,
      "markDistance": 63.0,
      "passChanceDefault": 0.19979999959468842,
      "passChanceForward": 0.09600000083446503,
      "passChancePressured": 0.37599998712539673,
      "passChanceWing": 0.009999999776482582,
      "shootProgressThreshold": 0.8015000224113464,
      "tackleChance": 0.1914999932050705
    }
  },
  "championEpoch": 949,
  "championParameters": {
    "forwardPassMinGain": 12.0,
    "markDistance": 63.0,
    "passChanceDefault": 0.19979999959468842,
    "passChanceForward": 0.09600000083446503,
    "passChancePressured": 0.37599998712539673,
    "passChanceWing": 0.009999999776482582,
    "shootProgressThreshold": 0.8015000224113464,
    "tackleChance": 0.1914999932050705
  },
  "createdAt": "2026-04-30T10:01:30Z",
  "epoch": 949,
  "evaluation": {
    "avgGoals": 11.02,
    "avgOutOfBounds": 0.01,
    "avgPasses": 142.99,
    "avgShots": 40.81,
    "avgTackles": 5.49,
    "baselineAvgGoals": 5.489,
    "candidateAvgGoals": 5.53,
    "candidateWon": true,
    "earlyStop": null,
    "elapsedMs": 304,
    "games": 1000,
    "gamesPerSecond": 3289.47,
    "goalDiff": 41.0,
    "maxGames": 1000,
    "passCompletionRate": 0.925,
    "tackleSuccessRate": 1.0,
    "zScore": 0.247
  },
  "gamesPerEpoch": 1000,
  "name": "epoch-949",
  "opponent": {
    "parameters": {
      "forwardPassMinGain": 12.0,
      "markDistance": 63.0,
      "passChanceDefault": 0.17229999601840973,
      "passChanceForward": 0.09600000083446503,
      "passChancePressured": 0.4000000059604645,
      "passChanceWing": 0.009999999776482582,
      "shootProgressThreshold": 0.8044000267982483,
      "tackleChance": 0.18080000579357147
    },
    "sourceEpoch": 944
  },
  "session": "session-4"
}
