{
  "accepted": false,
  "candidate": {
    "parameters": {
      "forwardPassMinGain": 16.0,
      "markDistance": 56.0,
      "passChanceDefault": 0.16419999301433563,
      "passChanceForward": 0.13199999928474426,
      "passChancePressured": 0.4000000059604645,
      "passChanceWing": 0.009999999776482582,
      "shootProgressThreshold": 0.8033000230789185,
      "tackleChance": 0.17980000376701355
    }
  },
  "championEpoch": 826,
  "championParameters": {
    "forwardPassMinGain": 15.0,
    "markDistance": 63.0,
    "passChanceDefault": 0.16419999301433563,
    "passChanceForward": 0.13210000097751617,
    "passChancePressured": 0.4000000059604645,
    "passChanceWing": 0.009999999776482582,
    "shootProgressThreshold": 0.8033000230789185,
    "tackleChance": 0.15710000693798065
  },
  "createdAt": "2026-04-30T10:01:05Z",
  "epoch": 829,
  "evaluation": {
    "avgGoals": 11.31,
    "avgOutOfBounds": 0.01,
    "avgPasses": 147.75,
    "avgShots": 39.03,
    "avgTackles": 5.17,
    "baselineAvgGoals": 5.73,
    "candidateAvgGoals": 5.581,
    "candidateWon": false,
    "earlyStop": null,
    "elapsedMs": 292,
    "games": 1000,
    "gamesPerSecond": 3424.66,
    "goalDiff": -149.0,
    "maxGames": 1000,
    "passCompletionRate": 0.923,
    "tackleSuccessRate": 1.0,
    "zScore": -0.901
  },
  "gamesPerEpoch": 1000,
  "name": "epoch-829",
  "opponent": {
    "parameters": {
      "forwardPassMinGain": 15.0,
      "markDistance": 63.0,
      "passChanceDefault": 0.16419999301433563,
      "passChanceForward": 0.13210000097751617,
      "passChancePressured": 0.4000000059604645,
      "passChanceWing": 0.009999999776482582,
      "shootProgressThreshold": 0.8033000230789185,
      "tackleChance": 0.15710000693798065
    },
    "sourceEpoch": 826
  },
  "session": "session-4"
}
