{
  "accepted": true,
  "candidate": {
    "parameters": {
      "forwardPassMinGain": 17.0,
      "markDistance": 70.0,
      "passChanceDefault": 0.18080000579357147,
      "passChanceForward": 0.10809999704360962,
      "passChancePressured": 0.3560999929904938,
      "passChanceWing": 0.009999999776482582,
      "shootProgressThreshold": 0.8159999847412109,
      "tackleChance": 0.2053000032901764
    }
  },
  "championEpoch": 872,
  "championParameters": {
    "forwardPassMinGain": 17.0,
    "markDistance": 70.0,
    "passChanceDefault": 0.18080000579357147,
    "passChanceForward": 0.10809999704360962,
    "passChancePressured": 0.3560999929904938,
    "passChanceWing": 0.009999999776482582,
    "shootProgressThreshold": 0.8159999847412109,
    "tackleChance": 0.2053000032901764
  },
  "createdAt": "2026-04-30T10:01:14Z",
  "epoch": 872,
  "evaluation": {
    "avgGoals": 11.78,
    "avgOutOfBounds": 0.01,
    "avgPasses": 128.68,
    "avgShots": 38.58,
    "avgTackles": 6.07,
    "baselineAvgGoals": 5.832,
    "candidateAvgGoals": 5.946,
    "candidateWon": true,
    "earlyStop": null,
    "elapsedMs": 283,
    "games": 1000,
    "gamesPerSecond": 3533.57,
    "goalDiff": 114.0,
    "maxGames": 1000,
    "passCompletionRate": 0.906,
    "tackleSuccessRate": 1.0,
    "zScore": 0.562
  },
  "gamesPerEpoch": 1000,
  "name": "epoch-872",
  "opponent": {
    "parameters": {
      "forwardPassMinGain": 17.0,
      "markDistance": 73.0,
      "passChanceDefault": 0.1736000031232834,
      "passChanceForward": 0.1428000032901764,
      "passChancePressured": 0.4000000059604645,
      "passChanceWing": 0.009999999776482582,
      "shootProgressThreshold": 0.8159999847412109,
      "tackleChance": 0.19030000269412994
    },
    "sourceEpoch": 871
  },
  "session": "session-4"
}
