{
  "accepted": false,
  "candidate": {
    "parameters": {
      "forwardPassMinGain": 13.0,
      "markDistance": 71.0,
      "passChanceDefault": 0.18369999527931213,
      "passChanceForward": 0.1264999955892563,
      "passChancePressured": 0.4000000059604645,
      "passChanceWing": 0.06669999659061432,
      "shootProgressThreshold": 0.8058000206947327,
      "tackleChance": 0.2199999988079071
    }
  },
  "championEpoch": 910,
  "championParameters": {
    "forwardPassMinGain": 15.0,
    "markDistance": 69.0,
    "passChanceDefault": 0.18369999527931213,
    "passChanceForward": 0.12020000070333481,
    "passChancePressured": 0.4000000059604645,
    "passChanceWing": 0.009999999776482582,
    "shootProgressThreshold": 0.8108000159263611,
    "tackleChance": 0.2199999988079071
  },
  "createdAt": "2026-04-30T10:01:23Z",
  "epoch": 912,
  "evaluation": {
    "avgGoals": 10.65,
    "avgOutOfBounds": 0.0,
    "avgPasses": 148.11,
    "avgShots": 33.89,
    "avgTackles": 5.45,
    "baselineAvgGoals": 5.553,
    "candidateAvgGoals": 5.098,
    "candidateWon": false,
    "earlyStop": null,
    "elapsedMs": 297,
    "games": 1000,
    "gamesPerSecond": 3367.0,
    "goalDiff": -455.0,
    "maxGames": 1000,
    "passCompletionRate": 0.922,
    "tackleSuccessRate": 1.0,
    "zScore": -2.418
  },
  "gamesPerEpoch": 1000,
  "name": "epoch-912",
  "opponent": {
    "parameters": {
      "forwardPassMinGain": 15.0,
      "markDistance": 69.0,
      "passChanceDefault": 0.18369999527931213,
      "passChanceForward": 0.12020000070333481,
      "passChancePressured": 0.4000000059604645,
      "passChanceWing": 0.009999999776482582,
      "shootProgressThreshold": 0.8108000159263611,
      "tackleChance": 0.2199999988079071
    },
    "sourceEpoch": 910
  },
  "session": "session-4"
}
