{
  "accepted": true,
  "candidate": {
    "parameters": {
      "forwardPassMinGain": 16.0,
      "markDistance": 66.0,
      "passChanceDefault": 0.004999999888241291,
      "passChanceForward": 0.13490000367164612,
      "passChancePressured": 0.4000000059604645,
      "passChanceWing": 0.009999999776482582,
      "shootProgressThreshold": 0.8166000247001648,
      "tackleChance": 0.20419999957084656
    }
  },
  "championEpoch": 247,
  "championParameters": {
    "forwardPassMinGain": 16.0,
    "markDistance": 66.0,
    "passChanceDefault": 0.004999999888241291,
    "passChanceForward": 0.13490000367164612,
    "passChancePressured": 0.4000000059604645,
    "passChanceWing": 0.009999999776482582,
    "shootProgressThreshold": 0.8166000247001648,
    "tackleChance": 0.20419999957084656
  },
  "createdAt": "2026-04-30T09:58:47Z",
  "epoch": 247,
  "evaluation": {
    "avgGoals": 12.08,
    "avgOutOfBounds": 0.0,
    "avgPasses": 129.3,
    "avgShots": 40.43,
    "avgTackles": 5.58,
    "baselineAvgGoals": 6.039,
    "candidateAvgGoals": 6.044,
    "candidateWon": true,
    "earlyStop": null,
    "elapsedMs": 283,
    "games": 1000,
    "gamesPerSecond": 3533.57,
    "goalDiff": 5.0,
    "maxGames": 1000,
    "passCompletionRate": 0.906,
    "tackleSuccessRate": 1.0,
    "zScore": 0.025
  },
  "gamesPerEpoch": 1000,
  "name": "epoch-247",
  "opponent": {
    "parameters": {
      "forwardPassMinGain": 16.0,
      "markDistance": 66.0,
      "passChanceDefault": 0.02160000056028366,
      "passChanceForward": 0.12240000069141388,
      "passChancePressured": 0.4000000059604645,
      "passChanceWing": 0.009999999776482582,
      "shootProgressThreshold": 0.8166000247001648,
      "tackleChance": 0.21310000121593475
    },
    "sourceEpoch": 244
  },
  "session": "session-4"
}
