{
  "accepted": false,
  "candidate": {
    "parameters": {
      "forwardPassMinGain": 18.0,
      "markDistance": 67.0,
      "passChanceDefault": 0.05249999836087227,
      "passChanceForward": 0.17409999668598175,
      "passChancePressured": 0.39590001106262207,
      "passChanceWing": 0.010499999858438969,
      "shootProgressThreshold": 0.8284000158309937,
      "tackleChance": 0.2199999988079071
    }
  },
  "championEpoch": 283,
  "championParameters": {
    "forwardPassMinGain": 18.0,
    "markDistance": 66.0,
    "passChanceDefault": 0.05249999836087227,
    "passChanceForward": 0.16220000386238098,
    "passChancePressured": 0.39590001106262207,
    "passChanceWing": 0.009999999776482582,
    "shootProgressThreshold": 0.8137999773025513,
    "tackleChance": 0.218299999833107
  },
  "createdAt": "2026-04-30T09:58:56Z",
  "epoch": 288,
  "evaluation": {
    "avgGoals": 11.79,
    "avgOutOfBounds": 0.0,
    "avgPasses": 130.61,
    "avgShots": 40.58,
    "avgTackles": 5.57,
    "baselineAvgGoals": 6.018,
    "candidateAvgGoals": 5.772,
    "candidateWon": false,
    "earlyStop": null,
    "elapsedMs": 289,
    "games": 1000,
    "gamesPerSecond": 3460.21,
    "goalDiff": -246.0,
    "maxGames": 1000,
    "passCompletionRate": 0.905,
    "tackleSuccessRate": 1.0,
    "zScore": -1.261
  },
  "gamesPerEpoch": 1000,
  "name": "epoch-288",
  "opponent": {
    "parameters": {
      "forwardPassMinGain": 18.0,
      "markDistance": 66.0,
      "passChanceDefault": 0.05249999836087227,
      "passChanceForward": 0.16220000386238098,
      "passChancePressured": 0.39590001106262207,
      "passChanceWing": 0.009999999776482582,
      "shootProgressThreshold": 0.8137999773025513,
      "tackleChance": 0.218299999833107
    },
    "sourceEpoch": 283
  },
  "session": "session-4"
}
