{
  "accepted": false,
  "candidate": {
    "parameters": {
      "forwardPassMinGain": 17.0,
      "markDistance": 68.0,
      "passChanceDefault": 0.18369999527931213,
      "passChanceForward": 0.11050000041723251,
      "passChancePressured": 0.4000000059604645,
      "passChanceWing": 0.04600000008940697,
      "shootProgressThreshold": 0.8108000159263611,
      "tackleChance": 0.19030000269412994
    }
  },
  "championEpoch": 904,
  "championParameters": {
    "forwardPassMinGain": 17.0,
    "markDistance": 68.0,
    "passChanceDefault": 0.18369999527931213,
    "passChanceForward": 0.12020000070333481,
    "passChancePressured": 0.4000000059604645,
    "passChanceWing": 0.009999999776482582,
    "shootProgressThreshold": 0.8108000159263611,
    "tackleChance": 0.19030000269412994
  },
  "createdAt": "2026-04-30T10:01:21Z",
  "epoch": 908,
  "evaluation": {
    "avgGoals": 11.11,
    "avgOutOfBounds": 0.01,
    "avgPasses": 144.06,
    "avgShots": 35.33,
    "avgTackles": 5.34,
    "baselineAvgGoals": 5.657,
    "candidateAvgGoals": 5.455,
    "candidateWon": false,
    "earlyStop": null,
    "elapsedMs": 293,
    "games": 1000,
    "gamesPerSecond": 3412.97,
    "goalDiff": -202.0,
    "maxGames": 1000,
    "passCompletionRate": 0.92,
    "tackleSuccessRate": 1.0,
    "zScore": -1.035
  },
  "gamesPerEpoch": 1000,
  "name": "epoch-908",
  "opponent": {
    "parameters": {
      "forwardPassMinGain": 17.0,
      "markDistance": 68.0,
      "passChanceDefault": 0.18369999527931213,
      "passChanceForward": 0.12020000070333481,
      "passChancePressured": 0.4000000059604645,
      "passChanceWing": 0.009999999776482582,
      "shootProgressThreshold": 0.8108000159263611,
      "tackleChance": 0.19030000269412994
    },
    "sourceEpoch": 904
  },
  "session": "session-4"
}
