{
  "accepted": false,
  "candidate": {
    "parameters": {
      "forwardPassMinGain": 17.0,
      "markDistance": 68.0,
      "passChanceDefault": 0.12999999523162842,
      "passChanceForward": 0.17900000512599945,
      "passChancePressured": 0.4000000059604645,
      "passChanceWing": 0.009999999776482582,
      "shootProgressThreshold": 0.824400007724762,
      "tackleChance": 0.12880000472068787
    }
  },
  "championEpoch": 605,
  "championParameters": {
    "forwardPassMinGain": 17.0,
    "markDistance": 68.0,
    "passChanceDefault": 0.12970000505447388,
    "passChanceForward": 0.1543000042438507,
    "passChancePressured": 0.4000000059604645,
    "passChanceWing": 0.009999999776482582,
    "shootProgressThreshold": 0.8152999877929688,
    "tackleChance": 0.12880000472068787
  },
  "createdAt": "2026-04-30T10:00:11Z",
  "epoch": 608,
  "evaluation": {
    "avgGoals": 11.71,
    "avgOutOfBounds": 0.01,
    "avgPasses": 133.45,
    "avgShots": 39.11,
    "avgTackles": 5.34,
    "baselineAvgGoals": 5.939,
    "candidateAvgGoals": 5.773,
    "candidateWon": false,
    "earlyStop": null,
    "elapsedMs": 285,
    "games": 1000,
    "gamesPerSecond": 3508.77,
    "goalDiff": -166.0,
    "maxGames": 1000,
    "passCompletionRate": 0.911,
    "tackleSuccessRate": 1.0,
    "zScore": -0.824
  },
  "gamesPerEpoch": 1000,
  "name": "epoch-608",
  "opponent": {
    "parameters": {
      "forwardPassMinGain": 17.0,
      "markDistance": 68.0,
      "passChanceDefault": 0.12970000505447388,
      "passChanceForward": 0.1543000042438507,
      "passChancePressured": 0.4000000059604645,
      "passChanceWing": 0.009999999776482582,
      "shootProgressThreshold": 0.8152999877929688,
      "tackleChance": 0.12880000472068787
    },
    "sourceEpoch": 605
  },
  "session": "session-4"
}
