{
  "accepted": false,
  "candidate": {
    "parameters": {
      "forwardPassMinGain": 16.0,
      "markDistance": 66.0,
      "passChanceDefault": 0.16189999878406525,
      "passChanceForward": 0.17579999566078186,
      "passChancePressured": 0.4000000059604645,
      "passChanceWing": 0.035599999129772186,
      "shootProgressThreshold": 0.767300009727478,
      "tackleChance": 0.15230000019073486
    }
  },
  "championEpoch": 704,
  "championParameters": {
    "forwardPassMinGain": 17.0,
    "markDistance": 64.0,
    "passChanceDefault": 0.16189999878406525,
    "passChanceForward": 0.16210000216960907,
    "passChancePressured": 0.3659000098705292,
    "passChanceWing": 0.035599999129772186,
    "shootProgressThreshold": 0.8173999786376953,
    "tackleChance": 0.15230000019073486
  },
  "createdAt": "2026-04-30T10:00:34Z",
  "epoch": 706,
  "evaluation": {
    "avgGoals": 2.87,
    "avgOutOfBounds": 0.0,
    "avgPasses": 112.83,
    "avgShots": 132.65,
    "avgTackles": 2.25,
    "baselineAvgGoals": 2.12,
    "candidateAvgGoals": 0.75,
    "candidateWon": false,
    "earlyStop": "worse",
    "elapsedMs": 31,
    "games": 100,
    "gamesPerSecond": 3225.81,
    "goalDiff": -137.0,
    "maxGames": 1000,
    "passCompletionRate": 0.971,
    "tackleSuccessRate": 1.0,
    "zScore": -5.577
  },
  "gamesPerEpoch": 1000,
  "name": "epoch-706",
  "opponent": {
    "parameters": {
      "forwardPassMinGain": 17.0,
      "markDistance": 64.0,
      "passChanceDefault": 0.16189999878406525,
      "passChanceForward": 0.16210000216960907,
      "passChancePressured": 0.3659000098705292,
      "passChanceWing": 0.035599999129772186,
      "shootProgressThreshold": 0.8173999786376953,
      "tackleChance": 0.15230000019073486
    },
    "sourceEpoch": 704
  },
  "session": "session-4"
}
