{
  "accepted": true,
  "candidate": {
    "parameters": {
      "forwardPassMinGain": 18.0,
      "markDistance": 68.0,
      "passChanceDefault": 0.14390000700950623,
      "passChanceForward": 0.13609999418258667,
      "passChancePressured": 0.4000000059604645,
      "passChanceWing": 0.01489999983459711,
      "shootProgressThreshold": 0.8241000175476074,
      "tackleChance": 0.15860000252723694
    }
  },
  "championEpoch": 622,
  "championParameters": {
    "forwardPassMinGain": 18.0,
    "markDistance": 68.0,
    "passChanceDefault": 0.14390000700950623,
    "passChanceForward": 0.13609999418258667,
    "passChancePressured": 0.4000000059604645,
    "passChanceWing": 0.01489999983459711,
    "shootProgressThreshold": 0.8241000175476074,
    "tackleChance": 0.15860000252723694
  },
  "createdAt": "2026-04-30T10:00:14Z",
  "epoch": 622,
  "evaluation": {
    "avgGoals": 11.57,
    "avgOutOfBounds": 0.01,
    "avgPasses": 134.88,
    "avgShots": 39.23,
    "avgTackles": 5.31,
    "baselineAvgGoals": 5.76,
    "candidateAvgGoals": 5.81,
    "candidateWon": true,
    "earlyStop": null,
    "elapsedMs": 288,
    "games": 1000,
    "gamesPerSecond": 3472.22,
    "goalDiff": 50.0,
    "maxGames": 1000,
    "passCompletionRate": 0.912,
    "tackleSuccessRate": 1.0,
    "zScore": 0.254
  },
  "gamesPerEpoch": 1000,
  "name": "epoch-622",
  "opponent": {
    "parameters": {
      "forwardPassMinGain": 18.0,
      "markDistance": 68.0,
      "passChanceDefault": 0.14390000700950623,
      "passChanceForward": 0.13609999418258667,
      "passChancePressured": 0.4000000059604645,
      "passChanceWing": 0.011900000274181366,
      "shootProgressThreshold": 0.8145999908447266,
      "tackleChance": 0.1257999986410141
    },
    "sourceEpoch": 620
  },
  "session": "session-4"
}
