{
  "accepted": false,
  "candidate": {
    "parameters": {
      "forwardPassMinGain": 18.0,
      "markDistance": 73.0,
      "passChanceDefault": 0.16830000281333923,
      "passChanceForward": 0.09449999779462814,
      "passChancePressured": 0.39070001244544983,
      "passChanceWing": 0.01679999940097332,
      "shootProgressThreshold": 0.8108000159263611,
      "tackleChance": 0.2199999988079071
    }
  },
  "championEpoch": 899,
  "championParameters": {
    "forwardPassMinGain": 18.0,
    "markDistance": 70.0,
    "passChanceDefault": 0.1898999959230423,
    "passChanceForward": 0.09449999779462814,
    "passChancePressured": 0.39070001244544983,
    "passChanceWing": 0.01679999940097332,
    "shootProgressThreshold": 0.8108000159263611,
    "tackleChance": 0.2199999988079071
  },
  "createdAt": "2026-04-30T10:01:20Z",
  "epoch": 900,
  "evaluation": {
    "avgGoals": 11.49,
    "avgOutOfBounds": 0.01,
    "avgPasses": 131.11,
    "avgShots": 37.56,
    "avgTackles": 6.03,
    "baselineAvgGoals": 5.873,
    "candidateAvgGoals": 5.613,
    "candidateWon": false,
    "earlyStop": null,
    "elapsedMs": 285,
    "games": 1000,
    "gamesPerSecond": 3508.77,
    "goalDiff": -260.0,
    "maxGames": 1000,
    "passCompletionRate": 0.903,
    "tackleSuccessRate": 1.0,
    "zScore": -1.301
  },
  "gamesPerEpoch": 1000,
  "name": "epoch-900",
  "opponent": {
    "parameters": {
      "forwardPassMinGain": 18.0,
      "markDistance": 70.0,
      "passChanceDefault": 0.1898999959230423,
      "passChanceForward": 0.09449999779462814,
      "passChancePressured": 0.39070001244544983,
      "passChanceWing": 0.01679999940097332,
      "shootProgressThreshold": 0.8108000159263611,
      "tackleChance": 0.2199999988079071
    },
    "sourceEpoch": 899
  },
  "session": "session-4"
}
