{
  "accepted": true,
  "candidate": {
    "parameters": {
      "forwardPassMinGain": 16.0,
      "markDistance": 65.0,
      "passChanceDefault": 0.20000000298023224,
      "passChanceForward": 0.12150000035762787,
      "passChancePressured": 0.39250001311302185,
      "passChanceWing": 0.041099999099969864,
      "shootProgressThreshold": 0.8082000017166138,
      "tackleChance": 0.20489999651908875
    }
  },
  "championEpoch": 956,
  "championParameters": {
    "forwardPassMinGain": 16.0,
    "markDistance": 65.0,
    "passChanceDefault": 0.20000000298023224,
    "passChanceForward": 0.12150000035762787,
    "passChancePressured": 0.39250001311302185,
    "passChanceWing": 0.041099999099969864,
    "shootProgressThreshold": 0.8082000017166138,
    "tackleChance": 0.20489999651908875
  },
  "createdAt": "2026-04-30T10:01:32Z",
  "epoch": 956,
  "evaluation": {
    "avgGoals": 10.57,
    "avgOutOfBounds": 0.01,
    "avgPasses": 156.04,
    "avgShots": 33.68,
    "avgTackles": 5.08,
    "baselineAvgGoals": 5.266,
    "candidateAvgGoals": 5.304,
    "candidateWon": true,
    "earlyStop": null,
    "elapsedMs": 298,
    "games": 1000,
    "gamesPerSecond": 3355.7,
    "goalDiff": 38.0,
    "maxGames": 1000,
    "passCompletionRate": 0.93,
    "tackleSuccessRate": 1.0,
    "zScore": 0.215
  },
  "gamesPerEpoch": 1000,
  "name": "epoch-956",
  "opponent": {
    "parameters": {
      "forwardPassMinGain": 16.0,
      "markDistance": 65.0,
      "passChanceDefault": 0.19089999794960022,
      "passChanceForward": 0.1298999935388565,
      "passChancePressured": 0.39250001311302185,
      "passChanceWing": 0.041099999099969864,
      "shootProgressThreshold": 0.8082000017166138,
      "tackleChance": 0.20489999651908875
    },
    "sourceEpoch": 953
  },
  "session": "session-4"
}
