{
  "accepted": false,
  "candidate": {
    "parameters": {
      "forwardPassMinGain": 11.0,
      "markDistance": 68.0,
      "passChanceDefault": 0.08489999920129776,
      "passChanceForward": 0.08479999750852585,
      "passChancePressured": 0.3871000111103058,
      "passChanceWing": 0.016200000420212746,
      "shootProgressThreshold": 0.8463000059127808,
      "tackleChance": 0.2012999951839447
    }
  },
  "championEpoch": 13,
  "championParameters": {
    "forwardPassMinGain": 11.0,
    "markDistance": 69.0,
    "passChanceDefault": 0.08910000324249268,
    "passChanceForward": 0.10360000282526016,
    "passChancePressured": 0.4000000059604645,
    "passChanceWing": 0.016200000420212746,
    "shootProgressThreshold": 0.8080999851226807,
    "tackleChance": 0.2012999951839447
  },
  "createdAt": "2026-04-30T09:57:56Z",
  "epoch": 29,
  "evaluation": {
    "avgGoals": 10.1,
    "avgOutOfBounds": 0.01,
    "avgPasses": 133.08,
    "avgShots": 45.68,
    "avgTackles": 5.23,
    "baselineAvgGoals": 5.33,
    "candidateAvgGoals": 4.773,
    "candidateWon": false,
    "earlyStop": "worse",
    "elapsedMs": 171,
    "games": 600,
    "gamesPerSecond": 3508.77,
    "goalDiff": -334.0,
    "maxGames": 1000,
    "passCompletionRate": 0.916,
    "tackleSuccessRate": 1.0,
    "zScore": -2.539
  },
  "gamesPerEpoch": 1000,
  "name": "epoch-029",
  "opponent": {
    "parameters": {
      "forwardPassMinGain": 11.0,
      "markDistance": 69.0,
      "passChanceDefault": 0.08910000324249268,
      "passChanceForward": 0.10360000282526016,
      "passChancePressured": 0.4000000059604645,
      "passChanceWing": 0.016200000420212746,
      "shootProgressThreshold": 0.8080999851226807,
      "tackleChance": 0.2012999951839447
    },
    "sourceEpoch": 13
  },
  "session": "session-4"
}
