{
  "accepted": true,
  "candidate": {
    "parameters": {
      "forwardPassMinGain": 15.0,
      "markDistance": 66.0,
      "passChanceDefault": 0.09740000218153,
      "passChanceForward": 0.06040000170469284,
      "passChancePressured": 0.4000000059604645,
      "passChanceWing": 0.009999999776482582,
      "shootProgressThreshold": 0.8162999749183655,
      "tackleChance": 0.17329999804496765
    }
  },
  "championEpoch": 64,
  "championParameters": {
    "forwardPassMinGain": 15.0,
    "markDistance": 66.0,
    "passChanceDefault": 0.09740000218153,
    "passChanceForward": 0.06040000170469284,
    "passChancePressured": 0.4000000059604645,
    "passChanceWing": 0.009999999776482582,
    "shootProgressThreshold": 0.8162999749183655,
    "tackleChance": 0.17329999804496765
  },
  "createdAt": "2026-04-30T09:58:05Z",
  "epoch": 64,
  "evaluation": {
    "avgGoals": 11.17,
    "avgOutOfBounds": 0.01,
    "avgPasses": 136.08,
    "avgShots": 40.49,
    "avgTackles": 5.08,
    "baselineAvgGoals": 5.548,
    "candidateAvgGoals": 5.621,
    "candidateWon": true,
    "earlyStop": null,
    "elapsedMs": 306,
    "games": 1000,
    "gamesPerSecond": 3267.97,
    "goalDiff": 73.0,
    "maxGames": 1000,
    "passCompletionRate": 0.915,
    "tackleSuccessRate": 1.0,
    "zScore": 0.396
  },
  "gamesPerEpoch": 1000,
  "name": "epoch-064",
  "opponent": {
    "parameters": {
      "forwardPassMinGain": 12.0,
      "markDistance": 66.0,
      "passChanceDefault": 0.09740000218153,
      "passChanceForward": 0.06040000170469284,
      "passChancePressured": 0.38850000500679016,
      "passChanceWing": 0.019300000742077827,
      "shootProgressThreshold": 0.8162999749183655,
      "tackleChance": 0.17329999804496765
    },
    "sourceEpoch": 63
  },
  "session": "session-4"
}
