{
  "accepted": false,
  "candidate": {
    "parameters": {
      "forwardPassMinGain": 17.0,
      "markDistance": 72.0,
      "passChanceDefault": 0.13510000705718994,
      "passChanceForward": 0.13660000264644623,
      "passChancePressured": 0.3084999918937683,
      "passChanceWing": 0.009999999776482582,
      "shootProgressThreshold": 0.8068000078201294,
      "tackleChance": 0.147599995136261
    }
  },
  "championEpoch": 778,
  "championParameters": {
    "forwardPassMinGain": 17.0,
    "markDistance": 67.0,
    "passChanceDefault": 0.1468999981880188,
    "passChanceForward": 0.13660000264644623,
    "passChancePressured": 0.3806000053882599,
    "passChanceWing": 0.009999999776482582,
    "shootProgressThreshold": 0.8068000078201294,
    "tackleChance": 0.147599995136261
  },
  "createdAt": "2026-04-30T10:00:53Z",
  "epoch": 781,
  "evaluation": {
    "avgGoals": 11.89,
    "avgOutOfBounds": 0.01,
    "avgPasses": 131.37,
    "avgShots": 38.32,
    "avgTackles": 5.94,
    "baselineAvgGoals": 6.07,
    "candidateAvgGoals": 5.824,
    "candidateWon": false,
    "earlyStop": null,
    "elapsedMs": 288,
    "games": 1000,
    "gamesPerSecond": 3472.22,
    "goalDiff": -246.0,
    "maxGames": 1000,
    "passCompletionRate": 0.912,
    "tackleSuccessRate": 1.0,
    "zScore": -1.24
  },
  "gamesPerEpoch": 1000,
  "name": "epoch-781",
  "opponent": {
    "parameters": {
      "forwardPassMinGain": 17.0,
      "markDistance": 67.0,
      "passChanceDefault": 0.1468999981880188,
      "passChanceForward": 0.13660000264644623,
      "passChancePressured": 0.3806000053882599,
      "passChanceWing": 0.009999999776482582,
      "shootProgressThreshold": 0.8068000078201294,
      "tackleChance": 0.147599995136261
    },
    "sourceEpoch": 778
  },
  "session": "session-4"
}
