{
  "accepted": false,
  "candidate": {
    "parameters": {
      "forwardPassMinGain": 11.0,
      "markDistance": 70.0,
      "passChanceDefault": 0.08910000324249268,
      "passChanceForward": 0.10360000282526016,
      "passChancePressured": 0.33000001311302185,
      "passChanceWing": 0.07320000231266022,
      "shootProgressThreshold": 0.795799970626831,
      "tackleChance": 0.2012999951839447
    }
  },
  "championEpoch": 13,
  "championParameters": {
    "forwardPassMinGain": 11.0,
    "markDistance": 69.0,
    "passChanceDefault": 0.08910000324249268,
    "passChanceForward": 0.10360000282526016,
    "passChancePressured": 0.4000000059604645,
    "passChanceWing": 0.016200000420212746,
    "shootProgressThreshold": 0.8080999851226807,
    "tackleChance": 0.2012999951839447
  },
  "createdAt": "2026-04-30T09:57:55Z",
  "epoch": 23,
  "evaluation": {
    "avgGoals": 9.16,
    "avgOutOfBounds": 0.0,
    "avgPasses": 145.88,
    "avgShots": 46.36,
    "avgTackles": 5.06,
    "baselineAvgGoals": 4.871,
    "candidateAvgGoals": 4.291,
    "candidateWon": false,
    "earlyStop": "worse",
    "elapsedMs": 157,
    "games": 550,
    "gamesPerSecond": 3503.18,
    "goalDiff": -319.0,
    "maxGames": 1000,
    "passCompletionRate": 0.935,
    "tackleSuccessRate": 1.0,
    "zScore": -2.625
  },
  "gamesPerEpoch": 1000,
  "name": "epoch-023",
  "opponent": {
    "parameters": {
      "forwardPassMinGain": 11.0,
      "markDistance": 69.0,
      "passChanceDefault": 0.08910000324249268,
      "passChanceForward": 0.10360000282526016,
      "passChancePressured": 0.4000000059604645,
      "passChanceWing": 0.016200000420212746,
      "shootProgressThreshold": 0.8080999851226807,
      "tackleChance": 0.2012999951839447
    },
    "sourceEpoch": 13
  },
  "session": "session-4"
}
