{
  "accepted": false,
  "candidate": {
    "parameters": {
      "forwardPassMinGain": 6.0,
      "markDistance": 72.0,
      "passChanceDefault": 0.08370000123977661,
      "passChanceForward": 0.11460000276565552,
      "passChancePressured": 0.36959999799728394,
      "passChanceWing": 0.009999999776482582,
      "shootProgressThreshold": 0.7936000227928162,
      "tackleChance": 0.2199999988079071
    }
  },
  "championEpoch": 110,
  "championParameters": {
    "forwardPassMinGain": 9.0,
    "markDistance": 68.0,
    "passChanceDefault": 0.08370000123977661,
    "passChanceForward": 0.14820000529289246,
    "passChancePressured": 0.3846000134944916,
    "passChanceWing": 0.009999999776482582,
    "shootProgressThreshold": 0.8145999908447266,
    "tackleChance": 0.19660000503063202
  },
  "createdAt": "2026-04-30T09:58:17Z",
  "epoch": 118,
  "evaluation": {
    "avgGoals": 9.49,
    "avgOutOfBounds": 0.01,
    "avgPasses": 123.29,
    "avgShots": 62.33,
    "avgTackles": 5.08,
    "baselineAvgGoals": 5.32,
    "candidateAvgGoals": 4.173,
    "candidateWon": false,
    "earlyStop": "worse",
    "elapsedMs": 43,
    "games": 150,
    "gamesPerSecond": 3488.37,
    "goalDiff": -172.0,
    "maxGames": 1000,
    "passCompletionRate": 0.925,
    "tackleSuccessRate": 1.0,
    "zScore": -2.577
  },
  "gamesPerEpoch": 1000,
  "name": "epoch-118",
  "opponent": {
    "parameters": {
      "forwardPassMinGain": 9.0,
      "markDistance": 68.0,
      "passChanceDefault": 0.08370000123977661,
      "passChanceForward": 0.14820000529289246,
      "passChancePressured": 0.3846000134944916,
      "passChanceWing": 0.009999999776482582,
      "shootProgressThreshold": 0.8145999908447266,
      "tackleChance": 0.19660000503063202
    },
    "sourceEpoch": 110
  },
  "session": "session-4"
}
