{
  "accepted": false,
  "candidate": {
    "parameters": {
      "forwardPassMinGain": 14.0,
      "markDistance": 67.0,
      "passChanceDefault": 0.20000000298023224,
      "passChanceForward": 0.13539999723434448,
      "passChancePressured": 0.4000000059604645,
      "passChanceWing": 0.009999999776482582,
      "shootProgressThreshold": 0.7946000099182129,
      "tackleChance": 0.15559999644756317
    }
  },
  "championEpoch": 848,
  "championParameters": {
    "forwardPassMinGain": 14.0,
    "markDistance": 63.0,
    "passChanceDefault": 0.18170000612735748,
    "passChanceForward": 0.13539999723434448,
    "passChancePressured": 0.4000000059604645,
    "passChanceWing": 0.009999999776482582,
    "shootProgressThreshold": 0.8159999847412109,
    "tackleChance": 0.15559999644756317
  },
  "createdAt": "2026-04-30T10:01:09Z",
  "epoch": 850,
  "evaluation": {
    "avgGoals": 9.9,
    "avgOutOfBounds": 0.01,
    "avgPasses": 135.41,
    "avgShots": 55.3,
    "avgTackles": 4.92,
    "baselineAvgGoals": 5.087,
    "candidateAvgGoals": 4.808,
    "candidateWon": false,
    "earlyStop": null,
    "elapsedMs": 298,
    "games": 1000,
    "gamesPerSecond": 3355.7,
    "goalDiff": -279.0,
    "maxGames": 1000,
    "passCompletionRate": 0.929,
    "tackleSuccessRate": 1.0,
    "zScore": -1.719
  },
  "gamesPerEpoch": 1000,
  "name": "epoch-850",
  "opponent": {
    "parameters": {
      "forwardPassMinGain": 14.0,
      "markDistance": 63.0,
      "passChanceDefault": 0.18170000612735748,
      "passChanceForward": 0.13539999723434448,
      "passChancePressured": 0.4000000059604645,
      "passChanceWing": 0.009999999776482582,
      "shootProgressThreshold": 0.8159999847412109,
      "tackleChance": 0.15559999644756317
    },
    "sourceEpoch": 848
  },
  "session": "session-4"
}
