{
  "accepted": false,
  "candidate": {
    "parameters": {
      "forwardPassMinGain": 18.0,
      "markDistance": 63.0,
      "passChanceDefault": 0.05649999901652336,
      "passChanceForward": 0.17910000681877136,
      "passChancePressured": 0.4000000059604645,
      "passChanceWing": 0.009999999776482582,
      "shootProgressThreshold": 0.7441999912261963,
      "tackleChance": 0.2199999988079071
    }
  },
  "championEpoch": 90,
  "championParameters": {
    "forwardPassMinGain": 18.0,
    "markDistance": 64.0,
    "passChanceDefault": 0.031700000166893005,
    "passChanceForward": 0.18000000715255737,
    "passChancePressured": 0.36239999532699585,
    "passChanceWing": 0.009999999776482582,
    "shootProgressThreshold": 0.8173999786376953,
    "tackleChance": 0.2199999988079071
  },
  "createdAt": "2026-04-30T10:45:05Z",
  "epoch": 97,
  "evaluation": {
    "avgGoals": 2.53,
    "avgOutOfBounds": 0.07,
    "avgPasses": 107.9,
    "avgShots": 131.34,
    "avgTackles": 3.65,
    "baselineAvgGoals": 2.49,
    "candidateAvgGoals": 0.04,
    "candidateWon": false,
    "earlyStop": "worse",
    "elapsedMs": 32,
    "games": 100,
    "gamesPerSecond": 3125.0,
    "goalDiff": -245.0,
    "maxGames": 10000,
    "passCompletionRate": 0.962,
    "tackleSuccessRate": 1.0,
    "zScore": -7.457
  },
  "gamesPerEpoch": 10000,
  "name": "epoch-097",
  "opponent": {
    "parameters": {
      "forwardPassMinGain": 18.0,
      "markDistance": 64.0,
      "passChanceDefault": 0.031700000166893005,
      "passChanceForward": 0.18000000715255737,
      "passChancePressured": 0.36239999532699585,
      "passChanceWing": 0.009999999776482582,
      "shootProgressThreshold": 0.8173999786376953,
      "tackleChance": 0.2199999988079071
    },
    "sourceEpoch": 90
  },
  "session": "session-10"
}
