{
  "accepted": false,
  "candidate": {
    "parameters": {
      "forwardPassMinGain": 18.0,
      "markDistance": 64.0,
      "passChanceDefault": 0.004999999888241291,
      "passChanceForward": 0.18000000715255737,
      "passChancePressured": 0.4000000059604645,
      "passChanceWing": 0.012900000438094139,
      "shootProgressThreshold": 0.8133999705314636,
      "tackleChance": 0.2199999988079071
    }
  },
  "championEpoch": 80,
  "championParameters": {
    "forwardPassMinGain": 18.0,
    "markDistance": 64.0,
    "passChanceDefault": 0.004999999888241291,
    "passChanceForward": 0.18000000715255737,
    "passChancePressured": 0.4000000059604645,
    "passChanceWing": 0.009999999776482582,
    "shootProgressThreshold": 0.8133999705314636,
    "tackleChance": 0.2199999988079071
  },
  "createdAt": "2026-04-30T10:44:34Z",
  "epoch": 84,
  "evaluation": {
    "avgGoals": 12.38,
    "avgOutOfBounds": 0.01,
    "avgPasses": 132.52,
    "avgShots": 38.55,
    "avgTackles": 5.56,
    "baselineAvgGoals": 6.192,
    "candidateAvgGoals": 6.185,
    "candidateWon": false,
    "earlyStop": null,
    "elapsedMs": 2959,
    "games": 10000,
    "gamesPerSecond": 3379.52,
    "goalDiff": -65.0,
    "maxGames": 10000,
    "passCompletionRate": 0.903,
    "tackleSuccessRate": 1.0,
    "zScore": -0.104
  },
  "gamesPerEpoch": 10000,
  "name": "epoch-084",
  "opponent": {
    "parameters": {
      "forwardPassMinGain": 18.0,
      "markDistance": 64.0,
      "passChanceDefault": 0.004999999888241291,
      "passChanceForward": 0.18000000715255737,
      "passChancePressured": 0.4000000059604645,
      "passChanceWing": 0.009999999776482582,
      "shootProgressThreshold": 0.8133999705314636,
      "tackleChance": 0.2199999988079071
    },
    "sourceEpoch": 80
  },
  "session": "session-10"
}
