{
  "accepted": false,
  "candidate": {
    "parameters": {
      "forwardPassMinGain": 16.0,
      "markDistance": 70.0,
      "passChanceDefault": 0.033900000154972076,
      "passChanceForward": 0.13359999656677246,
      "passChancePressured": 0.3619000017642975,
      "passChanceWing": 0.03310000151395798,
      "shootProgressThreshold": 0.8133999705314636,
      "tackleChance": 0.2199999988079071
    }
  },
  "championEpoch": 56,
  "championParameters": {
    "forwardPassMinGain": 16.0,
    "markDistance": 69.0,
    "passChanceDefault": 0.004999999888241291,
    "passChanceForward": 0.13359999656677246,
    "passChancePressured": 0.3619000017642975,
    "passChanceWing": 0.009999999776482582,
    "shootProgressThreshold": 0.8133999705314636,
    "tackleChance": 0.2199999988079071
  },
  "createdAt": "2026-04-30T10:43:31Z",
  "epoch": 57,
  "evaluation": {
    "avgGoals": 11.85,
    "avgOutOfBounds": 0.01,
    "avgPasses": 130.96,
    "avgShots": 37.4,
    "avgTackles": 5.87,
    "baselineAvgGoals": 5.959,
    "candidateAvgGoals": 5.886,
    "candidateWon": false,
    "earlyStop": null,
    "elapsedMs": 2956,
    "games": 10000,
    "gamesPerSecond": 3382.95,
    "goalDiff": -730.0,
    "maxGames": 10000,
    "passCompletionRate": 0.906,
    "tackleSuccessRate": 1.0,
    "zScore": -1.159
  },
  "gamesPerEpoch": 10000,
  "name": "epoch-057",
  "opponent": {
    "parameters": {
      "forwardPassMinGain": 16.0,
      "markDistance": 69.0,
      "passChanceDefault": 0.004999999888241291,
      "passChanceForward": 0.13359999656677246,
      "passChancePressured": 0.3619000017642975,
      "passChanceWing": 0.009999999776482582,
      "shootProgressThreshold": 0.8133999705314636,
      "tackleChance": 0.2199999988079071
    },
    "sourceEpoch": 56
  },
  "session": "session-10"
}
