{
  "accepted": false,
  "candidate": {
    "parameters": {
      "forwardPassMinGain": 18.0,
      "markDistance": 64.0,
      "passChanceDefault": 0.004999999888241291,
      "passChanceForward": 0.11349999904632568,
      "passChancePressured": 0.39969998598098755,
      "passChanceWing": 0.009999999776482582,
      "shootProgressThreshold": 0.8567000031471252,
      "tackleChance": 0.2199999988079071
    }
  },
  "championEpoch": 64,
  "championParameters": {
    "forwardPassMinGain": 18.0,
    "markDistance": 64.0,
    "passChanceDefault": 0.004999999888241291,
    "passChanceForward": 0.11349999904632568,
    "passChancePressured": 0.39969998598098755,
    "passChanceWing": 0.009999999776482582,
    "shootProgressThreshold": 0.8133999705314636,
    "tackleChance": 0.2199999988079071
  },
  "createdAt": "2026-04-30T10:43:52Z",
  "epoch": 65,
  "evaluation": {
    "avgGoals": 9.42,
    "avgOutOfBounds": 0.01,
    "avgPasses": 130.01,
    "avgShots": 54.49,
    "avgTackles": 4.91,
    "baselineAvgGoals": 5.344,
    "candidateAvgGoals": 4.072,
    "candidateWon": false,
    "earlyStop": "worse",
    "elapsedMs": 37,
    "games": 125,
    "gamesPerSecond": 3378.38,
    "goalDiff": -159.0,
    "maxGames": 10000,
    "passCompletionRate": 0.904,
    "tackleSuccessRate": 1.0,
    "zScore": -2.93
  },
  "gamesPerEpoch": 10000,
  "name": "epoch-065",
  "opponent": {
    "parameters": {
      "forwardPassMinGain": 18.0,
      "markDistance": 64.0,
      "passChanceDefault": 0.004999999888241291,
      "passChanceForward": 0.11349999904632568,
      "passChancePressured": 0.39969998598098755,
      "passChanceWing": 0.009999999776482582,
      "shootProgressThreshold": 0.8133999705314636,
      "tackleChance": 0.2199999988079071
    },
    "sourceEpoch": 64
  },
  "session": "session-10"
}
