{
  "accepted": false,
  "candidate": {
    "parameters": {
      "forwardPassMinGain": 18.0,
      "markDistance": 70.0,
      "passChanceDefault": 0.007400000002235174,
      "passChanceForward": 0.17749999463558197,
      "passChancePressured": 0.4000000059604645,
      "passChanceWing": 0.013799999840557575,
      "shootProgressThreshold": 0.8133999705314636,
      "tackleChance": 0.2199999988079071
    }
  },
  "championEpoch": 5,
  "championParameters": {
    "forwardPassMinGain": 18.0,
    "markDistance": 67.0,
    "passChanceDefault": 0.007400000002235174,
    "passChanceForward": 0.17749999463558197,
    "passChancePressured": 0.4000000059604645,
    "passChanceWing": 0.009999999776482582,
    "shootProgressThreshold": 0.8133999705314636,
    "tackleChance": 0.2199999988079071
  },
  "createdAt": "2026-04-30T10:42:04Z",
  "epoch": 16,
  "evaluation": {
    "avgGoals": 12.33,
    "avgOutOfBounds": 0.01,
    "avgPasses": 126.8,
    "avgShots": 38.36,
    "avgTackles": 5.99,
    "baselineAvgGoals": 6.284,
    "candidateAvgGoals": 6.049,
    "candidateWon": false,
    "earlyStop": "worse",
    "elapsedMs": 1433,
    "games": 5025,
    "gamesPerSecond": 3506.63,
    "goalDiff": -1181.0,
    "maxGames": 10000,
    "passCompletionRate": 0.9,
    "tackleSuccessRate": 1.0,
    "zScore": -2.517
  },
  "gamesPerEpoch": 10000,
  "name": "epoch-016",
  "opponent": {
    "parameters": {
      "forwardPassMinGain": 18.0,
      "markDistance": 67.0,
      "passChanceDefault": 0.007400000002235174,
      "passChanceForward": 0.17749999463558197,
      "passChancePressured": 0.4000000059604645,
      "passChanceWing": 0.009999999776482582,
      "shootProgressThreshold": 0.8133999705314636,
      "tackleChance": 0.2199999988079071
    },
    "sourceEpoch": 5
  },
  "session": "session-10"
}
