{
  "createdAt": "2026-05-06T02:17:19Z",
  "epoch": 0,
  "name": "epoch-000-baseline",
  "playerParams": [
    {
      "decisions": {
        "aggression": 1.875100016593933,
        "forwardPassMinGain": 8.417799949645996,
        "markDistance": 50.6682014465332,
        "passChanceDefault": 0.004999999888241291,
        "passChanceForward": 0.03999999910593033,
        "passChancePressured": 0.019999999552965164,
        "passChanceWing": 0.07000000029802322,
        "passDirDefensive": 0.8122000098228455,
        "passDirNeutral": 1.0,
        "passDirOffensive": 0.6805999875068665,
        "riskAppetite": 0.5,
        "shootProgressThreshold": 0.5947999954223633,
        "tackleChance": 0.09480000287294388
      },
      "gk": null,
      "spatial": {
        "ball": {
          "max": 272.0318908691406,
          "min": 20.0,
          "preferred": 20.0
        },
        "opponent": {
          "max": 250.59970092773438,
          "min": 48.898399353027344,
          "preferred": 48.898399353027344
        },
        "ownGoal": {
          "max": 714.88232421875,
          "min": 238.02110290527344,
          "preferred": 362.7344970703125
        },
        "side": {
          "max": 460.0,
          "min": 60.0,
          "preferred": 170.44790649414062
        },
        "teammate": {
          "max": 205.035400390625,
          "min": 40.0,
          "preferred": 205.035400390625
        }
      }
    },
    {
      "decisions": {
        "aggression": 1.1706000566482544,
        "forwardPassMinGain": 9.995100021362305,
        "markDistance": 48.0,
        "passChanceDefault": 0.038600001484155655,
        "passChanceForward": 0.03999999910593033,
        "passChancePressured": 0.1599999964237213,
        "passChanceWing": 0.08829999715089798,
        "passDirDefensive": 0.9890999794006348,
        "passDirNeutral": 1.0,
        "passDirOffensive": 1.069000005722046,
        "riskAppetite": 0.49399998784065247,
        "shootProgressThreshold": 0.7315000295639038,
        "tackleChance": 0.16249999403953552
      },
      "gk": null,
      "spatial": {
        "ball": {
          "max": 288.8074035644531,
          "min": 17.818300247192383,
          "preferred": 85.7156982421875
        },
        "opponent": {
          "max": 197.67340087890625,
          "min": 0.0,
          "preferred": 85.0
        },
        "ownGoal": {
          "max": 500.0,
          "min": 100.0,
          "preferred": 308.1072082519531
        },
        "side": {
          "max": 280.0,
          "min": 40.0,
          "preferred": 239.9355010986328
        },
        "teammate": {
          "max": 197.82899475097656,
          "min": 40.0,
          "preferred": 100.0
        }
      }
    },
    {
      "decisions": {
        "aggression": 0.9340999722480774,
        "forwardPassMinGain": 8.0,
        "markDistance": 47.30540084838867,
        "passChanceDefault": 0.02319999970495701,
        "passChanceForward": 0.0925000011920929,
        "passChancePressured": 0.1559000015258789,
        "passChanceWing": 0.05339999869465828,
        "passDirDefensive": 0.0,
        "passDirNeutral": 1.0,
        "passDirOffensive": 1.0,
        "riskAppetite": 0.0,
        "shootProgressThreshold": 0.8999999761581421,
        "tackleChance": 0.06509999930858612
      },
      "gk": null,
      "spatial": {
        "ball": {
          "max": 280.0,
          "min": 20.0,
          "preferred": 20.0
        },
        "opponent": {
          "max": 220.0,
          "min": 20.0,
          "preferred": 20.0
        },
        "ownGoal": {
          "max": 422.8489074707031,
          "min": 100.0,
          "preferred": 330.047607421875
        },
        "side": {
          "max": 480.0,
          "min": 227.32460021972656,
          "preferred": 480.0
        },
        "teammate": {
          "max": 220.0,
          "min": 26.107200622558594,
          "preferred": 40.0
        }
      }
    },
    {
      "decisions": {
        "aggression": 1.0,
        "forwardPassMinGain": 9.0,
        "markDistance": 56.02040100097656,
        "passChanceDefault": 0.12380000203847885,
        "passChanceForward": 0.038100000470876694,
        "passChancePressured": 0.15080000460147858,
        "passChanceWing": 0.07000000029802322,
        "passDirDefensive": 0.677299976348877,
        "passDirNeutral": 0.9824000000953674,
        "passDirOffensive": 1.0,
        "riskAppetite": 0.5,
        "shootProgressThreshold": 0.7283999919891357,
        "tackleChance": 0.2199999988079071
      },
      "gk": null,
      "spatial": {
        "ball": {
          "max": 358.2746887207031,
          "min": 0.0,
          "preferred": 30.0
        },
        "opponent": {
          "max": 173.87060546875,
          "min": 15.0,
          "preferred": 15.0
        },
        "ownGoal": {
          "max": 320.0,
          "min": 0.0,
          "preferred": 320.0
        },
        "side": {
          "max": 461.38189697265625,
          "min": 27.292600631713867,
          "preferred": 263.7171936035156
        },
        "teammate": {
          "max": 220.0,
          "min": 51.61130142211914,
          "preferred": 83.34609985351562
        }
      }
    },
    {
      "decisions": {
        "aggression": 1.0,
        "forwardPassMinGain": 8.0,
        "markDistance": 48.0,
        "passChanceDefault": 0.20000000298023224,
        "passChanceForward": 0.03999999910593033,
        "passChancePressured": 0.1599999964237213,
        "passChanceWing": 0.07000000029802322,
        "passDirDefensive": 1.0,
        "passDirNeutral": 1.0,
        "passDirOffensive": 1.0,
        "riskAppetite": 0.5,
        "shootProgressThreshold": 0.7599999904632568,
        "tackleChance": 0.07999999821186066
      },
      "gk": {
        "gkDistributionZone": 0.19249999523162842,
        "gkDiveChance": 0.6651999950408936,
        "gkDiveCommitDist": 165.7917938232422,
        "gkPassTargetDist": 231.4416046142578,
        "gkRiskClearance": 0.7396000027656555
      },
      "spatial": {
        "ball": {
          "max": 683.00732421875,
          "min": 229.35060119628906,
          "preferred": 269.1680908203125
        },
        "opponent": {
          "max": 291.87298583984375,
          "min": 8.62600040435791,
          "preferred": 227.52720642089844
        },
        "ownGoal": {
          "max": 324.0841979980469,
          "min": 0.0,
          "preferred": 109.98300170898438
        },
        "side": {
          "max": 386.27130126953125,
          "min": 111.77729797363281,
          "preferred": 359.13250732421875
        },
        "teammate": {
          "max": 197.49049377441406,
          "min": 7.1554999351501465,
          "preferred": 155.6175994873047
        }
      }
    }
  ],
  "role": "initial-baseline",
  "session": "s2-anneal-stage-2-20ep-5000g"
}
