{
  "acceptedCount": 6,
  "acceptedEpochs": [
    4,
    6,
    8,
    12,
    19,
    20
  ],
  "averageEpochElapsedMs": 1070,
  "bestGoalDiff": 431.0,
  "epochs": 20,
  "finalChampionEpoch": 20,
  "finalChampionPlayerParams": [
    {
      "decisions": {
        "aggression": 1.3300000429153442,
        "forwardPassMinGain": 1.802899956703186,
        "markDistance": 84.09269714355469,
        "passChanceDefault": 0.10440000146627426,
        "passChanceForward": 0.031599998474121094,
        "passChancePressured": 0.34599998593330383,
        "passChanceWing": 0.09160000085830688,
        "passDirDefensive": 0.0,
        "passDirNeutral": 1.7403000593185425,
        "passDirOffensive": 1.0815000534057617,
        "riskAppetite": 0.8446000218391418,
        "shootProgressThreshold": 0.5515000224113464,
        "tackleChance": 0.07500000298023224
      },
      "gk": null,
      "spatial": {
        "ball": {
          "max": 501.3369140625,
          "min": 23.122100830078125,
          "preferred": 205.49839782714844
        },
        "opponent": {
          "max": 264.343505859375,
          "min": 0.0,
          "preferred": 65.31289672851562
        },
        "ownGoal": {
          "max": 730.3682861328125,
          "min": 449.348388671875,
          "preferred": 511.7059020996094
        },
        "side": {
          "max": 290.3826904296875,
          "min": 105.92880249023438,
          "preferred": 254.7144012451172
        },
        "teammate": {
          "max": 362.26239013671875,
          "min": 153.98989868164062,
          "preferred": 181.13229370117188
        }
      }
    },
    {
      "decisions": {
        "aggression": 0.18060000240802765,
        "forwardPassMinGain": 15.765999794006348,
        "markDistance": 32.0004997253418,
        "passChanceDefault": 0.004999999888241291,
        "passChanceForward": 0.04769999906420708,
        "passChancePressured": 0.10040000081062317,
        "passChanceWing": 0.16660000383853912,
        "passDirDefensive": 0.0,
        "passDirNeutral": 1.6289000511169434,
        "passDirOffensive": 1.218500018119812,
        "riskAppetite": 0.4366999864578247,
        "shootProgressThreshold": 0.6078000068664551,
        "tackleChance": 0.21289999783039093
      },
      "gk": null,
      "spatial": {
        "ball": {
          "max": 26.006099700927734,
          "min": 6.215799808502197,
          "preferred": 6.215799808502197
        },
        "opponent": {
          "max": 109.591796875,
          "min": 55.772098541259766,
          "preferred": 103.24410247802734
        },
        "ownGoal": {
          "max": 900.0,
          "min": 138.773193359375,
          "preferred": 221.32989501953125
        },
        "side": {
          "max": 315.08380126953125,
          "min": 19.904699325561523,
          "preferred": 197.44180297851562
        },
        "teammate": {
          "max": 379.658203125,
          "min": 222.01890563964844,
          "preferred": 379.658203125
        }
      }
    },
    {
      "decisions": {
        "aggression": 1.857200026512146,
        "forwardPassMinGain": 14.80109977722168,
        "markDistance": 47.1505012512207,
        "passChanceDefault": 0.15680000185966492,
        "passChanceForward": 0.13729999959468842,
        "passChancePressured": 0.2207999974489212,
        "passChanceWing": 0.014999999664723873,
        "passDirDefensive": 0.15070000290870667,
        "passDirNeutral": 0.8769000172615051,
        "passDirOffensive": 2.0,
        "riskAppetite": 0.42080000042915344,
        "shootProgressThreshold": 0.8589000105857849,
        "tackleChance": 0.14669999480247498
      },
      "gk": null,
      "spatial": {
        "ball": {
          "max": 25.25029945373535,
          "min": 3.367000102996826,
          "preferred": 3.367000102996826
        },
        "opponent": {
          "max": 216.97720336914062,
          "min": 5.457399845123291,
          "preferred": 69.24909973144531
        },
        "ownGoal": {
          "max": 194.75819396972656,
          "min": 175.05780029296875,
          "preferred": 175.05780029296875
        },
        "side": {
          "max": 318.90618896484375,
          "min": 298.135986328125,
          "preferred": 298.135986328125
        },
        "teammate": {
          "max": 119.5896987915039,
          "min": 85.82389831542969,
          "preferred": 119.5896987915039
        }
      }
    },
    {
      "decisions": {
        "aggression": 1.4606000185012817,
        "forwardPassMinGain": 12.358499526977539,
        "markDistance": 27.48740005493164,
        "passChanceDefault": 0.1696999967098236,
        "passChanceForward": 0.004999999888241291,
        "passChancePressured": 0.10859999805688858,
        "passChanceWing": 0.21799999475479126,
        "passDirDefensive": 1.4118000268936157,
        "passDirNeutral": 0.95660001039505,
        "passDirOffensive": 0.8938000202178955,
        "riskAppetite": 0.30820000171661377,
        "shootProgressThreshold": 0.7228999733924866,
        "tackleChance": 0.14110000431537628
      },
      "gk": null,
      "spatial": {
        "ball": {
          "max": 473.8500061035156,
          "min": 73.1957015991211,
          "preferred": 224.1605987548828
        },
        "opponent": {
          "max": 394.67291259765625,
          "min": 100.4175033569336,
          "preferred": 168.16360473632812
        },
        "ownGoal": {
          "max": 434.00311279296875,
          "min": 422.1243896484375,
          "preferred": 434.00311279296875
        },
        "side": {
          "max": 151.2666015625,
          "min": 129.07730102539062,
          "preferred": 129.07730102539062
        },
        "teammate": {
          "max": 77.60209655761719,
          "min": 62.845699310302734,
          "preferred": 77.60209655761719
        }
      }
    },
    {
      "decisions": {
        "aggression": 0.5266000032424927,
        "forwardPassMinGain": 4.054900169372559,
        "markDistance": 78.98400115966797,
        "passChanceDefault": 0.20000000298023224,
        "passChanceForward": 0.04769999906420708,
        "passChancePressured": 0.3725999891757965,
        "passChanceWing": 0.18369999527931213,
        "passDirDefensive": 0.6363000273704529,
        "passDirNeutral": 0.325300008058548,
        "passDirOffensive": 1.3034000396728516,
        "riskAppetite": 0.9434000253677368,
        "shootProgressThreshold": 0.7803999781608582,
        "tackleChance": 0.07970000058412552
      },
      "gk": {
        "gkDistributionZone": 1.0,
        "gkDiveChance": 0.9937000274658203,
        "gkDiveCommitDist": 73.3407974243164,
        "gkPassTargetDist": 159.13160705566406,
        "gkRiskClearance": 0.40149998664855957
      },
      "spatial": {
        "ball": {
          "max": 328.8564147949219,
          "min": 11.826800346374512,
          "preferred": 223.8572998046875
        },
        "opponent": {
          "max": 336.3855895996094,
          "min": 295.9808044433594,
          "preferred": 305.37139892578125
        },
        "ownGoal": {
          "max": 722.4744873046875,
          "min": 379.5108947753906,
          "preferred": 379.5108947753906
        },
        "side": {
          "max": 254.69290161132812,
          "min": 226.25990295410156,
          "preferred": 226.25990295410156
        },
        "teammate": {
          "max": 252.78489685058594,
          "min": 108.51439666748047,
          "preferred": 220.37890625
        }
      }
    }
  ],
  "finishedAt": "2026-05-06T02:35:25Z",
  "gamesPerEpoch": 5000,
  "history": [
    {
      "accepted": false,
      "baselineAvgGoals": 5.64,
      "candidateAvgGoals": 3.98,
      "championEpoch": 0,
      "earlyStop": "worse",
      "elapsedMs": 181,
      "epoch": 1,
      "gamesRun": 100,
      "goalDiff": -166.0,
      "zScore": -5.456
    },
    {
      "accepted": false,
      "baselineAvgGoals": 8.34,
      "candidateAvgGoals": 4.07,
      "championEpoch": 0,