{
  "acceptedCount": 3,
  "acceptedEpochs": [
    4,
    8,
    9
  ],
  "averageEpochElapsedMs": 693,
  "bestGoalDiff": 68.0,
  "epochs": 20,
  "finalChampionEpoch": 9,
  "finalChampionPlayerParams": [
    {
      "decisions": {
        "aggression": 2.0,
        "forwardPassMinGain": 9.304100036621094,
        "markDistance": 54.905799865722656,
        "passChanceDefault": 0.08299999684095383,
        "passChanceForward": 0.006300000008195639,
        "passChancePressured": 0.019999999552965164,
        "passChanceWing": 0.01600000075995922,
        "passDirDefensive": 0.73580002784729,
        "passDirNeutral": 1.024899959564209,
        "passDirOffensive": 0.8203999996185303,
        "riskAppetite": 0.6328999996185303,
        "shootProgressThreshold": 0.550000011920929,
        "tackleChance": 0.08399999886751175
      },
      "gk": null,
      "spatial": {
        "ball": {
          "max": 425.7048034667969,
          "min": 0.0,
          "preferred": 0.0
        },
        "opponent": {
          "max": 256.3822937011719,
          "min": 15.679400444030762,
          "preferred": 94.90809631347656
        },
        "ownGoal": {
          "max": 622.8657836914062,
          "min": 462.4801940917969,
          "preferred": 546.0972900390625
        },
        "side": {
          "max": 497.1783142089844,
          "min": 38.31269836425781,
          "preferred": 254.94529724121094
        },
        "teammate": {
          "max": 109.24349975585938,
          "min": 0.0,
          "preferred": 49.94029998779297
        }
      }
    },
    {
      "decisions": {
        "aggression": 1.4859000444412231,
        "forwardPassMinGain": 16.631000518798828,
        "markDistance": 27.81599998474121,
        "passChanceDefault": 0.05249999836087227,
        "passChanceForward": 0.004999999888241291,
        "passChancePressured": 0.20100000500679016,
        "passChanceWing": 0.07599999755620956,
        "passDirDefensive": 1.6970000267028809,
        "passDirNeutral": 1.0125999450683594,
        "passDirOffensive": 0.6380000114440918,
        "riskAppetite": 0.5702999830245972,
        "shootProgressThreshold": 0.7651000022888184,
        "tackleChance": 0.17499999701976776
      },
      "gk": null,
      "spatial": {
        "ball": {
          "max": 370.9652099609375,
          "min": 53.05759811401367,
          "preferred": 53.05759811401367
        },
        "opponent": {
          "max": 178.1009979248047,
          "min": 75.61039733886719,
          "preferred": 132.268798828125
        },
        "ownGoal": {
          "max": 692.8687133789062,
          "min": 55.65119934082031,
          "preferred": 328.16668701171875
        },
        "side": {
          "max": 430.40618896484375,
          "min": 16.302000045776367,
          "preferred": 236.0471954345703
        },
        "teammate": {
          "max": 173.2241973876953,
          "min": 57.86069869995117,
          "preferred": 81.44000244140625
        }
      }
    },
    {
      "decisions": {
        "aggression": 1.239400029182434,
        "forwardPassMinGain": 9.827899932861328,
        "markDistance": 54.54010009765625,
        "passChanceDefault": 0.03779999911785126,
        "passChanceForward": 0.18000000715255737,
        "passChancePressured": 0.15070000290870667,
        "passChanceWing": 0.0364999994635582,
        "passDirDefensive": 0.06289999932050705,
        "passDirNeutral": 0.4246000051498413,
        "passDirOffensive": 1.1168999671936035,
        "riskAppetite": 0.05689999833703041,
        "shootProgressThreshold": 0.896399974822998,
        "tackleChance": 0.12470000237226486
      },
      "gk": null,
      "spatial": {
        "ball": {
          "max": 80.76640319824219,
          "min": 0.0,
          "preferred": 0.0
        },
        "opponent": {
          "max": 250.49740600585938,
          "min": 22.686100006103516,
          "preferred": 104.6427001953125
        },
        "ownGoal": {
          "max": 584.2158203125,
          "min": 0.0,
          "preferred": 235.25210571289062
        },
        "side": {
          "max": 428.8931884765625,
          "min": 156.7519073486328,
          "preferred": 322.73260498046875
        },
        "teammate": {
          "max": 272.96240234375,
          "min": 0.2732999920845032,
          "preferred": 94.43000030517578
        }
      }
    },
    {
      "decisions": {
        "aggression": 1.1651999950408936,
        "forwardPassMinGain": 9.668299674987793,
        "markDistance": 61.0166015625,
        "passChanceDefault": 0.20000000298023224,
        "passChanceForward": 0.004999999888241291,
        "passChancePressured": 0.14010000228881836,
        "passChanceWing": 0.009999999776482582,
        "passDirDefensive": 0.3490000069141388,
        "passDirNeutral": 1.7522000074386597,
        "passDirOffensive": 0.33899998664855957,
        "riskAppetite": 0.5950999855995178,
        "shootProgressThreshold": 0.7477999925613403,
        "tackleChance": 0.20600000023841858
      },
      "gk": null,
      "spatial": {
        "ball": {
          "max": 285.9671936035156,
          "min": 25.439300537109375,
          "preferred": 25.439300537109375
        },
        "opponent": {
          "max": 120.48979949951172,
          "min": 0.0,
          "preferred": 0.0
        },
        "ownGoal": {
          "max": 406.0452880859375,
          "min": 140.93179321289062,
          "preferred": 234.277099609375
        },
        "side": {
          "max": 501.3949890136719,
          "min": 117.88819885253906,
          "preferred": 297.8829040527344
        },
        "teammate": {
          "max": 230.64039611816406,
          "min": 55.39400100708008,
          "preferred": 93.67960357666016
        }
      }
    },
    {
      "decisions": {
        "aggression": 1.0,
        "forwardPassMinGain": 8.0,
        "markDistance": 48.0,
        "passChanceDefault": 0.20000000298023224,
        "passChanceForward": 0.03999999910593033,
        "passChancePressured": 0.1599999964237213,
        "passChanceWing": 0.07000000029802322,
        "passDirDefensive": 1.0,
        "passDirNeutral": 1.0,
        "passDirOffensive": 1.0,
        "riskAppetite": 0.5,
        "shootProgressThreshold": 0.7599999904632568,
        "tackleChance": 0.07999999821186066
      },
      "gk": {
        "gkDistributionZone": 0.0,
        "gkDiveChance": 0.8126999735832214,
        "gkDiveCommitDist": 200.6468048095703,
        "gkPassTargetDist": 305.4690856933594,
        "gkRiskClearance": 0.37130001187324524
      },
      "spatial": {
        "ball": {
          "max": 620.18408203125,
          "min": 219.68170166015625,
          "preferred": 293.0325012207031
        },
        "opponent": {
          "max": 323.1203918457031,
          "min": 35.975799560546875,
          "preferred": 178.58839416503906
        },
        "ownGoal": {
          "max": 179.3863983154297,
          "min": 0.0,
          "preferred": 179.3863983154297
        },
        "side": {
          "max": 471.00360107421875,
          "min": 72.17330169677734,
          "preferred": 401.1156921386719
        },
        "teammate": {
          "max": 119.90280151367188,
          "min": 0.0,
          "preferred": 116.3759994506836
        }
      }
    }
  ],
  "finishedAt": "2026-05-06T02:27:16Z",
  "gamesPerEpoch": 5000,
  "history": [
    {
      "accepted": false,
      "baselineAvgGoals": 1.21,
      "candidateAvgGoals": 0.73,
      "championEpoch": 0,
      "earlyStop": "worse",
      "elapsedMs": 178,
      "epoch": 1,
      "gamesRun": 100,
      "goalDiff": -48.0,
      "zScore": -3.228
    },
    {
      "accepted": false,
      "baselineAvgGoals": 0.564,
      "candidateAvgGoals": 0.585,
      "championEpoch": 0,
      "earlyStop": "indecisive",
      "elapsedMs": 486,
      "epoch": 2,
      "gamesRun": 275,
      "goalDiff": 6.0,
      "zScore": 0.335
    },
    {
      "accepted": false,
      "baselineAvgGoals": 0.488,