{
  "createdAt": "2026-05-06T02:24:46Z",
  "epoch": 0,
  "name": "epoch-000-baseline",
  "playerParams": [
    {
      "decisions": {
        "aggression": 1.8830000162124634,
        "forwardPassMinGain": 11.580699920654297,
        "markDistance": 48.87049865722656,
        "passChanceDefault": 0.03009999915957451,
        "passChanceForward": 0.008100000210106373,
        "passChancePressured": 0.019999999552965164,
        "passChanceWing": 0.020899999886751175,
        "passDirDefensive": 0.6642000079154968,
        "passDirNeutral": 1.4534000158309937,
        "passDirOffensive": 0.8313000202178955,
        "riskAppetite": 0.6353999972343445,
        "shootProgressThreshold": 0.5501000285148621,
        "tackleChance": 0.06340000033378601
      },
      "gk": null,
      "spatial": {
        "ball": {
          "max": 368.30419921875,
          "min": 8.218299865722656,
          "preferred": 29.24959945678711
        },
        "opponent": {
          "max": 247.84649658203125,
          "min": 4.037199974060059,
          "preferred": 57.43050003051758
        },
        "ownGoal": {
          "max": 632.5595092773438,
          "min": 405.7149963378906,
          "preferred": 513.4793090820312
        },
        "side": {
          "max": 506.9584045410156,
          "min": 55.12419891357422,
          "preferred": 281.08660888671875
        },
        "teammate": {
          "max": 136.82460021972656,
          "min": 21.995500564575195,
          "preferred": 92.98539733886719
        }
      }
    },
    {
      "decisions": {
        "aggression": 1.4257999658584595,
        "forwardPassMinGain": 12.574000358581543,
        "markDistance": 25.0,
        "passChanceDefault": 0.05990000069141388,
        "passChanceForward": 0.01269999984651804,
        "passChancePressured": 0.10520000010728836,
        "passChanceWing": 0.12479999661445618,
        "passDirDefensive": 1.3202999830245972,
        "passDirNeutral": 0.9686999917030334,
        "passDirOffensive": 0.5001000165939331,
        "riskAppetite": 0.5188000202178955,
        "shootProgressThreshold": 0.8133000135421753,
        "tackleChance": 0.15539999306201935
      },
      "gk": null,
      "spatial": {
        "ball": {
          "max": 396.3030090332031,
          "min": 0.0,
          "preferred": 93.40660095214844
        },
        "opponent": {
          "max": 163.4969024658203,
          "min": 70.82679748535156,
          "preferred": 87.37339782714844
        },
        "ownGoal": {
          "max": 504.69830322265625,
          "min": 94.7594985961914,
          "preferred": 204.47059631347656
        },
        "side": {
          "max": 376.56689453125,
          "min": 47.48099899291992,
          "preferred": 213.44720458984375
        },
        "teammate": {
          "max": 216.74229431152344,
          "min": 29.99370002746582,
          "preferred": 85.59980010986328
        }
      }
    },
    {
      "decisions": {
        "aggression": 0.8185999989509583,
        "forwardPassMinGain": 6.48330020904541,
        "markDistance": 56.97060012817383,
        "passChanceDefault": 0.004999999888241291,
        "passChanceForward": 0.17669999599456787,
        "passChancePressured": 0.11400000005960464,
        "passChanceWing": 0.020500000566244125,
        "passDirDefensive": 0.14830000698566437,
        "passDirNeutral": 0.6516000032424927,
        "passDirOffensive": 0.932200014591217,
        "riskAppetite": 0.0,
        "shootProgressThreshold": 0.8623999953269958,
        "tackleChance": 0.07280000299215317
      },
      "gk": null,
      "spatial": {
        "ball": {
          "max": 195.3616943359375,
          "min": 0.0,
          "preferred": 0.0
        },
        "opponent": {
          "max": 226.22470092773438,
          "min": 29.625699996948242,
          "preferred": 76.77649688720703
        },
        "ownGoal": {
          "max": 529.1226806640625,
          "min": 97.93779754638672,
          "preferred": 203.2183074951172
        },
        "side": {
          "max": 472.60699462890625,
          "min": 214.5756072998047,
          "preferred": 364.8808898925781
        },
        "teammate": {
          "max": 292.9432067871094,
          "min": 2.4642999172210693,
          "preferred": 116.87100219726562
        }
      }
    },
    {
      "decisions": {
        "aggression": 1.062999963760376,
        "forwardPassMinGain": 8.56410026550293,
        "markDistance": 61.0166015625,
        "passChanceDefault": 0.12680000066757202,
        "passChanceForward": 0.017000000923871994,
        "passChancePressured": 0.08160000294446945,
        "passChanceWing": 0.08429999649524689,
        "passDirDefensive": 0.6133999824523926,
        "passDirNeutral": 1.8835999965667725,
        "passDirOffensive": 0.1753000020980835,
        "riskAppetite": 0.5717999935150146,
        "shootProgressThreshold": 0.7139000296592712,
        "tackleChance": 0.14309999346733093
      },
      "gk": null,
      "spatial": {
        "ball": {
          "max": 309.5047912597656,
          "min": 23.600500106811523,
          "preferred": 31.17639923095703
        },
        "opponent": {
          "max": 110.59629821777344,
          "min": 3.158099889755249,
          "preferred": 12.693900108337402
        },
        "ownGoal": {
          "max": 408.8172912597656,
          "min": 96.1395034790039,
          "preferred": 331.6029052734375
        },
        "side": {
          "max": 520.0,
          "min": 115.12010192871094,
          "preferred": 409.8196105957031
        },
        "teammate": {
          "max": 193.7362060546875,
          "min": 43.79790115356445,
          "preferred": 89.02449798583984
        }
      }
    },
    {
      "decisions": {
        "aggression": 1.0,
        "forwardPassMinGain": 8.0,
        "markDistance": 48.0,
        "passChanceDefault": 0.20000000298023224,
        "passChanceForward": 0.03999999910593033,
        "passChancePressured": 0.1599999964237213,
        "passChanceWing": 0.07000000029802322,
        "passDirDefensive": 1.0,
        "passDirNeutral": 1.0,
        "passDirOffensive": 1.0,
        "riskAppetite": 0.5,
        "shootProgressThreshold": 0.7599999904632568,
        "tackleChance": 0.07999999821186066
      },
      "gk": {
        "gkDistributionZone": 0.25130000710487366,
        "gkDiveChance": 0.6187999844551086,
        "gkDiveCommitDist": 164.8513946533203,
        "gkPassTargetDist": 352.4796142578125,
        "gkRiskClearance": 0.6353999972343445
      },
      "spatial": {
        "ball": {
          "max": 631.6868896484375,
          "min": 208.9114990234375,
          "preferred": 208.9114990234375
        },
        "opponent": {
          "max": 360.4732971191406,
          "min": 51.64860153198242,
          "preferred": 105.84970092773438
        },
        "ownGoal": {
          "max": 368.0675048828125,
          "min": 0.0,
          "preferred": 66.56849670410156
        },
        "side": {
          "max": 414.20050048828125,
          "min": 128.09249877929688,
          "preferred": 339.668701171875
        },
        "teammate": {
          "max": 136.68710327148438,
          "min": 0.0,
          "preferred": 135.74830627441406
        }
      }
    }
  ],
  "role": "initial-baseline",
  "session": "s5-anneal-stage-3-5ep-50000g"
}
