{
  "name": "session-12-best",
  "parameters": {
    "forwardPassMinGain": 17.0,
    "markDistance": 71.0,
    "passChanceDefault": 0.12229999899864197,
    "passChanceForward": 0.18000000715255737,
    "passChancePressured": 0.39640000462532043,
    "passChanceWing": 0.009999999776482582,
    "shootProgressThreshold": 0.8095999956130981,
    "tackleChance": 0.20649999380111694
  },
  "sourceEpoch": 999,
  "sourceSession": "session-12",
  "type": "rule-policy",
  "version": 1
}
