{
  "accepted": true,
  "candidate": {
    "parameters": {
      "forwardPassMinGain": 9.0,
      "markDistance": 59.0,
      "passChanceDefault": 0.0934000015258789,
      "passChanceForward": 0.16580000519752502,
      "passChancePressured": 0.28610000014305115,
      "passChanceWing": 0.009999999776482582,
      "shootProgressThreshold": 0.8149999976158142,
      "tackleChance": 0.14720000326633453
    }
  },
  "championEpoch": 190,
  "championParameters": {
    "forwardPassMinGain": 9.0,
    "markDistance": 59.0,
    "passChanceDefault": 0.0934000015258789,
    "passChanceForward": 0.16580000519752502,
    "passChancePressured": 0.28610000014305115,
    "passChanceWing": 0.009999999776482582,
    "shootProgressThreshold": 0.8149999976158142,
    "tackleChance": 0.14720000326633453
  },
  "createdAt": "2026-04-30T10:49:50Z",
  "epoch": 190,
  "evaluation": {
    "avgGoals": 11.81,
    "avgOutOfBounds": 0.01,
    "avgPasses": 144.84,
    "avgShots": 37.64,
    "avgTackles": 4.91,
    "baselineAvgGoals": 5.854,
    "candidateAvgGoals": 5.956,
    "candidateWon": true,
    "earlyStop": null,
    "elapsedMs": 296,
    "games": 1000,
    "gamesPerSecond": 3378.38,
    "goalDiff": 102.0,
    "maxGames": 1000,
    "passCompletionRate": 0.914,
    "tackleSuccessRate": 1.0,
    "zScore": 0.606
  },
  "gamesPerEpoch": 1000,
  "name": "epoch-190",
  "opponent": {
    "parameters": {
      "forwardPassMinGain": 9.0,
      "markDistance": 61.0,
      "passChanceDefault": 0.0934000015258789,
      "passChanceForward": 0.16580000519752502,
      "passChancePressured": 0.28610000014305115,
      "passChanceWing": 0.009999999776482582,
      "shootProgressThreshold": 0.8149999976158142,
      "tackleChance": 0.17649999260902405
    },
    "sourceEpoch": 187
  },
  "session": "session-12"
}
