{
  "accepted": true,
  "candidate": {
    "parameters": {
      "forwardPassMinGain": 13.0,
      "markDistance": 67.0,
      "passChanceDefault": 0.1088000014424324,
      "passChanceForward": 0.1551000028848648,
      "passChancePressured": 0.36489999294281006,
      "passChanceWing": 0.023499999195337296,
      "shootProgressThreshold": 0.8201000094413757,
      "tackleChance": 0.20409999787807465
    }
  },
  "championEpoch": 229,
  "championParameters": {
    "forwardPassMinGain": 13.0,
    "markDistance": 67.0,
    "passChanceDefault": 0.1088000014424324,
    "passChanceForward": 0.1551000028848648,
    "passChancePressured": 0.36489999294281006,
    "passChanceWing": 0.023499999195337296,
    "shootProgressThreshold": 0.8201000094413757,
    "tackleChance": 0.20409999787807465
  },
  "createdAt": "2026-04-30T10:49:59Z",
  "epoch": 229,
  "evaluation": {
    "avgGoals": 11.23,
    "avgOutOfBounds": 0.0,
    "avgPasses": 144.91,
    "avgShots": 37.06,
    "avgTackles": 5.1,
    "baselineAvgGoals": 5.591,
    "candidateAvgGoals": 5.64,
    "candidateWon": true,
    "earlyStop": null,
    "elapsedMs": 292,
    "games": 1000,
    "gamesPerSecond": 3424.66,
    "goalDiff": 49.0,
    "maxGames": 1000,
    "passCompletionRate": 0.919,
    "tackleSuccessRate": 1.0,
    "zScore": 0.281
  },
  "gamesPerEpoch": 1000,
  "name": "epoch-229",
  "opponent": {
    "parameters": {
      "forwardPassMinGain": 14.0,
      "markDistance": 61.0,
      "passChanceDefault": 0.1088000014424324,
      "passChanceForward": 0.18000000715255737,
      "passChancePressured": 0.32089999318122864,
      "passChanceWing": 0.018200000748038292,
      "shootProgressThreshold": 0.8201000094413757,
      "tackleChance": 0.18250000476837158
    },
    "sourceEpoch": 228
  },
  "session": "session-12"
}
