{
  "accepted": false,
  "candidate": {
    "parameters": {
      "forwardPassMinGain": 18.0,
      "markDistance": 64.0,
      "passChanceDefault": 0.05400000140070915,
      "passChanceForward": 0.18000000715255737,
      "passChancePressured": 0.4000000059604645,
      "passChanceWing": 0.040300000458955765,
      "shootProgressThreshold": 0.8396000266075134,
      "tackleChance": 0.2199999988079071
    }
  },
  "championEpoch": 685,
  "championParameters": {
    "forwardPassMinGain": 14.0,
    "markDistance": 66.0,
    "passChanceDefault": 0.05400000140070915,
    "passChanceForward": 0.18000000715255737,
    "passChancePressured": 0.4000000059604645,
    "passChanceWing": 0.009999999776482582,
    "shootProgressThreshold": 0.8087000250816345,
    "tackleChance": 0.2199999988079071
  },
  "createdAt": "2026-04-30T10:51:44Z",
  "epoch": 693,
  "evaluation": {
    "avgGoals": 10.72,
    "avgOutOfBounds": 0.01,
    "avgPasses": 141.02,
    "avgShots": 41.41,
    "avgTackles": 5.15,
    "baselineAvgGoals": 5.507,
    "candidateAvgGoals": 5.213,
    "candidateWon": false,
    "earlyStop": null,
    "elapsedMs": 298,
    "games": 1000,
    "gamesPerSecond": 3355.7,
    "goalDiff": -294.0,
    "maxGames": 1000,
    "passCompletionRate": 0.917,
    "tackleSuccessRate": 1.0,
    "zScore": -1.648
  },
  "gamesPerEpoch": 1000,
  "name": "epoch-693",
  "opponent": {
    "parameters": {
      "forwardPassMinGain": 14.0,
      "markDistance": 66.0,
      "passChanceDefault": 0.05400000140070915,
      "passChanceForward": 0.18000000715255737,
      "passChancePressured": 0.4000000059604645,
      "passChanceWing": 0.009999999776482582,
      "shootProgressThreshold": 0.8087000250816345,
      "tackleChance": 0.2199999988079071
    },
    "sourceEpoch": 685
  },
  "session": "session-12"
}
