{
  "accepted": true,
  "candidate": {
    "parameters": {
      "forwardPassMinGain": 16.0,
      "markDistance": 62.0,
      "passChanceDefault": 0.10949999839067459,
      "passChanceForward": 0.1639000028371811,
      "passChancePressured": 0.3357999920845032,
      "passChanceWing": 0.009999999776482582,
      "shootProgressThreshold": 0.8061000108718872,
      "tackleChance": 0.17059999704360962
    }
  },
  "championEpoch": 785,
  "championParameters": {
    "forwardPassMinGain": 16.0,
    "markDistance": 62.0,
    "passChanceDefault": 0.10949999839067459,
    "passChanceForward": 0.1639000028371811,
    "passChancePressured": 0.3357999920845032,
    "passChanceWing": 0.009999999776482582,
    "shootProgressThreshold": 0.8061000108718872,
    "tackleChance": 0.17059999704360962
  },
  "createdAt": "2026-04-30T10:52:06Z",
  "epoch": 785,
  "evaluation": {
    "avgGoals": 12.0,
    "avgOutOfBounds": 0.02,
    "avgPasses": 135.63,
    "avgShots": 38.54,
    "avgTackles": 5.81,
    "baselineAvgGoals": 5.96,
    "candidateAvgGoals": 6.035,
    "candidateWon": true,
    "earlyStop": null,
    "elapsedMs": 298,
    "games": 1000,
    "gamesPerSecond": 3355.7,
    "goalDiff": 75.0,
    "maxGames": 1000,
    "passCompletionRate": 0.918,
    "tackleSuccessRate": 1.0,
    "zScore": 0.393
  },
  "gamesPerEpoch": 1000,
  "name": "epoch-785",
  "opponent": {
    "parameters": {
      "forwardPassMinGain": 16.0,
      "markDistance": 69.0,
      "passChanceDefault": 0.10949999839067459,
      "passChanceForward": 0.1639000028371811,
      "passChancePressured": 0.3357999920845032,
      "passChanceWing": 0.009999999776482582,
      "shootProgressThreshold": 0.8061000108718872,
      "tackleChance": 0.17059999704360962
    },
    "sourceEpoch": 764
  },
  "session": "session-12"
}
