{
  "accepted": false,
  "candidate": {
    "parameters": {
      "forwardPassMinGain": 13.0,
      "markDistance": 67.0,
      "passChanceDefault": 0.004999999888241291,
      "passChanceForward": 0.17870000004768372,
      "passChancePressured": 0.3395000100135803,
      "passChanceWing": 0.03180000185966492,
      "shootProgressThreshold": 0.8026999831199646,
      "tackleChance": 0.2199999988079071
    }
  },
  "championEpoch": 510,
  "championParameters": {
    "forwardPassMinGain": 14.0,
    "markDistance": 67.0,
    "passChanceDefault": 0.004999999888241291,
    "passChanceForward": 0.15880000591278076,
    "passChancePressured": 0.3248000144958496,
    "passChanceWing": 0.009999999776482582,
    "shootProgressThreshold": 0.8026999831199646,
    "tackleChance": 0.20350000262260437
  },
  "createdAt": "2026-04-30T10:51:05Z",
  "epoch": 522,
  "evaluation": {
    "avgGoals": 11.58,
    "avgOutOfBounds": 0.0,
    "avgPasses": 134.6,
    "avgShots": 39.02,
    "avgTackles": 6.21,
    "baselineAvgGoals": 5.845,
    "candidateAvgGoals": 5.731,
    "candidateWon": false,
    "earlyStop": null,
    "elapsedMs": 295,
    "games": 1000,
    "gamesPerSecond": 3389.83,
    "goalDiff": -114.0,
    "maxGames": 1000,
    "passCompletionRate": 0.917,
    "tackleSuccessRate": 1.0,
    "zScore": -0.598
  },
  "gamesPerEpoch": 1000,
  "name": "epoch-522",
  "opponent": {
    "parameters": {
      "forwardPassMinGain": 14.0,
      "markDistance": 67.0,
      "passChanceDefault": 0.004999999888241291,
      "passChanceForward": 0.15880000591278076,
      "passChancePressured": 0.3248000144958496,
      "passChanceWing": 0.009999999776482582,
      "shootProgressThreshold": 0.8026999831199646,
      "tackleChance": 0.20350000262260437
    },
    "sourceEpoch": 510
  },
  "session": "session-12"
}
