{
  "accepted": false,
  "candidate": {
    "parameters": {
      "forwardPassMinGain": 12.0,
      "markDistance": 63.0,
      "passChanceDefault": 0.010900000110268593,
      "passChanceForward": 0.18000000715255737,
      "passChancePressured": 0.3571000099182129,
      "passChanceWing": 0.009999999776482582,
      "shootProgressThreshold": 0.7609000205993652,
      "tackleChance": 0.17520000040531158
    }
  },
  "championEpoch": 540,
  "championParameters": {
    "forwardPassMinGain": 12.0,
    "markDistance": 63.0,
    "passChanceDefault": 0.010900000110268593,
    "passChanceForward": 0.18000000715255737,
    "passChancePressured": 0.3255000114440918,
    "passChanceWing": 0.009999999776482582,
    "shootProgressThreshold": 0.8026999831199646,
    "tackleChance": 0.19740000367164612
  },
  "createdAt": "2026-04-30T10:51:09Z",
  "epoch": 541,
  "evaluation": {
    "avgGoals": 2.86,
    "avgOutOfBounds": 0.0,
    "avgPasses": 105.89,
    "avgShots": 136.99,
    "avgTackles": 2.4,
    "baselineAvgGoals": 2.21,
    "candidateAvgGoals": 0.65,
    "candidateWon": false,
    "earlyStop": "worse",
    "elapsedMs": 33,
    "games": 100,
    "gamesPerSecond": 3030.3,
    "goalDiff": -156.0,
    "maxGames": 1000,
    "passCompletionRate": 0.965,
    "tackleSuccessRate": 1.0,
    "zScore": -6.003
  },
  "gamesPerEpoch": 1000,
  "name": "epoch-541",
  "opponent": {
    "parameters": {
      "forwardPassMinGain": 12.0,
      "markDistance": 63.0,
      "passChanceDefault": 0.010900000110268593,
      "passChanceForward": 0.18000000715255737,
      "passChancePressured": 0.3255000114440918,
      "passChanceWing": 0.009999999776482582,
      "shootProgressThreshold": 0.8026999831199646,
      "tackleChance": 0.19740000367164612
    },
    "sourceEpoch": 540
  },
  "session": "session-12"
}
