{
  "accepted": false,
  "candidate": {
    "parameters": {
      "forwardPassMinGain": 14.0,
      "markDistance": 73.0,
      "passChanceDefault": 0.03350000083446503,
      "passChanceForward": 0.16259999573230743,
      "passChancePressured": 0.4000000059604645,
      "passChanceWing": 0.009999999776482582,
      "shootProgressThreshold": 0.8537999987602234,
      "tackleChance": 0.21400000154972076
    }
  },
  "championEpoch": 855,
  "championParameters": {
    "forwardPassMinGain": 14.0,
    "markDistance": 69.0,
    "passChanceDefault": 0.03350000083446503,
    "passChanceForward": 0.1446000039577484,
    "passChancePressured": 0.4000000059604645,
    "passChanceWing": 0.009999999776482582,
    "shootProgressThreshold": 0.8054999709129333,
    "tackleChance": 0.1987999975681305
  },
  "createdAt": "2026-04-30T10:52:24Z",
  "epoch": 861,
  "evaluation": {
    "avgGoals": 9.76,
    "avgOutOfBounds": 0.0,
    "avgPasses": 124.98,
    "avgShots": 50.02,
    "avgTackles": 5.6,
    "baselineAvgGoals": 5.592,
    "candidateAvgGoals": 4.168,
    "candidateWon": false,
    "earlyStop": "worse",
    "elapsedMs": 36,
    "games": 125,
    "gamesPerSecond": 3472.22,
    "goalDiff": -178.0,
    "maxGames": 1000,
    "passCompletionRate": 0.905,
    "tackleSuccessRate": 1.0,
    "zScore": -2.948
  },
  "gamesPerEpoch": 1000,
  "name": "epoch-861",
  "opponent": {
    "parameters": {
      "forwardPassMinGain": 14.0,
      "markDistance": 69.0,
      "passChanceDefault": 0.03350000083446503,
      "passChanceForward": 0.1446000039577484,
      "passChancePressured": 0.4000000059604645,
      "passChanceWing": 0.009999999776482582,
      "shootProgressThreshold": 0.8054999709129333,
      "tackleChance": 0.1987999975681305
    },
    "sourceEpoch": 855
  },
  "session": "session-12"
}
