{
  "accepted": false,
  "candidate": {
    "parameters": {
      "forwardPassMinGain": 16.0,
      "markDistance": 69.0,
      "passChanceDefault": 0.10949999839067459,
      "passChanceForward": 0.13840000331401825,
      "passChancePressured": 0.3237999975681305,
      "passChanceWing": 0.009999999776482582,
      "shootProgressThreshold": 0.7817999720573425,
      "tackleChance": 0.17059999704360962
    }
  },
  "championEpoch": 764,
  "championParameters": {
    "forwardPassMinGain": 16.0,
    "markDistance": 69.0,
    "passChanceDefault": 0.10949999839067459,
    "passChanceForward": 0.1639000028371811,
    "passChancePressured": 0.3357999920845032,
    "passChanceWing": 0.009999999776482582,
    "shootProgressThreshold": 0.8061000108718872,
    "tackleChance": 0.17059999704360962
  },
  "createdAt": "2026-04-30T10:52:03Z",
  "epoch": 768,
  "evaluation": {
    "avgGoals": 4.26,
    "avgOutOfBounds": 0.03,
    "avgPasses": 107.74,
    "avgShots": 117.32,
    "avgTackles": 3.22,
    "baselineAvgGoals": 2.89,
    "candidateAvgGoals": 1.37,
    "candidateWon": false,
    "earlyStop": "worse",
    "elapsedMs": 32,
    "games": 100,
    "gamesPerSecond": 3125.0,
    "goalDiff": -152.0,
    "maxGames": 1000,
    "passCompletionRate": 0.953,
    "tackleSuccessRate": 1.0,
    "zScore": -5.101
  },
  "gamesPerEpoch": 1000,
  "name": "epoch-768",
  "opponent": {
    "parameters": {
      "forwardPassMinGain": 16.0,
      "markDistance": 69.0,
      "passChanceDefault": 0.10949999839067459,
      "passChanceForward": 0.1639000028371811,
      "passChancePressured": 0.3357999920845032,
      "passChanceWing": 0.009999999776482582,
      "shootProgressThreshold": 0.8061000108718872,
      "tackleChance": 0.17059999704360962
    },
    "sourceEpoch": 764
  },
  "session": "session-12"
}
