{
  "accepted": true,
  "candidate": {
    "parameters": {
      "forwardPassMinGain": 10.0,
      "markDistance": 66.0,
      "passChanceDefault": 0.1088000014424324,
      "passChanceForward": 0.1712000072002411,
      "passChancePressured": 0.3066999912261963,
      "passChanceWing": 0.009999999776482582,
      "shootProgressThreshold": 0.8149999976158142,
      "tackleChance": 0.14219999313354492
    }
  },
  "championEpoch": 203,
  "championParameters": {
    "forwardPassMinGain": 10.0,
    "markDistance": 66.0,
    "passChanceDefault": 0.1088000014424324,
    "passChanceForward": 0.1712000072002411,
    "passChancePressured": 0.3066999912261963,
    "passChanceWing": 0.009999999776482582,
    "shootProgressThreshold": 0.8149999976158142,
    "tackleChance": 0.14219999313354492
  },
  "createdAt": "2026-04-30T10:49:53Z",
  "epoch": 203,
  "evaluation": {
    "avgGoals": 11.8,
    "avgOutOfBounds": 0.01,
    "avgPasses": 140.03,
    "avgShots": 37.43,
    "avgTackles": 5.17,
    "baselineAvgGoals": 5.874,
    "candidateAvgGoals": 5.926,
    "candidateWon": true,
    "earlyStop": null,
    "elapsedMs": 291,
    "games": 1000,
    "gamesPerSecond": 3436.43,
    "goalDiff": 52.0,
    "maxGames": 1000,
    "passCompletionRate": 0.915,
    "tackleSuccessRate": 1.0,
    "zScore": 0.28
  },
  "gamesPerEpoch": 1000,
  "name": "epoch-203",
  "opponent": {
    "parameters": {
      "forwardPassMinGain": 8.0,
      "markDistance": 63.0,
      "passChanceDefault": 0.10729999840259552,
      "passChanceForward": 0.1712000072002411,
      "passChancePressured": 0.29429998993873596,
      "passChanceWing": 0.009999999776482582,
      "shootProgressThreshold": 0.8149999976158142,
      "tackleChance": 0.15690000355243683
    },
    "sourceEpoch": 197
  },
  "session": "session-12"
}
