{
  "accepted": false,
  "candidate": {
    "parameters": {
      "forwardPassMinGain": 18.0,
      "markDistance": 61.0,
      "passChanceDefault": 0.004999999888241291,
      "passChanceForward": 0.18000000715255737,
      "passChancePressured": 0.4000000059604645,
      "passChanceWing": 0.009999999776482582,
      "shootProgressThreshold": 0.8119000196456909,
      "tackleChance": 0.2199999988079071
    }
  },
  "championEpoch": 454,
  "championParameters": {
    "forwardPassMinGain": 18.0,
    "markDistance": 61.0,
    "passChanceDefault": 0.004999999888241291,
    "passChanceForward": 0.18000000715255737,
    "passChancePressured": 0.4000000059604645,
    "passChanceWing": 0.009999999776482582,
    "shootProgressThreshold": 0.8119000196456909,
    "tackleChance": 0.2199999988079071
  },
  "createdAt": "2026-04-30T10:50:50Z",
  "epoch": 457,
  "evaluation": {
    "avgGoals": 12.41,
    "avgOutOfBounds": 0.0,
    "avgPasses": 135.78,
    "avgShots": 38.49,
    "avgTackles": 5.42,
    "baselineAvgGoals": 6.244,
    "candidateAvgGoals": 6.162,
    "candidateWon": false,
    "earlyStop": null,
    "elapsedMs": 295,
    "games": 1000,
    "gamesPerSecond": 3389.83,
    "goalDiff": -82.0,
    "maxGames": 1000,
    "passCompletionRate": 0.9,
    "tackleSuccessRate": 1.0,
    "zScore": -0.441
  },
  "gamesPerEpoch": 1000,
  "name": "epoch-457",
  "opponent": {
    "parameters": {
      "forwardPassMinGain": 18.0,
      "markDistance": 61.0,
      "passChanceDefault": 0.004999999888241291,
      "passChanceForward": 0.18000000715255737,
      "passChancePressured": 0.4000000059604645,
      "passChanceWing": 0.009999999776482582,
      "shootProgressThreshold": 0.8119000196456909,
      "tackleChance": 0.2199999988079071
    },
    "sourceEpoch": 454
  },
  "session": "session-12"
}
