{
  "accepted": false,
  "candidate": {
    "parameters": {
      "forwardPassMinGain": 12.0,
      "markDistance": 60.0,
      "passChanceDefault": 0.046799998730421066,
      "passChanceForward": 0.13429999351501465,
      "passChancePressured": 0.4000000059604645,
      "passChanceWing": 0.009999999776482582,
      "shootProgressThreshold": 0.8119000196456909,
      "tackleChance": 0.19480000436306
    }
  },
  "championEpoch": 330,
  "championParameters": {
    "forwardPassMinGain": 12.0,
    "markDistance": 64.0,
    "passChanceDefault": 0.046799998730421066,
    "passChanceForward": 0.14059999585151672,
    "passChancePressured": 0.4000000059604645,
    "passChanceWing": 0.009999999776482582,
    "shootProgressThreshold": 0.8119000196456909,
    "tackleChance": 0.19480000436306
  },
  "createdAt": "2026-04-30T10:50:24Z",
  "epoch": 337,
  "evaluation": {
    "avgGoals": 11.91,
    "avgOutOfBounds": 0.01,
    "avgPasses": 139.34,
    "avgShots": 37.7,
    "avgTackles": 5.17,
    "baselineAvgGoals": 5.991,
    "candidateAvgGoals": 5.921,
    "candidateWon": false,
    "earlyStop": null,
    "elapsedMs": 300,
    "games": 1000,
    "gamesPerSecond": 3333.33,
    "goalDiff": -70.0,
    "maxGames": 1000,
    "passCompletionRate": 0.907,
    "tackleSuccessRate": 1.0,
    "zScore": -0.386
  },
  "gamesPerEpoch": 1000,
  "name": "epoch-337",
  "opponent": {
    "parameters": {
      "forwardPassMinGain": 12.0,
      "markDistance": 64.0,
      "passChanceDefault": 0.046799998730421066,
      "passChanceForward": 0.14059999585151672,
      "passChancePressured": 0.4000000059604645,
      "passChanceWing": 0.009999999776482582,
      "shootProgressThreshold": 0.8119000196456909,
      "tackleChance": 0.19480000436306
    },
    "sourceEpoch": 330
  },
  "session": "session-12"
}
