{
  "accepted": false,
  "candidate": {
    "parameters": {
      "forwardPassMinGain": 18.0,
      "markDistance": 69.0,
      "passChanceDefault": 0.02810000069439411,
      "passChanceForward": 0.18000000715255737,
      "passChancePressured": 0.30979999899864197,
      "passChanceWing": 0.009999999776482582,
      "shootProgressThreshold": 0.8119000196456909,
      "tackleChance": 0.2199999988079071
    }
  },
  "championEpoch": 428,
  "championParameters": {
    "forwardPassMinGain": 18.0,
    "markDistance": 69.0,
    "passChanceDefault": 0.004999999888241291,
    "passChanceForward": 0.15649999678134918,
    "passChancePressured": 0.30979999899864197,
    "passChanceWing": 0.009999999776482582,
    "shootProgressThreshold": 0.8119000196456909,
    "tackleChance": 0.2199999988079071
  },
  "createdAt": "2026-04-30T10:50:44Z",
  "epoch": 429,
  "evaluation": {
    "avgGoals": 12.42,
    "avgOutOfBounds": 0.01,
    "avgPasses": 124.53,
    "avgShots": 38.86,
    "avgTackles": 6.24,
    "baselineAvgGoals": 6.328,
    "candidateAvgGoals": 6.096,
    "candidateWon": false,
    "earlyStop": null,
    "elapsedMs": 294,
    "games": 1000,
    "gamesPerSecond": 3401.36,
    "goalDiff": -232.0,
    "maxGames": 1000,
    "passCompletionRate": 0.899,
    "tackleSuccessRate": 1.0,
    "zScore": -1.131
  },
  "gamesPerEpoch": 1000,
  "name": "epoch-429",
  "opponent": {
    "parameters": {
      "forwardPassMinGain": 18.0,
      "markDistance": 69.0,
      "passChanceDefault": 0.004999999888241291,
      "passChanceForward": 0.15649999678134918,
      "passChancePressured": 0.30979999899864197,
      "passChanceWing": 0.009999999776482582,
      "shootProgressThreshold": 0.8119000196456909,
      "tackleChance": 0.2199999988079071
    },
    "sourceEpoch": 428
  },
  "session": "session-12"
}
