{
  "accepted": false,
  "candidate": {
    "parameters": {
      "forwardPassMinGain": 14.0,
      "markDistance": 64.0,
      "passChanceDefault": 0.045499999076128006,
      "passChanceForward": 0.12049999833106995,
      "passChancePressured": 0.37369999289512634,
      "passChanceWing": 0.016599999740719795,
      "shootProgressThreshold": 0.7322999835014343,
      "tackleChance": 0.2199999988079071
    }
  },
  "championEpoch": 899,
  "championParameters": {
    "forwardPassMinGain": 16.0,
    "markDistance": 64.0,
    "passChanceDefault": 0.05209999904036522,
    "passChanceForward": 0.12049999833106995,
    "passChancePressured": 0.37369999289512634,
    "passChanceWing": 0.016599999740719795,
    "shootProgressThreshold": 0.8054999709129333,
    "tackleChance": 0.2199999988079071
  },
  "createdAt": "2026-04-30T10:52:35Z",
  "epoch": 911,
  "evaluation": {
    "avgGoals": 2.1,
    "avgOutOfBounds": 0.04,
    "avgPasses": 104.55,
    "avgShots": 132.79,
    "avgTackles": 4.3,
    "baselineAvgGoals": 2.05,
    "candidateAvgGoals": 0.05,
    "candidateWon": false,
    "earlyStop": "worse",
    "elapsedMs": 33,
    "games": 100,
    "gamesPerSecond": 3030.3,
    "goalDiff": -200.0,
    "maxGames": 1000,
    "passCompletionRate": 0.964,
    "tackleSuccessRate": 1.0,
    "zScore": -7.396
  },
  "gamesPerEpoch": 1000,
  "name": "epoch-911",
  "opponent": {
    "parameters": {
      "forwardPassMinGain": 16.0,
      "markDistance": 64.0,
      "passChanceDefault": 0.05209999904036522,
      "passChanceForward": 0.12049999833106995,
      "passChancePressured": 0.37369999289512634,
      "passChanceWing": 0.016599999740719795,
      "shootProgressThreshold": 0.8054999709129333,
      "tackleChance": 0.2199999988079071
    },
    "sourceEpoch": 899
  },
  "session": "session-12"
}
