{
  "accepted": false,
  "candidate": {
    "parameters": {
      "forwardPassMinGain": 13.0,
      "markDistance": 64.0,
      "passChanceDefault": 0.12720000743865967,
      "passChanceForward": 0.1445000022649765,
      "passChancePressured": 0.3418999910354614,
      "passChanceWing": 0.009999999776482582,
      "shootProgressThreshold": 0.8436999917030334,
      "tackleChance": 0.15790000557899475
    }
  },
  "championEpoch": 145,
  "championParameters": {
    "forwardPassMinGain": 12.0,
    "markDistance": 67.0,
    "passChanceDefault": 0.12720000743865967,
    "passChanceForward": 0.1445000022649765,
    "passChancePressured": 0.3418999910354614,
    "passChanceWing": 0.009999999776482582,
    "shootProgressThreshold": 0.8097000122070312,
    "tackleChance": 0.15790000557899475
  },
  "createdAt": "2026-04-30T10:49:40Z",
  "epoch": 147,
  "evaluation": {
    "avgGoals": 10.59,
    "avgOutOfBounds": 0.01,
    "avgPasses": 136.66,
    "avgShots": 44.0,
    "avgTackles": 5.11,
    "baselineAvgGoals": 5.661,
    "candidateAvgGoals": 4.925,
    "candidateWon": false,
    "earlyStop": "worse",
    "elapsedMs": 108,
    "games": 375,
    "gamesPerSecond": 3472.22,
    "goalDiff": -276.0,
    "maxGames": 1000,
    "passCompletionRate": 0.916,
    "tackleSuccessRate": 1.0,
    "zScore": -2.675
  },
  "gamesPerEpoch": 1000,
  "name": "epoch-147",
  "opponent": {
    "parameters": {
      "forwardPassMinGain": 12.0,
      "markDistance": 67.0,
      "passChanceDefault": 0.12720000743865967,
      "passChanceForward": 0.1445000022649765,
      "passChancePressured": 0.3418999910354614,
      "passChanceWing": 0.009999999776482582,
      "shootProgressThreshold": 0.8097000122070312,
      "tackleChance": 0.15790000557899475
    },
    "sourceEpoch": 145
  },
  "session": "session-12"
}
