{
  "accepted": false,
  "candidate": {
    "parameters": {
      "forwardPassMinGain": 13.0,
      "markDistance": 53.0,
      "passChanceDefault": 0.1088000014424324,
      "passChanceForward": 0.16120000183582306,
      "passChancePressured": 0.350600004196167,
      "passChanceWing": 0.009999999776482582,
      "shootProgressThreshold": 0.814300000667572,
      "tackleChance": 0.17419999837875366
    }
  },
  "championEpoch": 939,
  "championParameters": {
    "forwardPassMinGain": 15.0,
    "markDistance": 61.0,
    "passChanceDefault": 0.1088000014424324,
    "passChanceForward": 0.1462000012397766,
    "passChancePressured": 0.3955000042915344,
    "passChanceWing": 0.009999999776482582,
    "shootProgressThreshold": 0.814300000667572,
    "tackleChance": 0.17419999837875366
  },
  "createdAt": "2026-04-30T10:52:42Z",
  "epoch": 945,
  "evaluation": {
    "avgGoals": 11.79,
    "avgOutOfBounds": 0.0,
    "avgPasses": 148.83,
    "avgShots": 37.56,
    "avgTackles": 4.58,
    "baselineAvgGoals": 6.067,
    "candidateAvgGoals": 5.718,
    "candidateWon": false,
    "earlyStop": null,
    "elapsedMs": 311,
    "games": 1000,
    "gamesPerSecond": 3215.43,
    "goalDiff": -349.0,
    "maxGames": 1000,
    "passCompletionRate": 0.91,
    "tackleSuccessRate": 1.0,
    "zScore": -2.148
  },
  "gamesPerEpoch": 1000,
  "name": "epoch-945",
  "opponent": {
    "parameters": {
      "forwardPassMinGain": 15.0,
      "markDistance": 61.0,
      "passChanceDefault": 0.1088000014424324,
      "passChanceForward": 0.1462000012397766,
      "passChancePressured": 0.3955000042915344,
      "passChanceWing": 0.009999999776482582,
      "shootProgressThreshold": 0.814300000667572,
      "tackleChance": 0.17419999837875366
    },
    "sourceEpoch": 939
  },
  "session": "session-12"
}
