{
  "accepted": true,
  "candidate": {
    "parameters": {
      "forwardPassMinGain": 14.0,
      "markDistance": 64.0,
      "passChanceDefault": 0.039500001817941666,
      "passChanceForward": 0.18000000715255737,
      "passChancePressured": 0.36739999055862427,
      "passChanceWing": 0.009999999776482582,
      "shootProgressThreshold": 0.8087000250816345,
      "tackleChance": 0.2199999988079071
    }
  },
  "championEpoch": 678,
  "championParameters": {
    "forwardPassMinGain": 14.0,
    "markDistance": 64.0,
    "passChanceDefault": 0.039500001817941666,
    "passChanceForward": 0.18000000715255737,
    "passChancePressured": 0.36739999055862427,
    "passChanceWing": 0.009999999776482582,
    "shootProgressThreshold": 0.8087000250816345,
    "tackleChance": 0.2199999988079071
  },
  "createdAt": "2026-04-30T10:51:41Z",
  "epoch": 678,
  "evaluation": {
    "avgGoals": 11.81,
    "avgOutOfBounds": 0.01,
    "avgPasses": 134.76,
    "avgShots": 39.61,
    "avgTackles": 5.47,
    "baselineAvgGoals": 5.886,
    "candidateAvgGoals": 5.923,
    "candidateWon": true,
    "earlyStop": null,
    "elapsedMs": 312,
    "games": 1000,
    "gamesPerSecond": 3205.13,
    "goalDiff": 37.0,
    "maxGames": 1000,
    "passCompletionRate": 0.909,
    "tackleSuccessRate": 1.0,
    "zScore": 0.197
  },
  "gamesPerEpoch": 1000,
  "name": "epoch-678",
  "opponent": {
    "parameters": {
      "forwardPassMinGain": 14.0,
      "markDistance": 64.0,
      "passChanceDefault": 0.01119999960064888,
      "passChanceForward": 0.18000000715255737,
      "passChancePressured": 0.4000000059604645,
      "passChanceWing": 0.009999999776482582,
      "shootProgressThreshold": 0.8259999752044678,
      "tackleChance": 0.21879999339580536
    },
    "sourceEpoch": 677
  },
  "session": "session-12"
}
