{
  "accepted": false,
  "candidate": {
    "parameters": {
      "forwardPassMinGain": 17.0,
      "markDistance": 61.0,
      "passChanceDefault": 0.1088000014424324,
      "passChanceForward": 0.17270000278949738,
      "passChancePressured": 0.35519999265670776,
      "passChanceWing": 0.009999999776482582,
      "shootProgressThreshold": 0.814300000667572,
      "tackleChance": 0.20000000298023224
    }
  },
  "championEpoch": 939,
  "championParameters": {
    "forwardPassMinGain": 15.0,
    "markDistance": 61.0,
    "passChanceDefault": 0.1088000014424324,
    "passChanceForward": 0.1462000012397766,
    "passChancePressured": 0.3955000042915344,
    "passChanceWing": 0.009999999776482582,
    "shootProgressThreshold": 0.814300000667572,
    "tackleChance": 0.17419999837875366
  },
  "createdAt": "2026-04-30T10:52:44Z",
  "epoch": 951,
  "evaluation": {
    "avgGoals": 11.87,
    "avgOutOfBounds": 0.01,
    "avgPasses": 143.23,
    "avgShots": 37.59,
    "avgTackles": 4.91,
    "baselineAvgGoals": 6.006,
    "candidateAvgGoals": 5.86,
    "candidateWon": false,
    "earlyStop": null,
    "elapsedMs": 306,
    "games": 1000,
    "gamesPerSecond": 3267.97,
    "goalDiff": -146.0,
    "maxGames": 1000,
    "passCompletionRate": 0.912,
    "tackleSuccessRate": 1.0,
    "zScore": -0.79
  },
  "gamesPerEpoch": 1000,
  "name": "epoch-951",
  "opponent": {
    "parameters": {
      "forwardPassMinGain": 15.0,
      "markDistance": 61.0,
      "passChanceDefault": 0.1088000014424324,
      "passChanceForward": 0.1462000012397766,
      "passChancePressured": 0.3955000042915344,
      "passChanceWing": 0.009999999776482582,
      "shootProgressThreshold": 0.814300000667572,
      "tackleChance": 0.17419999837875366
    },
    "sourceEpoch": 939
  },
  "session": "session-12"
}
