{
  "accepted": false,
  "candidate": {
    "parameters": {
      "forwardPassMinGain": 14.0,
      "markDistance": 65.0,
      "passChanceDefault": 0.03909999877214432,
      "passChanceForward": 0.18000000715255737,
      "passChancePressured": 0.3163999915122986,
      "passChanceWing": 0.009999999776482582,
      "shootProgressThreshold": 0.852400004863739,
      "tackleChance": 0.2160000056028366
    }
  },
  "championEpoch": 379,
  "championParameters": {
    "forwardPassMinGain": 12.0,
    "markDistance": 65.0,
    "passChanceDefault": 0.016699999570846558,
    "passChanceForward": 0.18000000715255737,
    "passChancePressured": 0.3163999915122986,
    "passChanceWing": 0.009999999776482582,
    "shootProgressThreshold": 0.8119000196456909,
    "tackleChance": 0.2160000056028366
  },
  "createdAt": "2026-04-30T10:50:34Z",
  "epoch": 381,
  "evaluation": {
    "avgGoals": 10.3,
    "avgOutOfBounds": 0.0,
    "avgPasses": 132.05,
    "avgShots": 49.71,
    "avgTackles": 5.15,
    "baselineAvgGoals": 5.582,
    "candidateAvgGoals": 4.72,
    "candidateWon": false,
    "earlyStop": "worse",
    "elapsedMs": 92,
    "games": 275,
    "gamesPerSecond": 2989.13,
    "goalDiff": -237.0,
    "maxGames": 1000,
    "passCompletionRate": 0.918,
    "tackleSuccessRate": 1.0,
    "zScore": -2.69
  },
  "gamesPerEpoch": 1000,
  "name": "epoch-381",
  "opponent": {
    "parameters": {
      "forwardPassMinGain": 12.0,
      "markDistance": 65.0,
      "passChanceDefault": 0.016699999570846558,
      "passChanceForward": 0.18000000715255737,
      "passChancePressured": 0.3163999915122986,
      "passChanceWing": 0.009999999776482582,
      "shootProgressThreshold": 0.8119000196456909,
      "tackleChance": 0.2160000056028366
    },
    "sourceEpoch": 379
  },
  "session": "session-12"
}
