{
  "accepted": false,
  "candidate": {
    "parameters": {
      "forwardPassMinGain": 7.0,
      "markDistance": 55.0,
      "passChanceDefault": 0.0934000015258789,
      "passChanceForward": 0.16580000519752502,
      "passChancePressured": 0.35199999809265137,
      "passChanceWing": 0.009999999776482582,
      "shootProgressThreshold": 0.8167999982833862,
      "tackleChance": 0.14380000531673431
    }
  },
  "championEpoch": 187,
  "championParameters": {
    "forwardPassMinGain": 9.0,
    "markDistance": 61.0,
    "passChanceDefault": 0.0934000015258789,
    "passChanceForward": 0.16580000519752502,
    "passChancePressured": 0.28610000014305115,
    "passChanceWing": 0.009999999776482582,
    "shootProgressThreshold": 0.8149999976158142,
    "tackleChance": 0.17649999260902405
  },
  "createdAt": "2026-04-30T10:49:50Z",
  "epoch": 189,
  "evaluation": {
    "avgGoals": 11.61,
    "avgOutOfBounds": 0.01,
    "avgPasses": 148.44,
    "avgShots": 37.19,
    "avgTackles": 4.71,
    "baselineAvgGoals": 5.997,
    "candidateAvgGoals": 5.608,
    "candidateWon": false,
    "earlyStop": null,
    "elapsedMs": 295,
    "games": 1000,
    "gamesPerSecond": 3389.83,
    "goalDiff": -389.0,
    "maxGames": 1000,
    "passCompletionRate": 0.911,
    "tackleSuccessRate": 1.0,
    "zScore": -2.441
  },
  "gamesPerEpoch": 1000,
  "name": "epoch-189",
  "opponent": {
    "parameters": {
      "forwardPassMinGain": 9.0,
      "markDistance": 61.0,
      "passChanceDefault": 0.0934000015258789,
      "passChanceForward": 0.16580000519752502,
      "passChancePressured": 0.28610000014305115,
      "passChanceWing": 0.009999999776482582,
      "shootProgressThreshold": 0.8149999976158142,
      "tackleChance": 0.17649999260902405
    },
    "sourceEpoch": 187
  },
  "session": "session-12"
}
