{
  "accepted": false,
  "candidate": {
    "parameters": {
      "forwardPassMinGain": 18.0,
      "markDistance": 61.0,
      "passChanceDefault": 0.03999999910593033,
      "passChanceForward": 0.15809999406337738,
      "passChancePressured": 0.4000000059604645,
      "passChanceWing": 0.01810000091791153,
      "shootProgressThreshold": 0.8051999807357788,
      "tackleChance": 0.2199999988079071
    }
  },
  "championEpoch": 815,
  "championParameters": {
    "forwardPassMinGain": 15.0,
    "markDistance": 63.0,
    "passChanceDefault": 0.03999999910593033,
    "passChanceForward": 0.1534000039100647,
    "passChancePressured": 0.4000000059604645,
    "passChanceWing": 0.009999999776482582,
    "shootProgressThreshold": 0.8051999807357788,
    "tackleChance": 0.2199999988079071
  },
  "createdAt": "2026-04-30T10:52:15Z",
  "epoch": 816,
  "evaluation": {
    "avgGoals": 11.8,
    "avgOutOfBounds": 0.01,
    "avgPasses": 138.69,
    "avgShots": 38.63,
    "avgTackles": 5.76,
    "baselineAvgGoals": 5.929,
    "candidateAvgGoals": 5.874,
    "candidateWon": false,
    "earlyStop": null,
    "elapsedMs": 296,
    "games": 1000,
    "gamesPerSecond": 3378.38,
    "goalDiff": -55.0,
    "maxGames": 1000,
    "passCompletionRate": 0.915,
    "tackleSuccessRate": 1.0,
    "zScore": -0.302
  },
  "gamesPerEpoch": 1000,
  "name": "epoch-816",
  "opponent": {
    "parameters": {
      "forwardPassMinGain": 15.0,
      "markDistance": 63.0,
      "passChanceDefault": 0.03999999910593033,
      "passChanceForward": 0.1534000039100647,
      "passChancePressured": 0.4000000059604645,
      "passChanceWing": 0.009999999776482582,
      "shootProgressThreshold": 0.8051999807357788,
      "tackleChance": 0.2199999988079071
    },
    "sourceEpoch": 815
  },
  "session": "session-12"
}
