{
  "accepted": false,
  "candidate": {
    "parameters": {
      "forwardPassMinGain": 15.0,
      "markDistance": 69.0,
      "passChanceDefault": 0.11779999732971191,
      "passChanceForward": 0.18000000715255737,
      "passChancePressured": 0.30979999899864197,
      "passChanceWing": 0.009999999776482582,
      "shootProgressThreshold": 0.804099977016449,
      "tackleChance": 0.19990000128746033
    }
  },
  "championEpoch": 753,
  "championParameters": {
    "forwardPassMinGain": 14.0,
    "markDistance": 69.0,
    "passChanceDefault": 0.11779999732971191,
    "passChanceForward": 0.18000000715255737,
    "passChancePressured": 0.30979999899864197,
    "passChanceWing": 0.009999999776482582,
    "shootProgressThreshold": 0.8136000037193298,
    "tackleChance": 0.19990000128746033
  },
  "createdAt": "2026-04-30T10:51:59Z",
  "epoch": 755,
  "evaluation": {
    "avgGoals": 12.0,
    "avgOutOfBounds": 0.01,
    "avgPasses": 132.16,
    "avgShots": 37.96,
    "avgTackles": 6.1,
    "baselineAvgGoals": 6.103,
    "candidateAvgGoals": 5.893,
    "candidateWon": false,
    "earlyStop": null,
    "elapsedMs": 294,
    "games": 1000,
    "gamesPerSecond": 3401.36,
    "goalDiff": -210.0,
    "maxGames": 1000,
    "passCompletionRate": 0.912,
    "tackleSuccessRate": 1.0,
    "zScore": -1.07
  },
  "gamesPerEpoch": 1000,
  "name": "epoch-755",
  "opponent": {
    "parameters": {
      "forwardPassMinGain": 14.0,
      "markDistance": 69.0,
      "passChanceDefault": 0.11779999732971191,
      "passChanceForward": 0.18000000715255737,
      "passChancePressured": 0.30979999899864197,
      "passChanceWing": 0.009999999776482582,
      "shootProgressThreshold": 0.8136000037193298,
      "tackleChance": 0.19990000128746033
    },
    "sourceEpoch": 753
  },
  "session": "session-12"
}
