{
  "accepted": false,
  "candidate": {
    "parameters": {
      "forwardPassMinGain": 17.0,
      "markDistance": 69.0,
      "passChanceDefault": 0.0333000011742115,
      "passChanceForward": 0.1446000039577484,
      "passChancePressured": 0.4000000059604645,
      "passChanceWing": 0.009999999776482582,
      "shootProgressThreshold": 0.8054999709129333,
      "tackleChance": 0.1987999975681305
    }
  },
  "championEpoch": 855,
  "championParameters": {
    "forwardPassMinGain": 14.0,
    "markDistance": 69.0,
    "passChanceDefault": 0.03350000083446503,
    "passChanceForward": 0.1446000039577484,
    "passChancePressured": 0.4000000059604645,
    "passChanceWing": 0.009999999776482582,
    "shootProgressThreshold": 0.8054999709129333,
    "tackleChance": 0.1987999975681305
  },
  "createdAt": "2026-04-30T10:52:26Z",
  "epoch": 869,
  "evaluation": {
    "avgGoals": 12.03,
    "avgOutOfBounds": 0.01,
    "avgPasses": 126.54,
    "avgShots": 39.39,
    "avgTackles": 6.33,
    "baselineAvgGoals": 6.088,
    "candidateAvgGoals": 5.943,
    "candidateWon": false,
    "earlyStop": null,
    "elapsedMs": 294,
    "games": 1000,
    "gamesPerSecond": 3401.36,
    "goalDiff": -145.0,
    "maxGames": 1000,
    "passCompletionRate": 0.91,
    "tackleSuccessRate": 1.0,
    "zScore": -0.715
  },
  "gamesPerEpoch": 1000,
  "name": "epoch-869",
  "opponent": {
    "parameters": {
      "forwardPassMinGain": 14.0,
      "markDistance": 69.0,
      "passChanceDefault": 0.03350000083446503,
      "passChanceForward": 0.1446000039577484,
      "passChancePressured": 0.4000000059604645,
      "passChanceWing": 0.009999999776482582,
      "shootProgressThreshold": 0.8054999709129333,
      "tackleChance": 0.1987999975681305
    },
    "sourceEpoch": 855
  },
  "session": "session-12"
}
