{
  "accepted": false,
  "candidate": {
    "parameters": {
      "forwardPassMinGain": 16.0,
      "markDistance": 62.0,
      "passChanceDefault": 0.10949999839067459,
      "passChanceForward": 0.1639000028371811,
      "passChancePressured": 0.3357999920845032,
      "passChanceWing": 0.009999999776482582,
      "shootProgressThreshold": 0.7677000164985657,
      "tackleChance": 0.1889999955892563
    }
  },
  "championEpoch": 764,
  "championParameters": {
    "forwardPassMinGain": 16.0,
    "markDistance": 69.0,
    "passChanceDefault": 0.10949999839067459,
    "passChanceForward": 0.1639000028371811,
    "passChancePressured": 0.3357999920845032,
    "passChanceWing": 0.009999999776482582,
    "shootProgressThreshold": 0.8061000108718872,
    "tackleChance": 0.17059999704360962
  },
  "createdAt": "2026-04-30T10:52:03Z",
  "epoch": 771,
  "evaluation": {
    "avgGoals": 2.95,
    "avgOutOfBounds": 0.01,
    "avgPasses": 106.52,
    "avgShots": 134.8,
    "avgTackles": 2.1,
    "baselineAvgGoals": 2.37,
    "candidateAvgGoals": 0.58,
    "candidateWon": false,
    "earlyStop": "worse",
    "elapsedMs": 32,
    "games": 100,
    "gamesPerSecond": 3125.0,
    "goalDiff": -179.0,
    "maxGames": 1000,
    "passCompletionRate": 0.965,
    "tackleSuccessRate": 1.0,
    "zScore": -6.128
  },
  "gamesPerEpoch": 1000,
  "name": "epoch-771",
  "opponent": {
    "parameters": {
      "forwardPassMinGain": 16.0,
      "markDistance": 69.0,
      "passChanceDefault": 0.10949999839067459,
      "passChanceForward": 0.1639000028371811,
      "passChancePressured": 0.3357999920845032,
      "passChanceWing": 0.009999999776482582,
      "shootProgressThreshold": 0.8061000108718872,
      "tackleChance": 0.17059999704360962
    },
    "sourceEpoch": 764
  },
  "session": "session-12"
}
