{
  "accepted": false,
  "candidate": {
    "parameters": {
      "forwardPassMinGain": 18.0,
      "markDistance": 62.0,
      "passChanceDefault": 0.004999999888241291,
      "passChanceForward": 0.15649999678134918,
      "passChancePressured": 0.36579999327659607,
      "passChanceWing": 0.009999999776482582,
      "shootProgressThreshold": 0.8119000196456909,
      "tackleChance": 0.2199999988079071
    }
  },
  "championEpoch": 447,
  "championParameters": {
    "forwardPassMinGain": 17.0,
    "markDistance": 64.0,
    "passChanceDefault": 0.004999999888241291,
    "passChanceForward": 0.15649999678134918,
    "passChancePressured": 0.36579999327659607,
    "passChanceWing": 0.010599999688565731,
    "shootProgressThreshold": 0.8119000196456909,
    "tackleChance": 0.2199999988079071
  },
  "createdAt": "2026-04-30T10:50:48Z",
  "epoch": 448,
  "evaluation": {
    "avgGoals": 12.42,
    "avgOutOfBounds": 0.0,
    "avgPasses": 133.26,
    "avgShots": 38.71,
    "avgTackles": 5.57,
    "baselineAvgGoals": 6.257,
    "candidateAvgGoals": 6.158,
    "candidateWon": false,
    "earlyStop": null,
    "elapsedMs": 296,
    "games": 1000,
    "gamesPerSecond": 3378.38,
    "goalDiff": -99.0,
    "maxGames": 1000,
    "passCompletionRate": 0.906,
    "tackleSuccessRate": 1.0,
    "zScore": -0.502
  },
  "gamesPerEpoch": 1000,
  "name": "epoch-448",
  "opponent": {
    "parameters": {
      "forwardPassMinGain": 17.0,
      "markDistance": 64.0,
      "passChanceDefault": 0.004999999888241291,
      "passChanceForward": 0.15649999678134918,
      "passChancePressured": 0.36579999327659607,
      "passChanceWing": 0.010599999688565731,
      "shootProgressThreshold": 0.8119000196456909,
      "tackleChance": 0.2199999988079071
    },
    "sourceEpoch": 447
  },
  "session": "session-12"
}
