{
  "accepted": false,
  "candidate": {
    "parameters": {
      "forwardPassMinGain": 14.0,
      "markDistance": 64.0,
      "passChanceDefault": 0.01119999960064888,
      "passChanceForward": 0.16850000619888306,
      "passChancePressured": 0.4000000059604645,
      "passChanceWing": 0.026100000366568565,
      "shootProgressThreshold": 0.8453999757766724,
      "tackleChance": 0.19429999589920044
    }
  },
  "championEpoch": 672,
  "championParameters": {
    "forwardPassMinGain": 14.0,
    "markDistance": 64.0,
    "passChanceDefault": 0.01119999960064888,
    "passChanceForward": 0.18000000715255737,
    "passChancePressured": 0.4000000059604645,
    "passChanceWing": 0.009999999776482582,
    "shootProgressThreshold": 0.8259999752044678,
    "tackleChance": 0.21879999339580536
  },
  "createdAt": "2026-04-30T10:51:40Z",
  "epoch": 673,
  "evaluation": {
    "avgGoals": 10.52,
    "avgOutOfBounds": 0.01,
    "avgPasses": 135.41,
    "avgShots": 44.9,
    "avgTackles": 5.01,
    "baselineAvgGoals": 5.486,
    "candidateAvgGoals": 5.035,
    "candidateWon": false,
    "earlyStop": "worse",
    "elapsedMs": 286,
    "games": 925,
    "gamesPerSecond": 3234.27,
    "goalDiff": -418.0,
    "maxGames": 1000,
    "passCompletionRate": 0.91,
    "tackleSuccessRate": 1.0,
    "zScore": -2.513
  },
  "gamesPerEpoch": 1000,
  "name": "epoch-673",
  "opponent": {
    "parameters": {
      "forwardPassMinGain": 14.0,
      "markDistance": 64.0,
      "passChanceDefault": 0.01119999960064888,
      "passChanceForward": 0.18000000715255737,
      "passChancePressured": 0.4000000059604645,
      "passChanceWing": 0.009999999776482582,
      "shootProgressThreshold": 0.8259999752044678,
      "tackleChance": 0.21879999339580536
    },
    "sourceEpoch": 672
  },
  "session": "session-12"
}
