{
  "accepted": false,
  "candidate": {
    "parameters": {
      "forwardPassMinGain": 17.0,
      "markDistance": 69.0,
      "passChanceDefault": 0.12729999423027039,
      "passChanceForward": 0.1639000028371811,
      "passChancePressured": 0.2597000002861023,
      "passChanceWing": 0.009999999776482582,
      "shootProgressThreshold": 0.8061000108718872,
      "tackleChance": 0.18930000066757202
    }
  },
  "championEpoch": 764,
  "championParameters": {
    "forwardPassMinGain": 16.0,
    "markDistance": 69.0,
    "passChanceDefault": 0.10949999839067459,
    "passChanceForward": 0.1639000028371811,
    "passChancePressured": 0.3357999920845032,
    "passChanceWing": 0.009999999776482582,
    "shootProgressThreshold": 0.8061000108718872,
    "tackleChance": 0.17059999704360962
  },
  "createdAt": "2026-04-30T10:52:06Z",
  "epoch": 783,
  "evaluation": {
    "avgGoals": 11.98,
    "avgOutOfBounds": 0.01,
    "avgPasses": 131.06,
    "avgShots": 38.26,
    "avgTackles": 6.28,
    "baselineAvgGoals": 5.991,
    "candidateAvgGoals": 5.989,
    "candidateWon": false,
    "earlyStop": null,
    "elapsedMs": 293,
    "games": 1000,
    "gamesPerSecond": 3412.97,
    "goalDiff": -2.0,
    "maxGames": 1000,
    "passCompletionRate": 0.912,
    "tackleSuccessRate": 1.0,
    "zScore": -0.01
  },
  "gamesPerEpoch": 1000,
  "name": "epoch-783",
  "opponent": {
    "parameters": {
      "forwardPassMinGain": 16.0,
      "markDistance": 69.0,
      "passChanceDefault": 0.10949999839067459,
      "passChanceForward": 0.1639000028371811,
      "passChancePressured": 0.3357999920845032,
      "passChanceWing": 0.009999999776482582,
      "shootProgressThreshold": 0.8061000108718872,
      "tackleChance": 0.17059999704360962
    },
    "sourceEpoch": 764
  },
  "session": "session-12"
}
