{
  "accepted": false,
  "candidate": {
    "parameters": {
      "forwardPassMinGain": 13.0,
      "markDistance": 67.0,
      "passChanceDefault": 0.09059999883174896,
      "passChanceForward": 0.18000000715255737,
      "passChancePressured": 0.3847000002861023,
      "passChanceWing": 0.009999999776482582,
      "shootProgressThreshold": 0.796999990940094,
      "tackleChance": 0.2160000056028366
    }
  },
  "championEpoch": 279,
  "championParameters": {
    "forwardPassMinGain": 13.0,
    "markDistance": 67.0,
    "passChanceDefault": 0.09059999883174896,
    "passChanceForward": 0.18000000715255737,
    "passChancePressured": 0.3822000026702881,
    "passChanceWing": 0.009999999776482582,
    "shootProgressThreshold": 0.8148000240325928,
    "tackleChance": 0.2160000056028366
  },
  "createdAt": "2026-04-30T10:50:11Z",
  "epoch": 285,
  "evaluation": {
    "avgGoals": 11.09,
    "avgOutOfBounds": 0.01,
    "avgPasses": 132.09,
    "avgShots": 45.67,
    "avgTackles": 5.88,
    "baselineAvgGoals": 5.873,
    "candidateAvgGoals": 5.212,
    "candidateWon": false,
    "earlyStop": "worse",
    "elapsedMs": 170,
    "games": 575,
    "gamesPerSecond": 3382.35,
    "goalDiff": -380.0,
    "maxGames": 1000,
    "passCompletionRate": 0.916,
    "tackleSuccessRate": 1.0,
    "zScore": -2.722
  },
  "gamesPerEpoch": 1000,
  "name": "epoch-285",
  "opponent": {
    "parameters": {
      "forwardPassMinGain": 13.0,
      "markDistance": 67.0,
      "passChanceDefault": 0.09059999883174896,
      "passChanceForward": 0.18000000715255737,
      "passChancePressured": 0.3822000026702881,
      "passChanceWing": 0.009999999776482582,
      "shootProgressThreshold": 0.8148000240325928,
      "tackleChance": 0.2160000056028366
    },
    "sourceEpoch": 279
  },
  "session": "session-12"
}
