{
  "accepted": true,
  "candidate": {
    "parameters": {
      "forwardPassMinGain": 14.0,
      "markDistance": 67.0,
      "passChanceDefault": 0.004999999888241291,
      "passChanceForward": 0.15880000591278076,
      "passChancePressured": 0.3248000144958496,
      "passChanceWing": 0.009999999776482582,
      "shootProgressThreshold": 0.8026999831199646,
      "tackleChance": 0.20350000262260437
    }
  },
  "championEpoch": 510,
  "championParameters": {
    "forwardPassMinGain": 14.0,
    "markDistance": 67.0,
    "passChanceDefault": 0.004999999888241291,
    "passChanceForward": 0.15880000591278076,
    "passChancePressured": 0.3248000144958496,
    "passChanceWing": 0.009999999776482582,
    "shootProgressThreshold": 0.8026999831199646,
    "tackleChance": 0.20350000262260437
  },
  "createdAt": "2026-04-30T10:51:03Z",
  "epoch": 510,
  "evaluation": {
    "avgGoals": 12.08,
    "avgOutOfBounds": 0.01,
    "avgPasses": 127.8,
    "avgShots": 40.76,
    "avgTackles": 6.42,
    "baselineAvgGoals": 5.994,
    "candidateAvgGoals": 6.087,
    "candidateWon": true,
    "earlyStop": null,
    "elapsedMs": 295,
    "games": 1000,
    "gamesPerSecond": 3389.83,
    "goalDiff": 93.0,
    "maxGames": 1000,
    "passCompletionRate": 0.912,
    "tackleSuccessRate": 1.0,
    "zScore": 0.472
  },
  "gamesPerEpoch": 1000,
  "name": "epoch-510",
  "opponent": {
    "parameters": {
      "forwardPassMinGain": 15.0,
      "markDistance": 67.0,
      "passChanceDefault": 0.004999999888241291,
      "passChanceForward": 0.15880000591278076,
      "passChancePressured": 0.3352999985218048,
      "passChanceWing": 0.009999999776482582,
      "shootProgressThreshold": 0.8026999831199646,
      "tackleChance": 0.20350000262260437
    },
    "sourceEpoch": 508
  },
  "session": "session-12"
}
