{
  "accepted": false,
  "candidate": {
    "parameters": {
      "forwardPassMinGain": 18.0,
      "markDistance": 66.0,
      "passChanceDefault": 0.11389999836683273,
      "passChanceForward": 0.16249999403953552,
      "passChancePressured": 0.38769999146461487,
      "passChanceWing": 0.04430000111460686,
      "shootProgressThreshold": 0.8206999897956848,
      "tackleChance": 0.2199999988079071
    }
  },
  "championEpoch": 703,
  "championParameters": {
    "forwardPassMinGain": 18.0,
    "markDistance": 66.0,
    "passChanceDefault": 0.1274999976158142,
    "passChanceForward": 0.16249999403953552,
    "passChancePressured": 0.4000000059604645,
    "passChanceWing": 0.019700000062584877,
    "shootProgressThreshold": 0.8206999897956848,
    "tackleChance": 0.2199999988079071
  },
  "createdAt": "2026-04-30T10:51:47Z",
  "epoch": 704,
  "evaluation": {
    "avgGoals": 11.01,
    "avgOutOfBounds": 0.01,
    "avgPasses": 146.06,
    "avgShots": 36.32,
    "avgTackles": 5.16,
    "baselineAvgGoals": 5.586,
    "candidateAvgGoals": 5.421,
    "candidateWon": false,
    "earlyStop": null,
    "elapsedMs": 306,
    "games": 1000,
    "gamesPerSecond": 3267.97,
    "goalDiff": -165.0,
    "maxGames": 1000,
    "passCompletionRate": 0.92,
    "tackleSuccessRate": 1.0,
    "zScore": -0.882
  },
  "gamesPerEpoch": 1000,
  "name": "epoch-704",
  "opponent": {
    "parameters": {
      "forwardPassMinGain": 18.0,
      "markDistance": 66.0,
      "passChanceDefault": 0.1274999976158142,
      "passChanceForward": 0.16249999403953552,
      "passChancePressured": 0.4000000059604645,
      "passChanceWing": 0.019700000062584877,
      "shootProgressThreshold": 0.8206999897956848,
      "tackleChance": 0.2199999988079071
    },
    "sourceEpoch": 703
  },
  "session": "session-12"
}
