{
  "accepted": true,
  "candidate": {
    "parameters": {
      "forwardPassMinGain": 18.0,
      "markDistance": 63.0,
      "passChanceDefault": 0.004999999888241291,
      "passChanceForward": 0.179299995303154,
      "passChancePressured": 0.3544999957084656,
      "passChanceWing": 0.022600000724196434,
      "shootProgressThreshold": 0.8119000196456909,
      "tackleChance": 0.2199999988079071
    }
  },
  "championEpoch": 459,
  "championParameters": {
    "forwardPassMinGain": 18.0,
    "markDistance": 63.0,
    "passChanceDefault": 0.004999999888241291,
    "passChanceForward": 0.179299995303154,
    "passChancePressured": 0.3544999957084656,
    "passChanceWing": 0.022600000724196434,
    "shootProgressThreshold": 0.8119000196456909,
    "tackleChance": 0.2199999988079071
  },
  "createdAt": "2026-04-30T10:50:50Z",
  "epoch": 459,
  "evaluation": {
    "avgGoals": 12.2,
    "avgOutOfBounds": 0.0,
    "avgPasses": 137.86,
    "avgShots": 37.74,
    "avgTackles": 5.32,
    "baselineAvgGoals": 6.013,
    "candidateAvgGoals": 6.187,
    "candidateWon": true,
    "earlyStop": null,
    "elapsedMs": 298,
    "games": 1000,
    "gamesPerSecond": 3355.7,
    "goalDiff": 174.0,
    "maxGames": 1000,
    "passCompletionRate": 0.907,
    "tackleSuccessRate": 1.0,
    "zScore": 0.92
  },
  "gamesPerEpoch": 1000,
  "name": "epoch-459",
  "opponent": {
    "parameters": {
      "forwardPassMinGain": 18.0,
      "markDistance": 61.0,
      "passChanceDefault": 0.004999999888241291,
      "passChanceForward": 0.18000000715255737,
      "passChancePressured": 0.4000000059604645,
      "passChanceWing": 0.009999999776482582,
      "shootProgressThreshold": 0.8119000196456909,
      "tackleChance": 0.2199999988079071
    },
    "sourceEpoch": 454
  },
  "session": "session-12"
}
