{
  "accepted": false,
  "candidate": {
    "parameters": {
      "forwardPassMinGain": 14.0,
      "markDistance": 78.0,
      "passChanceDefault": 0.031099999323487282,
      "passChanceForward": 0.16210000216960907,
      "passChancePressured": 0.36250001192092896,
      "passChanceWing": 0.009999999776482582,
      "shootProgressThreshold": 0.8119000196456909,
      "tackleChance": 0.19189999997615814
    }
  },
  "championEpoch": 348,
  "championParameters": {
    "forwardPassMinGain": 14.0,
    "markDistance": 66.0,
    "passChanceDefault": 0.031099999323487282,
    "passChanceForward": 0.16210000216960907,
    "passChancePressured": 0.36250001192092896,
    "passChanceWing": 0.009999999776482582,
    "shootProgressThreshold": 0.8119000196456909,
    "tackleChance": 0.20340000092983246
  },
  "createdAt": "2026-04-30T10:50:27Z",
  "epoch": 349,
  "evaluation": {
    "avgGoals": 12.21,
    "avgOutOfBounds": 0.01,
    "avgPasses": 123.57,
    "avgShots": 38.01,
    "avgTackles": 6.27,
    "baselineAvgGoals": 6.333,
    "candidateAvgGoals": 5.873,
    "candidateWon": false,
    "earlyStop": null,
    "elapsedMs": 296,
    "games": 1000,
    "gamesPerSecond": 3378.38,
    "goalDiff": -460.0,
    "maxGames": 1000,
    "passCompletionRate": 0.891,
    "tackleSuccessRate": 1.0,
    "zScore": -2.307
  },
  "gamesPerEpoch": 1000,
  "name": "epoch-349",
  "opponent": {
    "parameters": {
      "forwardPassMinGain": 14.0,
      "markDistance": 66.0,
      "passChanceDefault": 0.031099999323487282,
      "passChanceForward": 0.16210000216960907,
      "passChancePressured": 0.36250001192092896,
      "passChanceWing": 0.009999999776482582,
      "shootProgressThreshold": 0.8119000196456909,
      "tackleChance": 0.20340000092983246
    },
    "sourceEpoch": 348
  },
  "session": "session-12"
}
