{
  "accepted": false,
  "candidate": {
    "parameters": {
      "forwardPassMinGain": 14.0,
      "markDistance": 68.0,
      "passChanceDefault": 0.03720000013709068,
      "passChanceForward": 0.18000000715255737,
      "passChancePressured": 0.24549999833106995,
      "passChanceWing": 0.023099999874830246,
      "shootProgressThreshold": 0.8119000196456909,
      "tackleChance": 0.2199999988079071
    }
  },
  "championEpoch": 396,
  "championParameters": {
    "forwardPassMinGain": 14.0,
    "markDistance": 68.0,
    "passChanceDefault": 0.004999999888241291,
    "passChanceForward": 0.18000000715255737,
    "passChancePressured": 0.3010999858379364,
    "passChanceWing": 0.01590000092983246,
    "shootProgressThreshold": 0.8119000196456909,
    "tackleChance": 0.2199999988079071
  },
  "createdAt": "2026-04-30T10:50:37Z",
  "epoch": 397,
  "evaluation": {
    "avgGoals": 12.11,
    "avgOutOfBounds": 0.01,
    "avgPasses": 132.72,
    "avgShots": 37.19,
    "avgTackles": 5.95,
    "baselineAvgGoals": 6.175,
    "candidateAvgGoals": 5.93,
    "candidateWon": false,
    "earlyStop": null,
    "elapsedMs": 307,
    "games": 1000,
    "gamesPerSecond": 3257.33,
    "goalDiff": -245.0,
    "maxGames": 1000,
    "passCompletionRate": 0.91,
    "tackleSuccessRate": 1.0,
    "zScore": -1.285
  },
  "gamesPerEpoch": 1000,
  "name": "epoch-397",
  "opponent": {
    "parameters": {
      "forwardPassMinGain": 14.0,
      "markDistance": 68.0,
      "passChanceDefault": 0.004999999888241291,
      "passChanceForward": 0.18000000715255737,
      "passChancePressured": 0.3010999858379364,
      "passChanceWing": 0.01590000092983246,
      "shootProgressThreshold": 0.8119000196456909,
      "tackleChance": 0.2199999988079071
    },
    "sourceEpoch": 396
  },
  "session": "session-12"
}
