{
  "accepted": false,
  "candidate": {
    "parameters": {
      "forwardPassMinGain": 13.0,
      "markDistance": 69.0,
      "passChanceDefault": 0.049400001764297485,
      "passChanceForward": 0.15129999816417694,
      "passChancePressured": 0.4000000059604645,
      "passChanceWing": 0.009999999776482582,
      "shootProgressThreshold": 0.8440999984741211,
      "tackleChance": 0.1987999975681305
    }
  },
  "championEpoch": 855,
  "championParameters": {
    "forwardPassMinGain": 14.0,
    "markDistance": 69.0,
    "passChanceDefault": 0.03350000083446503,
    "passChanceForward": 0.1446000039577484,
    "passChancePressured": 0.4000000059604645,
    "passChanceWing": 0.009999999776482582,
    "shootProgressThreshold": 0.8054999709129333,
    "tackleChance": 0.1987999975681305
  },
  "createdAt": "2026-04-30T10:52:26Z",
  "epoch": 872,
  "evaluation": {
    "avgGoals": 10.72,
    "avgOutOfBounds": 0.0,
    "avgPasses": 127.38,
    "avgShots": 44.97,
    "avgTackles": 5.77,
    "baselineAvgGoals": 5.671,
    "candidateAvgGoals": 5.051,
    "candidateWon": false,
    "earlyStop": "worse",
    "elapsedMs": 162,
    "games": 550,
    "gamesPerSecond": 3395.06,
    "goalDiff": -341.0,
    "maxGames": 1000,
    "passCompletionRate": 0.906,
    "tackleSuccessRate": 1.0,
    "zScore": -2.553
  },
  "gamesPerEpoch": 1000,
  "name": "epoch-872",
  "opponent": {
    "parameters": {
      "forwardPassMinGain": 14.0,
      "markDistance": 69.0,
      "passChanceDefault": 0.03350000083446503,
      "passChanceForward": 0.1446000039577484,
      "passChancePressured": 0.4000000059604645,
      "passChanceWing": 0.009999999776482582,
      "shootProgressThreshold": 0.8054999709129333,
      "tackleChance": 0.1987999975681305
    },
    "sourceEpoch": 855
  },
  "session": "session-12"
}
