{
  "accepted": false,
  "candidate": {
    "parameters": {
      "forwardPassMinGain": 17.0,
      "markDistance": 66.0,
      "passChanceDefault": 0.04809999838471413,
      "passChanceForward": 0.16830000281333923,
      "passChancePressured": 0.4000000059604645,
      "passChanceWing": 0.009999999776482582,
      "shootProgressThreshold": 0.8087000250816345,
      "tackleChance": 0.20250000059604645
    }
  },
  "championEpoch": 694,
  "championParameters": {
    "forwardPassMinGain": 17.0,
    "markDistance": 66.0,
    "passChanceDefault": 0.06340000033378601,
    "passChanceForward": 0.18000000715255737,
    "passChancePressured": 0.4000000059604645,
    "passChanceWing": 0.009999999776482582,
    "shootProgressThreshold": 0.8087000250816345,
    "tackleChance": 0.20250000059604645
  },
  "createdAt": "2026-04-30T10:51:45Z",
  "epoch": 698,
  "evaluation": {
    "avgGoals": 12.18,
    "avgOutOfBounds": 0.01,
    "avgPasses": 132.86,
    "avgShots": 37.72,
    "avgTackles": 5.85,
    "baselineAvgGoals": 6.108,
    "candidateAvgGoals": 6.068,
    "candidateWon": false,
    "earlyStop": null,
    "elapsedMs": 296,
    "games": 1000,
    "gamesPerSecond": 3378.38,
    "goalDiff": -40.0,
    "maxGames": 1000,
    "passCompletionRate": 0.907,
    "tackleSuccessRate": 1.0,
    "zScore": -0.197
  },
  "gamesPerEpoch": 1000,
  "name": "epoch-698",
  "opponent": {
    "parameters": {
      "forwardPassMinGain": 17.0,
      "markDistance": 66.0,
      "passChanceDefault": 0.06340000033378601,
      "passChanceForward": 0.18000000715255737,
      "passChancePressured": 0.4000000059604645,
      "passChanceWing": 0.009999999776482582,
      "shootProgressThreshold": 0.8087000250816345,
      "tackleChance": 0.20250000059604645
    },
    "sourceEpoch": 694
  },
  "session": "session-12"
}
