{
  "accepted": false,
  "candidate": {
    "parameters": {
      "forwardPassMinGain": 13.0,
      "markDistance": 69.0,
      "passChanceDefault": 0.10339999943971634,
      "passChanceForward": 0.18000000715255737,
      "passChancePressured": 0.39649999141693115,
      "passChanceWing": 0.009999999776482582,
      "shootProgressThreshold": 0.7587000131607056,
      "tackleChance": 0.2199999988079071
    }
  },
  "championEpoch": 975,
  "championParameters": {
    "forwardPassMinGain": 16.0,
    "markDistance": 66.0,
    "passChanceDefault": 0.11940000206232071,
    "passChanceForward": 0.18000000715255737,
    "passChancePressured": 0.38530001044273376,
    "passChanceWing": 0.009999999776482582,
    "shootProgressThreshold": 0.8126999735832214,
    "tackleChance": 0.2199999988079071
  },
  "createdAt": "2026-04-30T10:52:50Z",
  "epoch": 976,
  "evaluation": {
    "avgGoals": 2.94,
    "avgOutOfBounds": 0.01,
    "avgPasses": 105.24,
    "avgShots": 136.95,
    "avgTackles": 2.44,
    "baselineAvgGoals": 2.19,
    "candidateAvgGoals": 0.75,
    "candidateWon": false,
    "earlyStop": "worse",
    "elapsedMs": 34,
    "games": 100,
    "gamesPerSecond": 2941.18,
    "goalDiff": -144.0,
    "maxGames": 1000,
    "passCompletionRate": 0.968,
    "tackleSuccessRate": 1.0,
    "zScore": -5.002
  },
  "gamesPerEpoch": 1000,
  "name": "epoch-976",
  "opponent": {
    "parameters": {
      "forwardPassMinGain": 16.0,
      "markDistance": 66.0,
      "passChanceDefault": 0.11940000206232071,
      "passChanceForward": 0.18000000715255737,
      "passChancePressured": 0.38530001044273376,
      "passChanceWing": 0.009999999776482582,
      "shootProgressThreshold": 0.8126999735832214,
      "tackleChance": 0.2199999988079071
    },
    "sourceEpoch": 975
  },
  "session": "session-12"
}
