{
  "accepted": false,
  "candidate": {
    "parameters": {
      "forwardPassMinGain": 10.0,
      "markDistance": 68.0,
      "passChanceDefault": 0.022299999371170998,
      "passChanceForward": 0.17350000143051147,
      "passChancePressured": 0.4000000059604645,
      "passChanceWing": 0.009999999776482582,
      "shootProgressThreshold": 0.8119000196456909,
      "tackleChance": 0.2199999988079071
    }
  },
  "championEpoch": 307,
  "championParameters": {
    "forwardPassMinGain": 13.0,
    "markDistance": 68.0,
    "passChanceDefault": 0.06989999860525131,
    "passChanceForward": 0.17350000143051147,
    "passChancePressured": 0.4000000059604645,
    "passChanceWing": 0.009999999776482582,
    "shootProgressThreshold": 0.8119000196456909,
    "tackleChance": 0.17759999632835388
  },
  "createdAt": "2026-04-30T10:50:18Z",
  "epoch": 313,
  "evaluation": {
    "avgGoals": 12.06,
    "avgOutOfBounds": 0.01,
    "avgPasses": 131.56,
    "avgShots": 37.45,
    "avgTackles": 5.7,
    "baselineAvgGoals": 6.081,
    "candidateAvgGoals": 5.983,
    "candidateWon": false,
    "earlyStop": null,
    "elapsedMs": 294,
    "games": 1000,
    "gamesPerSecond": 3401.36,
    "goalDiff": -98.0,
    "maxGames": 1000,
    "passCompletionRate": 0.906,
    "tackleSuccessRate": 1.0,
    "zScore": -0.475
  },
  "gamesPerEpoch": 1000,
  "name": "epoch-313",
  "opponent": {
    "parameters": {
      "forwardPassMinGain": 13.0,
      "markDistance": 68.0,
      "passChanceDefault": 0.06989999860525131,
      "passChanceForward": 0.17350000143051147,
      "passChancePressured": 0.4000000059604645,
      "passChanceWing": 0.009999999776482582,
      "shootProgressThreshold": 0.8119000196456909,
      "tackleChance": 0.17759999632835388
    },
    "sourceEpoch": 307
  },
  "session": "session-12"
}
