{
  "accepted": false,
  "candidate": {
    "parameters": {
      "forwardPassMinGain": 6.0,
      "markDistance": 69.0,
      "passChanceDefault": 0.024800000712275505,
      "passChanceForward": 0.17170000076293945,
      "passChancePressured": 0.3937999904155731,
      "passChanceWing": 0.02800000086426735,
      "shootProgressThreshold": 0.76910001039505,
      "tackleChance": 0.18930000066757202
    }
  },
  "championEpoch": 594,
  "championParameters": {
    "forwardPassMinGain": 6.0,
    "markDistance": 66.0,
    "passChanceDefault": 0.01889999955892563,
    "passChanceForward": 0.17470000684261322,
    "passChancePressured": 0.4000000059604645,
    "passChanceWing": 0.009999999776482582,
    "shootProgressThreshold": 0.8037999868392944,
    "tackleChance": 0.18930000066757202
  },
  "createdAt": "2026-04-30T10:51:21Z",
  "epoch": 596,
  "evaluation": {
    "avgGoals": 3.47,
    "avgOutOfBounds": 0.0,
    "avgPasses": 107.76,
    "avgShots": 130.31,
    "avgTackles": 2.63,
    "baselineAvgGoals": 2.69,
    "candidateAvgGoals": 0.78,
    "candidateWon": false,
    "earlyStop": "worse",
    "elapsedMs": 32,
    "games": 100,
    "gamesPerSecond": 3125.0,
    "goalDiff": -191.0,
    "maxGames": 1000,
    "passCompletionRate": 0.966,
    "tackleSuccessRate": 1.0,
    "zScore": -5.864
  },
  "gamesPerEpoch": 1000,
  "name": "epoch-596",
  "opponent": {
    "parameters": {
      "forwardPassMinGain": 6.0,
      "markDistance": 66.0,
      "passChanceDefault": 0.01889999955892563,
      "passChanceForward": 0.17470000684261322,
      "passChancePressured": 0.4000000059604645,
      "passChanceWing": 0.009999999776482582,
      "shootProgressThreshold": 0.8037999868392944,
      "tackleChance": 0.18930000066757202
    },
    "sourceEpoch": 594
  },
  "session": "session-12"
}
