{
  "accepted": true,
  "candidate": {
    "parameters": {
      "forwardPassMinGain": 14.0,
      "markDistance": 66.0,
      "passChanceDefault": 0.11289999634027481,
      "passChanceForward": 0.18000000715255737,
      "passChancePressured": 0.33649998903274536,
      "passChanceWing": 0.03310000151395798,
      "shootProgressThreshold": 0.8145999908447266,
      "tackleChance": 0.2199999988079071
    }
  },
  "championEpoch": 738,
  "championParameters": {
    "forwardPassMinGain": 14.0,
    "markDistance": 66.0,
    "passChanceDefault": 0.11289999634027481,
    "passChanceForward": 0.18000000715255737,
    "passChancePressured": 0.33649998903274536,
    "passChanceWing": 0.03310000151395798,
    "shootProgressThreshold": 0.8145999908447266,
    "tackleChance": 0.2199999988079071
  },
  "createdAt": "2026-04-30T10:51:56Z",
  "epoch": 738,
  "evaluation": {
    "avgGoals": 11.08,
    "avgOutOfBounds": 0.0,
    "avgPasses": 148.56,
    "avgShots": 34.44,
    "avgTackles": 5.08,
    "baselineAvgGoals": 5.479,
    "candidateAvgGoals": 5.6,
    "candidateWon": true,
    "earlyStop": null,
    "elapsedMs": 298,
    "games": 1000,
    "gamesPerSecond": 3355.7,
    "goalDiff": 121.0,
    "maxGames": 1000,
    "passCompletionRate": 0.921,
    "tackleSuccessRate": 1.0,
    "zScore": 0.661
  },
  "gamesPerEpoch": 1000,
  "name": "epoch-738",
  "opponent": {
    "parameters": {
      "forwardPassMinGain": 15.0,
      "markDistance": 66.0,
      "passChanceDefault": 0.11289999634027481,
      "passChanceForward": 0.18000000715255737,
      "passChancePressured": 0.36410000920295715,
      "passChanceWing": 0.03310000151395798,
      "shootProgressThreshold": 0.8145999908447266,
      "tackleChance": 0.2199999988079071
    },
    "sourceEpoch": 737
  },
  "session": "session-12"
}
