{
  "accepted": true,
  "candidate": {
    "parameters": {
      "forwardPassMinGain": 15.0,
      "markDistance": 63.0,
      "passChanceDefault": 0.03999999910593033,
      "passChanceForward": 0.1534000039100647,
      "passChancePressured": 0.4000000059604645,
      "passChanceWing": 0.009999999776482582,
      "shootProgressThreshold": 0.8051999807357788,
      "tackleChance": 0.2199999988079071
    }
  },
  "championEpoch": 815,
  "championParameters": {
    "forwardPassMinGain": 15.0,
    "markDistance": 63.0,
    "passChanceDefault": 0.03999999910593033,
    "passChanceForward": 0.1534000039100647,
    "passChancePressured": 0.4000000059604645,
    "passChanceWing": 0.009999999776482582,
    "shootProgressThreshold": 0.8051999807357788,
    "tackleChance": 0.2199999988079071
  },
  "createdAt": "2026-04-30T10:52:14Z",
  "epoch": 815,
  "evaluation": {
    "avgGoals": 11.88,
    "avgOutOfBounds": 0.01,
    "avgPasses": 137.12,
    "avgShots": 38.76,
    "avgTackles": 5.75,
    "baselineAvgGoals": 5.892,
    "candidateAvgGoals": 5.986,
    "candidateWon": true,
    "earlyStop": null,
    "elapsedMs": 297,
    "games": 1000,
    "gamesPerSecond": 3367.0,
    "goalDiff": 94.0,
    "maxGames": 1000,
    "passCompletionRate": 0.914,
    "tackleSuccessRate": 1.0,
    "zScore": 0.509
  },
  "gamesPerEpoch": 1000,
  "name": "epoch-815",
  "opponent": {
    "parameters": {
      "forwardPassMinGain": 14.0,
      "markDistance": 63.0,
      "passChanceDefault": 0.059300001710653305,
      "passChanceForward": 0.1534000039100647,
      "passChancePressured": 0.36640000343322754,
      "passChanceWing": 0.009999999776482582,
      "shootProgressThreshold": 0.8061000108718872,
      "tackleChance": 0.2199999988079071
    },
    "sourceEpoch": 807
  },
  "session": "session-12"
}
