{
  "accepted": false,
  "candidate": {
    "parameters": {
      "forwardPassMinGain": 3.0,
      "markDistance": 66.0,
      "passChanceDefault": 0.03020000085234642,
      "passChanceForward": 0.17579999566078186,
      "passChancePressured": 0.376800000667572,
      "passChanceWing": 0.009999999776482582,
      "shootProgressThreshold": 0.7907000184059143,
      "tackleChance": 0.19040000438690186
    }
  },
  "championEpoch": 616,
  "championParameters": {
    "forwardPassMinGain": 3.0,
    "markDistance": 66.0,
    "passChanceDefault": 0.004999999888241291,
    "passChanceForward": 0.17579999566078186,
    "passChancePressured": 0.4000000059604645,
    "passChanceWing": 0.009999999776482582,
    "shootProgressThreshold": 0.8105000257492065,
    "tackleChance": 0.2199999988079071
  },
  "createdAt": "2026-04-30T10:51:27Z",
  "epoch": 623,
  "evaluation": {
    "avgGoals": 8.95,
    "avgOutOfBounds": 0.01,
    "avgPasses": 125.24,
    "avgShots": 69.22,
    "avgTackles": 4.77,
    "baselineAvgGoals": 5.047,
    "candidateAvgGoals": 3.9,
    "candidateWon": false,
    "earlyStop": "worse",
    "elapsedMs": 44,
    "games": 150,
    "gamesPerSecond": 3409.09,
    "goalDiff": -172.0,
    "maxGames": 1000,
    "passCompletionRate": 0.937,
    "tackleSuccessRate": 1.0,
    "zScore": -2.922
  },
  "gamesPerEpoch": 1000,
  "name": "epoch-623",
  "opponent": {
    "parameters": {
      "forwardPassMinGain": 3.0,
      "markDistance": 66.0,
      "passChanceDefault": 0.004999999888241291,
      "passChanceForward": 0.17579999566078186,
      "passChancePressured": 0.4000000059604645,
      "passChanceWing": 0.009999999776482582,
      "shootProgressThreshold": 0.8105000257492065,
      "tackleChance": 0.2199999988079071
    },
    "sourceEpoch": 616
  },
  "session": "session-12"
}
