{
  "accepted": false,
  "candidate": {
    "parameters": {
      "forwardPassMinGain": 9.0,
      "markDistance": 68.0,
      "passChanceDefault": 0.11789999902248383,
      "passChanceForward": 0.16019999980926514,
      "passChancePressured": 0.351500004529953,
      "passChanceWing": 0.04670000076293945,
      "shootProgressThreshold": 0.8097000122070312,
      "tackleChance": 0.2176000028848648
    }
  },
  "championEpoch": 107,
  "championParameters": {
    "forwardPassMinGain": 10.0,
    "markDistance": 65.0,
    "passChanceDefault": 0.11789999902248383,
    "passChanceForward": 0.16019999980926514,
    "passChancePressured": 0.4000000059604645,
    "passChanceWing": 0.0272000003606081,
    "shootProgressThreshold": 0.8097000122070312,
    "tackleChance": 0.2176000028848648
  },
  "createdAt": "2026-04-30T10:49:33Z",
  "epoch": 111,
  "evaluation": {
    "avgGoals": 10.72,
    "avgOutOfBounds": 0.0,
    "avgPasses": 153.12,
    "avgShots": 32.77,
    "avgTackles": 5.13,
    "baselineAvgGoals": 5.458,
    "candidateAvgGoals": 5.265,
    "candidateWon": false,
    "earlyStop": null,
    "elapsedMs": 291,
    "games": 1000,
    "gamesPerSecond": 3436.43,
    "goalDiff": -193.0,
    "maxGames": 1000,
    "passCompletionRate": 0.926,
    "tackleSuccessRate": 1.0,
    "zScore": -1.07
  },
  "gamesPerEpoch": 1000,
  "name": "epoch-111",
  "opponent": {
    "parameters": {
      "forwardPassMinGain": 10.0,
      "markDistance": 65.0,
      "passChanceDefault": 0.11789999902248383,
      "passChanceForward": 0.16019999980926514,
      "passChancePressured": 0.4000000059604645,
      "passChanceWing": 0.0272000003606081,
      "shootProgressThreshold": 0.8097000122070312,
      "tackleChance": 0.2176000028848648
    },
    "sourceEpoch": 107
  },
  "session": "session-12"
}
