{
  "accepted": true,
  "candidate": {
    "parameters": {
      "forwardPassMinGain": 18.0,
      "markDistance": 61.0,
      "passChanceDefault": 0.1274999976158142,
      "passChanceForward": 0.1745000034570694,
      "passChancePressured": 0.4000000059604645,
      "passChanceWing": 0.009999999776482582,
      "shootProgressThreshold": 0.8159000277519226,
      "tackleChance": 0.20389999449253082
    }
  },
  "championEpoch": 708,
  "championParameters": {
    "forwardPassMinGain": 18.0,
    "markDistance": 61.0,
    "passChanceDefault": 0.1274999976158142,
    "passChanceForward": 0.1745000034570694,
    "passChancePressured": 0.4000000059604645,
    "passChanceWing": 0.009999999776482582,
    "shootProgressThreshold": 0.8159000277519226,
    "tackleChance": 0.20389999449253082
  },
  "createdAt": "2026-04-30T10:51:48Z",
  "epoch": 708,
  "evaluation": {
    "avgGoals": 11.64,
    "avgOutOfBounds": 0.01,
    "avgPasses": 141.73,
    "avgShots": 37.61,
    "avgTackles": 5.22,
    "baselineAvgGoals": 5.737,
    "candidateAvgGoals": 5.906,
    "candidateWon": true,
    "earlyStop": null,
    "elapsedMs": 294,
    "games": 1000,
    "gamesPerSecond": 3401.36,
    "goalDiff": 169.0,
    "maxGames": 1000,
    "passCompletionRate": 0.912,
    "tackleSuccessRate": 1.0,
    "zScore": 0.913
  },
  "gamesPerEpoch": 1000,
  "name": "epoch-708",
  "opponent": {
    "parameters": {
      "forwardPassMinGain": 18.0,
      "markDistance": 66.0,
      "passChanceDefault": 0.1274999976158142,
      "passChanceForward": 0.16249999403953552,
      "passChancePressured": 0.4000000059604645,
      "passChanceWing": 0.019700000062584877,
      "shootProgressThreshold": 0.8206999897956848,
      "tackleChance": 0.2199999988079071
    },
    "sourceEpoch": 703
  },
  "session": "session-12"
}
