{
  "accepted": false,
  "candidate": {
    "parameters": {
      "forwardPassMinGain": 18.0,
      "markDistance": 68.0,
      "passChanceDefault": 0.03060000017285347,
      "passChanceForward": 0.18000000715255737,
      "passChancePressured": 0.3481999933719635,
      "passChanceWing": 0.009999999776482582,
      "shootProgressThreshold": 0.7541000247001648,
      "tackleChance": 0.18279999494552612
    }
  },
  "championEpoch": 23,
  "championParameters": {
    "forwardPassMinGain": 18.0,
    "markDistance": 66.0,
    "passChanceDefault": 0.051600001752376556,
    "passChanceForward": 0.18000000715255737,
    "passChancePressured": 0.3481999933719635,
    "passChanceWing": 0.009999999776482582,
    "shootProgressThreshold": 0.8133999705314636,
    "tackleChance": 0.19820000231266022
  },
  "createdAt": "2026-04-30T10:49:15Z",
  "epoch": 31,
  "evaluation": {
    "avgGoals": 1.74,
    "avgOutOfBounds": 0.02,
    "avgPasses": 100.9,
    "avgShots": 149.18,
    "avgTackles": 2.31,
    "baselineAvgGoals": 1.71,
    "candidateAvgGoals": 0.03,
    "candidateWon": false,
    "earlyStop": "worse",
    "elapsedMs": 31,
    "games": 100,
    "gamesPerSecond": 3225.81,
    "goalDiff": -168.0,
    "maxGames": 1000,
    "passCompletionRate": 0.983,
    "tackleSuccessRate": 1.0,
    "zScore": -7.078
  },
  "gamesPerEpoch": 1000,
  "name": "epoch-031",
  "opponent": {
    "parameters": {
      "forwardPassMinGain": 18.0,
      "markDistance": 66.0,
      "passChanceDefault": 0.051600001752376556,
      "passChanceForward": 0.18000000715255737,
      "passChancePressured": 0.3481999933719635,
      "passChanceWing": 0.009999999776482582,
      "shootProgressThreshold": 0.8133999705314636,
      "tackleChance": 0.19820000231266022
    },
    "sourceEpoch": 23
  },
  "session": "session-12"
}
