{
  "accepted": false,
  "candidate": {
    "parameters": {
      "forwardPassMinGain": 7.0,
      "markDistance": 67.0,
      "passChanceDefault": 0.004999999888241291,
      "passChanceForward": 0.18000000715255737,
      "passChancePressured": 0.4000000059604645,
      "passChanceWing": 0.06970000267028809,
      "shootProgressThreshold": 0.7857999801635742,
      "tackleChance": 0.19059999287128448
    }
  },
  "championEpoch": 557,
  "championParameters": {
    "forwardPassMinGain": 7.0,
    "markDistance": 67.0,
    "passChanceDefault": 0.004999999888241291,
    "passChanceForward": 0.18000000715255737,
    "passChancePressured": 0.4000000059604645,
    "passChanceWing": 0.03759999945759773,
    "shootProgressThreshold": 0.8026999831199646,
    "tackleChance": 0.19059999287128448
  },
  "createdAt": "2026-04-30T10:51:13Z",
  "epoch": 561,
  "evaluation": {
    "avgGoals": 5.49,
    "avgOutOfBounds": 0.0,
    "avgPasses": 131.66,
    "avgShots": 92.1,
    "avgTackles": 3.31,
    "baselineAvgGoals": 3.44,
    "candidateAvgGoals": 2.05,
    "candidateWon": false,
    "earlyStop": "worse",
    "elapsedMs": 31,
    "games": 100,
    "gamesPerSecond": 3225.81,
    "goalDiff": -139.0,
    "maxGames": 1000,
    "passCompletionRate": 0.951,
    "tackleSuccessRate": 1.0,
    "zScore": -4.04
  },
  "gamesPerEpoch": 1000,
  "name": "epoch-561",
  "opponent": {
    "parameters": {
      "forwardPassMinGain": 7.0,
      "markDistance": 67.0,
      "passChanceDefault": 0.004999999888241291,
      "passChanceForward": 0.18000000715255737,
      "passChancePressured": 0.4000000059604645,
      "passChanceWing": 0.03759999945759773,
      "shootProgressThreshold": 0.8026999831199646,
      "tackleChance": 0.19059999287128448
    },
    "sourceEpoch": 557
  },
  "session": "session-12"
}
