{
  "accepted": true,
  "candidate": {
    "parameters": {
      "forwardPassMinGain": 14.0,
      "markDistance": 69.0,
      "passChanceDefault": 0.11779999732971191,
      "passChanceForward": 0.18000000715255737,
      "passChancePressured": 0.30979999899864197,
      "passChanceWing": 0.009999999776482582,
      "shootProgressThreshold": 0.8136000037193298,
      "tackleChance": 0.19990000128746033
    }
  },
  "championEpoch": 753,
  "championParameters": {
    "forwardPassMinGain": 14.0,
    "markDistance": 69.0,
    "passChanceDefault": 0.11779999732971191,
    "passChanceForward": 0.18000000715255737,
    "passChancePressured": 0.30979999899864197,
    "passChanceWing": 0.009999999776482582,
    "shootProgressThreshold": 0.8136000037193298,
    "tackleChance": 0.19990000128746033
  },
  "createdAt": "2026-04-30T10:51:59Z",
  "epoch": 753,
  "evaluation": {
    "avgGoals": 12.15,
    "avgOutOfBounds": 0.0,
    "avgPasses": 132.18,
    "avgShots": 37.47,
    "avgTackles": 5.83,
    "baselineAvgGoals": 5.96,
    "candidateAvgGoals": 6.187,
    "candidateWon": true,
    "earlyStop": null,
    "elapsedMs": 291,
    "games": 1000,
    "gamesPerSecond": 3436.43,
    "goalDiff": 227.0,
    "maxGames": 1000,
    "passCompletionRate": 0.909,
    "tackleSuccessRate": 1.0,
    "zScore": 1.135
  },
  "gamesPerEpoch": 1000,
  "name": "epoch-753",
  "opponent": {
    "parameters": {
      "forwardPassMinGain": 16.0,
      "markDistance": 69.0,
      "passChanceDefault": 0.1080000028014183,
      "passChanceForward": 0.18000000715255737,
      "passChancePressured": 0.30979999899864197,
      "passChanceWing": 0.009999999776482582,
      "shootProgressThreshold": 0.8136000037193298,
      "tackleChance": 0.19990000128746033
    },
    "sourceEpoch": 752
  },
  "session": "session-12"
}
