{
  "accepted": false,
  "candidate": {
    "parameters": {
      "forwardPassMinGain": 10.0,
      "markDistance": 71.0,
      "passChanceDefault": 0.1266999989748001,
      "passChanceForward": 0.1469999998807907,
      "passChancePressured": 0.4000000059604645,
      "passChanceWing": 0.0272000003606081,
      "shootProgressThreshold": 0.8097000122070312,
      "tackleChance": 0.2199999988079071
    }
  },
  "championEpoch": 102,
  "championParameters": {
    "forwardPassMinGain": 10.0,
    "markDistance": 71.0,
    "passChanceDefault": 0.11789999902248383,
    "passChanceForward": 0.1469999998807907,
    "passChancePressured": 0.4000000059604645,
    "passChanceWing": 0.0272000003606081,
    "shootProgressThreshold": 0.8097000122070312,
    "tackleChance": 0.2176000028848648
  },
  "createdAt": "2026-04-30T10:49:31Z",
  "epoch": 103,
  "evaluation": {
    "avgGoals": 11.2,
    "avgOutOfBounds": 0.01,
    "avgPasses": 140.14,
    "avgShots": 34.57,
    "avgTackles": 5.76,
    "baselineAvgGoals": 5.625,
    "candidateAvgGoals": 5.578,
    "candidateWon": false,
    "earlyStop": null,
    "elapsedMs": 282,
    "games": 1000,
    "gamesPerSecond": 3546.1,
    "goalDiff": -47.0,
    "maxGames": 1000,
    "passCompletionRate": 0.914,
    "tackleSuccessRate": 1.0,
    "zScore": -0.241
  },
  "gamesPerEpoch": 1000,
  "name": "epoch-103",
  "opponent": {
    "parameters": {
      "forwardPassMinGain": 10.0,
      "markDistance": 71.0,
      "passChanceDefault": 0.11789999902248383,
      "passChanceForward": 0.1469999998807907,
      "passChancePressured": 0.4000000059604645,
      "passChanceWing": 0.0272000003606081,
      "shootProgressThreshold": 0.8097000122070312,
      "tackleChance": 0.2176000028848648
    },
    "sourceEpoch": 102
  },
  "session": "session-12"
}
