{
  "accepted": true,
  "candidate": {
    "parameters": {
      "forwardPassMinGain": 16.0,
      "markDistance": 66.0,
      "passChanceDefault": 0.1080000028014183,
      "passChanceForward": 0.14300000667572021,
      "passChancePressured": 0.30979999899864197,
      "passChanceWing": 0.009999999776482582,
      "shootProgressThreshold": 0.8145999908447266,
      "tackleChance": 0.2199999988079071
    }
  },
  "championEpoch": 750,
  "championParameters": {
    "forwardPassMinGain": 16.0,
    "markDistance": 66.0,
    "passChanceDefault": 0.1080000028014183,
    "passChanceForward": 0.14300000667572021,
    "passChancePressured": 0.30979999899864197,
    "passChanceWing": 0.009999999776482582,
    "shootProgressThreshold": 0.8145999908447266,
    "tackleChance": 0.2199999988079071
  },
  "createdAt": "2026-04-30T10:51:58Z",
  "epoch": 750,
  "evaluation": {
    "avgGoals": 11.68,
    "avgOutOfBounds": 0.01,
    "avgPasses": 140.13,
    "avgShots": 36.76,
    "avgTackles": 5.46,
    "baselineAvgGoals": 5.797,
    "candidateAvgGoals": 5.882,
    "candidateWon": true,
    "earlyStop": null,
    "elapsedMs": 295,
    "games": 1000,
    "gamesPerSecond": 3389.83,
    "goalDiff": 85.0,
    "maxGames": 1000,
    "passCompletionRate": 0.914,
    "tackleSuccessRate": 1.0,
    "zScore": 0.453
  },
  "gamesPerEpoch": 1000,
  "name": "epoch-750",
  "opponent": {
    "parameters": {
      "forwardPassMinGain": 14.0,
      "markDistance": 66.0,
      "passChanceDefault": 0.1080000028014183,
      "passChanceForward": 0.18000000715255737,
      "passChancePressured": 0.30979999899864197,
      "passChanceWing": 0.026799999177455902,
      "shootProgressThreshold": 0.8145999908447266,
      "tackleChance": 0.2199999988079071
    },
    "sourceEpoch": 741
  },
  "session": "session-12"
}
