{
  "accepted": false,
  "candidate": {
    "parameters": {
      "forwardPassMinGain": 9.0,
      "markDistance": 61.0,
      "passChanceDefault": 0.0934000015258789,
      "passChanceForward": 0.16580000519752502,
      "passChancePressured": 0.25459998846054077,
      "passChanceWing": 0.009999999776482582,
      "shootProgressThreshold": 0.8149999976158142,
      "tackleChance": 0.17649999260902405
    }
  },
  "championEpoch": 187,
  "championParameters": {
    "forwardPassMinGain": 9.0,
    "markDistance": 61.0,
    "passChanceDefault": 0.0934000015258789,
    "passChanceForward": 0.16580000519752502,
    "passChancePressured": 0.28610000014305115,
    "passChanceWing": 0.009999999776482582,
    "shootProgressThreshold": 0.8149999976158142,
    "tackleChance": 0.17649999260902405
  },
  "createdAt": "2026-04-30T10:49:49Z",
  "epoch": 188,
  "evaluation": {
    "avgGoals": 11.71,
    "avgOutOfBounds": 0.01,
    "avgPasses": 143.85,
    "avgShots": 37.34,
    "avgTackles": 5.12,
    "baselineAvgGoals": 5.891,
    "candidateAvgGoals": 5.823,
    "candidateWon": false,
    "earlyStop": null,
    "elapsedMs": 292,
    "games": 1000,
    "gamesPerSecond": 3424.66,
    "goalDiff": -68.0,
    "maxGames": 1000,
    "passCompletionRate": 0.912,
    "tackleSuccessRate": 1.0,
    "zScore": -0.405
  },
  "gamesPerEpoch": 1000,
  "name": "epoch-188",
  "opponent": {
    "parameters": {
      "forwardPassMinGain": 9.0,
      "markDistance": 61.0,
      "passChanceDefault": 0.0934000015258789,
      "passChanceForward": 0.16580000519752502,
      "passChancePressured": 0.28610000014305115,
      "passChanceWing": 0.009999999776482582,
      "shootProgressThreshold": 0.8149999976158142,
      "tackleChance": 0.17649999260902405
    },
    "sourceEpoch": 187
  },
  "session": "session-12"
}
