{
  "accepted": false,
  "candidate": {
    "parameters": {
      "forwardPassMinGain": 14.0,
      "markDistance": 57.0,
      "passChanceDefault": 0.09700000286102295,
      "passChanceForward": 0.18000000715255737,
      "passChancePressured": 0.4000000059604645,
      "passChanceWing": 0.009999999776482582,
      "shootProgressThreshold": 0.8145999908447266,
      "tackleChance": 0.2199999988079071
    }
  },
  "championEpoch": 727,
  "championParameters": {
    "forwardPassMinGain": 14.0,
    "markDistance": 66.0,
    "passChanceDefault": 0.09700000286102295,
    "passChanceForward": 0.18000000715255737,
    "passChancePressured": 0.4000000059604645,
    "passChanceWing": 0.009999999776482582,
    "shootProgressThreshold": 0.8145999908447266,
    "tackleChance": 0.2199999988079071
  },
  "createdAt": "2026-04-30T10:51:54Z",
  "epoch": 728,
  "evaluation": {
    "avgGoals": 11.9,
    "avgOutOfBounds": 0.01,
    "avgPasses": 142.33,
    "avgShots": 37.16,
    "avgTackles": 5.18,
    "baselineAvgGoals": 6.105,
    "candidateAvgGoals": 5.799,
    "candidateWon": false,
    "earlyStop": null,
    "elapsedMs": 305,
    "games": 1000,
    "gamesPerSecond": 3278.69,
    "goalDiff": -306.0,
    "maxGames": 1000,
    "passCompletionRate": 0.91,
    "tackleSuccessRate": 1.0,
    "zScore": -1.643
  },
  "gamesPerEpoch": 1000,
  "name": "epoch-728",
  "opponent": {
    "parameters": {
      "forwardPassMinGain": 14.0,
      "markDistance": 66.0,
      "passChanceDefault": 0.09700000286102295,
      "passChanceForward": 0.18000000715255737,
      "passChancePressured": 0.4000000059604645,
      "passChanceWing": 0.009999999776482582,
      "shootProgressThreshold": 0.8145999908447266,
      "tackleChance": 0.2199999988079071
    },
    "sourceEpoch": 727
  },
  "session": "session-12"
}
