{
  "accepted": false,
  "candidate": {
    "parameters": {
      "forwardPassMinGain": 13.0,
      "markDistance": 69.0,
      "passChanceDefault": 0.004999999888241291,
      "passChanceForward": 0.16419999301433563,
      "passChancePressured": 0.23499999940395355,
      "passChanceWing": 0.009999999776482582,
      "shootProgressThreshold": 0.8086000084877014,
      "tackleChance": 0.20970000326633453
    }
  },
  "championEpoch": 417,
  "championParameters": {
    "forwardPassMinGain": 16.0,
    "markDistance": 69.0,
    "passChanceDefault": 0.004999999888241291,
    "passChanceForward": 0.15649999678134918,
    "passChancePressured": 0.30979999899864197,
    "passChanceWing": 0.009999999776482582,
    "shootProgressThreshold": 0.8119000196456909,
    "tackleChance": 0.20970000326633453
  },
  "createdAt": "2026-04-30T10:50:43Z",
  "epoch": 425,
  "evaluation": {
    "avgGoals": 12.43,
    "avgOutOfBounds": 0.01,
    "avgPasses": 125.26,
    "avgShots": 38.73,
    "avgTackles": 6.33,
    "baselineAvgGoals": 6.403,
    "candidateAvgGoals": 6.029,
    "candidateWon": false,
    "earlyStop": null,
    "elapsedMs": 290,
    "games": 1000,
    "gamesPerSecond": 3448.28,
    "goalDiff": -374.0,
    "maxGames": 1000,
    "passCompletionRate": 0.903,
    "tackleSuccessRate": 1.0,
    "zScore": -1.914
  },
  "gamesPerEpoch": 1000,
  "name": "epoch-425",
  "opponent": {
    "parameters": {
      "forwardPassMinGain": 16.0,
      "markDistance": 69.0,
      "passChanceDefault": 0.004999999888241291,
      "passChanceForward": 0.15649999678134918,
      "passChancePressured": 0.30979999899864197,
      "passChanceWing": 0.009999999776482582,
      "shootProgressThreshold": 0.8119000196456909,
      "tackleChance": 0.20970000326633453
    },
    "sourceEpoch": 417
  },
  "session": "session-12"
}
