{
  "accepted": false,
  "candidate": {
    "parameters": {
      "forwardPassMinGain": 18.0,
      "markDistance": 64.0,
      "passChanceDefault": 0.004999999888241291,
      "passChanceForward": 0.16459999978542328,
      "passChancePressured": 0.3544999957084656,
      "passChanceWing": 0.022600000724196434,
      "shootProgressThreshold": 0.8224999904632568,
      "tackleChance": 0.2199999988079071
    }
  },
  "championEpoch": 459,
  "championParameters": {
    "forwardPassMinGain": 18.0,
    "markDistance": 63.0,
    "passChanceDefault": 0.004999999888241291,
    "passChanceForward": 0.179299995303154,
    "passChancePressured": 0.3544999957084656,
    "passChanceWing": 0.022600000724196434,
    "shootProgressThreshold": 0.8119000196456909,
    "tackleChance": 0.2199999988079071
  },
  "createdAt": "2026-04-30T10:50:51Z",
  "epoch": 461,
  "evaluation": {
    "avgGoals": 11.8,
    "avgOutOfBounds": 0.0,
    "avgPasses": 137.98,
    "avgShots": 38.59,
    "avgTackles": 5.34,
    "baselineAvgGoals": 5.975,
    "candidateAvgGoals": 5.827,
    "candidateWon": false,
    "earlyStop": null,
    "elapsedMs": 305,
    "games": 1000,
    "gamesPerSecond": 3278.69,
    "goalDiff": -148.0,
    "maxGames": 1000,
    "passCompletionRate": 0.909,
    "tackleSuccessRate": 1.0,
    "zScore": -0.798
  },
  "gamesPerEpoch": 1000,
  "name": "epoch-461",
  "opponent": {
    "parameters": {
      "forwardPassMinGain": 18.0,
      "markDistance": 63.0,
      "passChanceDefault": 0.004999999888241291,
      "passChanceForward": 0.179299995303154,
      "passChancePressured": 0.3544999957084656,
      "passChanceWing": 0.022600000724196434,
      "shootProgressThreshold": 0.8119000196456909,
      "tackleChance": 0.2199999988079071
    },
    "sourceEpoch": 459
  },
  "session": "session-12"
}
