{
  "accepted": false,
  "candidate": {
    "parameters": {
      "forwardPassMinGain": 16.0,
      "markDistance": 69.0,
      "passChanceDefault": 0.004999999888241291,
      "passChanceForward": 0.1492999941110611,
      "passChancePressured": 0.31310001015663147,
      "passChanceWing": 0.009999999776482582,
      "shootProgressThreshold": 0.774399995803833,
      "tackleChance": 0.20970000326633453
    }
  },
  "championEpoch": 417,
  "championParameters": {
    "forwardPassMinGain": 16.0,
    "markDistance": 69.0,
    "passChanceDefault": 0.004999999888241291,
    "passChanceForward": 0.15649999678134918,
    "passChancePressured": 0.30979999899864197,
    "passChanceWing": 0.009999999776482582,
    "shootProgressThreshold": 0.8119000196456909,
    "tackleChance": 0.20970000326633453
  },
  "createdAt": "2026-04-30T10:50:42Z",
  "epoch": 419,
  "evaluation": {
    "avgGoals": 3.26,
    "avgOutOfBounds": 0.02,
    "avgPasses": 101.26,
    "avgShots": 133.94,
    "avgTackles": 2.63,
    "baselineAvgGoals": 2.33,
    "candidateAvgGoals": 0.93,
    "candidateWon": false,
    "earlyStop": "worse",
    "elapsedMs": 32,
    "games": 100,
    "gamesPerSecond": 3125.0,
    "goalDiff": -140.0,
    "maxGames": 1000,
    "passCompletionRate": 0.97,
    "tackleSuccessRate": 1.0,
    "zScore": -5.455
  },
  "gamesPerEpoch": 1000,
  "name": "epoch-419",
  "opponent": {
    "parameters": {
      "forwardPassMinGain": 16.0,
      "markDistance": 69.0,
      "passChanceDefault": 0.004999999888241291,
      "passChanceForward": 0.15649999678134918,
      "passChancePressured": 0.30979999899864197,
      "passChanceWing": 0.009999999776482582,
      "shootProgressThreshold": 0.8119000196456909,
      "tackleChance": 0.20970000326633453
    },
    "sourceEpoch": 417
  },
  "session": "session-12"
}
