{
  "accepted": false,
  "candidate": {
    "parameters": {
      "forwardPassMinGain": 16.0,
      "markDistance": 63.0,
      "passChanceDefault": 0.10000000149011612,
      "passChanceForward": 0.1534000039100647,
      "passChancePressured": 0.2858000099658966,
      "passChanceWing": 0.031099999323487282,
      "shootProgressThreshold": 0.8061000108718872,
      "tackleChance": 0.19850000739097595
    }
  },
  "championEpoch": 787,
  "championParameters": {
    "forwardPassMinGain": 16.0,
    "markDistance": 63.0,
    "passChanceDefault": 0.11219999939203262,
    "passChanceForward": 0.1534000039100647,
    "passChancePressured": 0.3052000105381012,
    "passChanceWing": 0.009999999776482582,
    "shootProgressThreshold": 0.8061000108718872,
    "tackleChance": 0.20270000398159027
  },
  "createdAt": "2026-04-30T10:52:08Z",
  "epoch": 792,
  "evaluation": {
    "avgGoals": 11.56,
    "avgOutOfBounds": 0.01,
    "avgPasses": 144.6,
    "avgShots": 37.21,
    "avgTackles": 5.5,
    "baselineAvgGoals": 5.868,
    "candidateAvgGoals": 5.691,
    "candidateWon": false,
    "earlyStop": null,
    "elapsedMs": 306,
    "games": 1000,
    "gamesPerSecond": 3267.97,
    "goalDiff": -177.0,
    "maxGames": 1000,
    "passCompletionRate": 0.923,
    "tackleSuccessRate": 1.0,
    "zScore": -1.025
  },
  "gamesPerEpoch": 1000,
  "name": "epoch-792",
  "opponent": {
    "parameters": {
      "forwardPassMinGain": 16.0,
      "markDistance": 63.0,
      "passChanceDefault": 0.11219999939203262,
      "passChanceForward": 0.1534000039100647,
      "passChancePressured": 0.3052000105381012,
      "passChanceWing": 0.009999999776482582,
      "shootProgressThreshold": 0.8061000108718872,
      "tackleChance": 0.20270000398159027
    },
    "sourceEpoch": 787
  },
  "session": "session-12"
}
