{
  "accepted": false,
  "candidate": {
    "parameters": {
      "forwardPassMinGain": 14.0,
      "markDistance": 62.0,
      "passChanceDefault": 0.11580000072717667,
      "passChanceForward": 0.14079999923706055,
      "passChancePressured": 0.4000000059604645,
      "passChanceWing": 0.023800000548362732,
      "shootProgressThreshold": 0.814300000667572,
      "tackleChance": 0.17419999837875366
    }
  },
  "championEpoch": 939,
  "championParameters": {
    "forwardPassMinGain": 15.0,
    "markDistance": 61.0,
    "passChanceDefault": 0.1088000014424324,
    "passChanceForward": 0.1462000012397766,
    "passChancePressured": 0.3955000042915344,
    "passChanceWing": 0.009999999776482582,
    "shootProgressThreshold": 0.814300000667572,
    "tackleChance": 0.17419999837875366
  },
  "createdAt": "2026-04-30T10:52:45Z",
  "epoch": 955,
  "evaluation": {
    "avgGoals": 11.49,
    "avgOutOfBounds": 0.01,
    "avgPasses": 147.22,
    "avgShots": 36.59,
    "avgTackles": 4.85,
    "baselineAvgGoals": 5.844,
    "candidateAvgGoals": 5.647,
    "candidateWon": false,
    "earlyStop": null,
    "elapsedMs": 302,
    "games": 1000,
    "gamesPerSecond": 3311.26,
    "goalDiff": -197.0,
    "maxGames": 1000,
    "passCompletionRate": 0.917,
    "tackleSuccessRate": 1.0,
    "zScore": -1.117
  },
  "gamesPerEpoch": 1000,
  "name": "epoch-955",
  "opponent": {
    "parameters": {
      "forwardPassMinGain": 15.0,
      "markDistance": 61.0,
      "passChanceDefault": 0.1088000014424324,
      "passChanceForward": 0.1462000012397766,
      "passChancePressured": 0.3955000042915344,
      "passChanceWing": 0.009999999776482582,
      "shootProgressThreshold": 0.814300000667572,
      "tackleChance": 0.17419999837875366
    },
    "sourceEpoch": 939
  },
  "session": "session-12"
}
