{
  "accepted": false,
  "candidate": {
    "parameters": {
      "forwardPassMinGain": 7.0,
      "markDistance": 70.0,
      "passChanceDefault": 0.11540000140666962,
      "passChanceForward": 0.17110000550746918,
      "passChancePressured": 0.3368000090122223,
      "passChanceWing": 0.023000000044703484,
      "shootProgressThreshold": 0.800000011920929,
      "tackleChance": 0.2176000028848648
    }
  },
  "championEpoch": 119,
  "championParameters": {
    "forwardPassMinGain": 10.0,
    "markDistance": 70.0,
    "passChanceDefault": 0.11540000140666962,
    "passChanceForward": 0.17110000550746918,
    "passChancePressured": 0.3368000090122223,
    "passChanceWing": 0.023000000044703484,
    "shootProgressThreshold": 0.8097000122070312,
    "tackleChance": 0.2176000028848648
  },
  "createdAt": "2026-04-30T10:49:36Z",
  "epoch": 127,
  "evaluation": {
    "avgGoals": 10.99,
    "avgOutOfBounds": 0.01,
    "avgPasses": 138.71,
    "avgShots": 37.87,
    "avgTackles": 5.95,
    "baselineAvgGoals": 5.619,
    "candidateAvgGoals": 5.373,
    "candidateWon": false,
    "earlyStop": null,
    "elapsedMs": 284,
    "games": 1000,
    "gamesPerSecond": 3521.13,
    "goalDiff": -246.0,
    "maxGames": 1000,
    "passCompletionRate": 0.92,
    "tackleSuccessRate": 1.0,
    "zScore": -1.308
  },
  "gamesPerEpoch": 1000,
  "name": "epoch-127",
  "opponent": {
    "parameters": {
      "forwardPassMinGain": 10.0,
      "markDistance": 70.0,
      "passChanceDefault": 0.11540000140666962,
      "passChanceForward": 0.17110000550746918,
      "passChancePressured": 0.3368000090122223,
      "passChanceWing": 0.023000000044703484,
      "shootProgressThreshold": 0.8097000122070312,
      "tackleChance": 0.2176000028848648
    },
    "sourceEpoch": 119
  },
  "session": "session-12"
}
