{
  "accepted": false,
  "candidate": {
    "parameters": {
      "forwardPassMinGain": 16.0,
      "markDistance": 59.0,
      "passChanceDefault": 0.04919999837875366,
      "passChanceForward": 0.17710000276565552,
      "passChancePressured": 0.38519999384880066,
      "passChanceWing": 0.009999999776482582,
      "shootProgressThreshold": 0.8212000131607056,
      "tackleChance": 0.17759999632835388
    }
  },
  "championEpoch": 315,
  "championParameters": {
    "forwardPassMinGain": 12.0,
    "markDistance": 68.0,
    "passChanceDefault": 0.04919999837875366,
    "passChanceForward": 0.17350000143051147,
    "passChancePressured": 0.4000000059604645,
    "passChanceWing": 0.009999999776482582,
    "shootProgressThreshold": 0.8119000196456909,
    "tackleChance": 0.17759999632835388
  },
  "createdAt": "2026-04-30T10:50:19Z",
  "epoch": 316,
  "evaluation": {
    "avgGoals": 11.9,
    "avgOutOfBounds": 0.01,
    "avgPasses": 136.55,
    "avgShots": 38.16,
    "avgTackles": 5.4,
    "baselineAvgGoals": 6.146,
    "candidateAvgGoals": 5.752,
    "candidateWon": false,
    "earlyStop": null,
    "elapsedMs": 295,
    "games": 1000,
    "gamesPerSecond": 3389.83,
    "goalDiff": -394.0,
    "maxGames": 1000,
    "passCompletionRate": 0.906,
    "tackleSuccessRate": 1.0,
    "zScore": -2.104
  },
  "gamesPerEpoch": 1000,
  "name": "epoch-316",
  "opponent": {
    "parameters": {
      "forwardPassMinGain": 12.0,
      "markDistance": 68.0,
      "passChanceDefault": 0.04919999837875366,
      "passChanceForward": 0.17350000143051147,
      "passChancePressured": 0.4000000059604645,
      "passChanceWing": 0.009999999776482582,
      "shootProgressThreshold": 0.8119000196456909,
      "tackleChance": 0.17759999632835388
    },
    "sourceEpoch": 315
  },
  "session": "session-12"
}
