{
  "accepted": false,
  "candidate": {
    "parameters": {
      "forwardPassMinGain": 15.0,
      "markDistance": 69.0,
      "passChanceDefault": 0.004999999888241291,
      "passChanceForward": 0.18000000715255737,
      "passChancePressured": 0.3644999861717224,
      "passChanceWing": 0.009999999776482582,
      "shootProgressThreshold": 0.8567000031471252,
      "tackleChance": 0.17550000548362732
    }
  },
  "championEpoch": 493,
  "championParameters": {
    "forwardPassMinGain": 15.0,
    "markDistance": 69.0,
    "passChanceDefault": 0.004999999888241291,
    "passChanceForward": 0.18000000715255737,
    "passChancePressured": 0.3352999985218048,
    "passChanceWing": 0.009999999776482582,
    "shootProgressThreshold": 0.8119000196456909,
    "tackleChance": 0.19689999520778656
  },
  "createdAt": "2026-04-30T10:50:59Z",
  "epoch": 494,
  "evaluation": {
    "avgGoals": 9.55,
    "avgOutOfBounds": 0.02,
    "avgPasses": 125.57,
    "avgShots": 51.55,
    "avgTackles": 5.69,
    "baselineAvgGoals": 5.303,
    "candidateAvgGoals": 4.246,
    "candidateWon": false,
    "earlyStop": "worse",
    "elapsedMs": 51,
    "games": 175,
    "gamesPerSecond": 3431.37,
    "goalDiff": -185.0,
    "maxGames": 1000,
    "passCompletionRate": 0.904,
    "tackleSuccessRate": 1.0,
    "zScore": -2.659
  },
  "gamesPerEpoch": 1000,
  "name": "epoch-494",
  "opponent": {
    "parameters": {
      "forwardPassMinGain": 15.0,
      "markDistance": 69.0,
      "passChanceDefault": 0.004999999888241291,
      "passChanceForward": 0.18000000715255737,
      "passChancePressured": 0.3352999985218048,
      "passChanceWing": 0.009999999776482582,
      "shootProgressThreshold": 0.8119000196456909,
      "tackleChance": 0.19689999520778656
    },
    "sourceEpoch": 493
  },
  "session": "session-12"
}
