{
  "accepted": false,
  "candidate": {
    "parameters": {
      "forwardPassMinGain": 14.0,
      "markDistance": 70.0,
      "passChanceDefault": 0.004999999888241291,
      "passChanceForward": 0.15299999713897705,
      "passChancePressured": 0.38989999890327454,
      "passChanceWing": 0.009999999776482582,
      "shootProgressThreshold": 0.8026999831199646,
      "tackleChance": 0.20350000262260437
    }
  },
  "championEpoch": 510,
  "championParameters": {
    "forwardPassMinGain": 14.0,
    "markDistance": 67.0,
    "passChanceDefault": 0.004999999888241291,
    "passChanceForward": 0.15880000591278076,
    "passChancePressured": 0.3248000144958496,
    "passChanceWing": 0.009999999776482582,
    "shootProgressThreshold": 0.8026999831199646,
    "tackleChance": 0.20350000262260437
  },
  "createdAt": "2026-04-30T10:51:04Z",
  "epoch": 515,
  "evaluation": {
    "avgGoals": 12.03,
    "avgOutOfBounds": 0.01,
    "avgPasses": 126.19,
    "avgShots": 40.79,
    "avgTackles": 6.52,
    "baselineAvgGoals": 6.063,
    "candidateAvgGoals": 5.968,
    "candidateWon": false,
    "earlyStop": null,
    "elapsedMs": 300,
    "games": 1000,
    "gamesPerSecond": 3333.33,
    "goalDiff": -95.0,
    "maxGames": 1000,
    "passCompletionRate": 0.912,
    "tackleSuccessRate": 1.0,
    "zScore": -0.476
  },
  "gamesPerEpoch": 1000,
  "name": "epoch-515",
  "opponent": {
    "parameters": {
      "forwardPassMinGain": 14.0,
      "markDistance": 67.0,
      "passChanceDefault": 0.004999999888241291,
      "passChanceForward": 0.15880000591278076,
      "passChancePressured": 0.3248000144958496,
      "passChanceWing": 0.009999999776482582,
      "shootProgressThreshold": 0.8026999831199646,
      "tackleChance": 0.20350000262260437
    },
    "sourceEpoch": 510
  },
  "session": "session-12"
}
