{
  "accepted": false,
  "candidate": {
    "parameters": {
      "forwardPassMinGain": 12.0,
      "markDistance": 65.0,
      "passChanceDefault": 0.03220000118017197,
      "passChanceForward": 0.1777999997138977,
      "passChancePressured": 0.3163999915122986,
      "passChanceWing": 0.08089999854564667,
      "shootProgressThreshold": 0.8119000196456909,
      "tackleChance": 0.13369999825954437
    }
  },
  "championEpoch": 374,
  "championParameters": {
    "forwardPassMinGain": 12.0,
    "markDistance": 65.0,
    "passChanceDefault": 0.027899999171495438,
    "passChanceForward": 0.1777999997138977,
    "passChancePressured": 0.3163999915122986,
    "passChanceWing": 0.009999999776482582,
    "shootProgressThreshold": 0.8119000196456909,
    "tackleChance": 0.2184000015258789
  },
  "createdAt": "2026-04-30T10:50:33Z",
  "epoch": 377,
  "evaluation": {
    "avgGoals": 10.56,
    "avgOutOfBounds": 0.0,
    "avgPasses": 157.27,
    "avgShots": 32.25,
    "avgTackles": 4.87,
    "baselineAvgGoals": 5.582,
    "candidateAvgGoals": 4.976,
    "candidateWon": false,
    "earlyStop": "worse",
    "elapsedMs": 150,
    "games": 500,
    "gamesPerSecond": 3333.33,
    "goalDiff": -303.0,
    "maxGames": 1000,
    "passCompletionRate": 0.932,
    "tackleSuccessRate": 1.0,
    "zScore": -2.505
  },
  "gamesPerEpoch": 1000,
  "name": "epoch-377",
  "opponent": {
    "parameters": {
      "forwardPassMinGain": 12.0,
      "markDistance": 65.0,
      "passChanceDefault": 0.027899999171495438,
      "passChanceForward": 0.1777999997138977,
      "passChancePressured": 0.3163999915122986,
      "passChanceWing": 0.009999999776482582,
      "shootProgressThreshold": 0.8119000196456909,
      "tackleChance": 0.2184000015258789
    },
    "sourceEpoch": 374
  },
  "session": "session-12"
}
