{
  "accepted": false,
  "candidate": {
    "parameters": {
      "forwardPassMinGain": 7.0,
      "markDistance": 60.0,
      "passChanceDefault": 0.09030000120401382,
      "passChanceForward": 0.18000000715255737,
      "passChancePressured": 0.3278000056743622,
      "passChanceWing": 0.03530000150203705,
      "shootProgressThreshold": 0.7670999765396118,
      "tackleChance": 0.15690000355243683
    }
  },
  "championEpoch": 191,
  "championParameters": {
    "forwardPassMinGain": 10.0,
    "markDistance": 59.0,
    "passChanceDefault": 0.09030000120401382,
    "passChanceForward": 0.1712000072002411,
    "passChancePressured": 0.29429998993873596,
    "passChanceWing": 0.009999999776482582,
    "shootProgressThreshold": 0.8149999976158142,
    "tackleChance": 0.15690000355243683
  },
  "createdAt": "2026-04-30T10:49:51Z",
  "epoch": 194,
  "evaluation": {
    "avgGoals": 2.08,
    "avgOutOfBounds": 0.01,
    "avgPasses": 108.8,
    "avgShots": 143.5,
    "avgTackles": 1.46,
    "baselineAvgGoals": 1.62,
    "candidateAvgGoals": 0.46,
    "candidateWon": false,
    "earlyStop": "worse",
    "elapsedMs": 33,
    "games": 100,
    "gamesPerSecond": 3030.3,
    "goalDiff": -116.0,
    "maxGames": 1000,
    "passCompletionRate": 0.967,
    "tackleSuccessRate": 1.0,
    "zScore": -4.906
  },
  "gamesPerEpoch": 1000,
  "name": "epoch-194",
  "opponent": {
    "parameters": {
      "forwardPassMinGain": 10.0,
      "markDistance": 59.0,
      "passChanceDefault": 0.09030000120401382,
      "passChanceForward": 0.1712000072002411,
      "passChancePressured": 0.29429998993873596,
      "passChanceWing": 0.009999999776482582,
      "shootProgressThreshold": 0.8149999976158142,
      "tackleChance": 0.15690000355243683
    },
    "sourceEpoch": 191
  },
  "session": "session-12"
}
