{
  "accepted": true,
  "candidate": {
    "parameters": {
      "forwardPassMinGain": 16.0,
      "markDistance": 64.0,
      "passChanceDefault": 0.06939999759197235,
      "passChanceForward": 0.12049999833106995,
      "passChancePressured": 0.37369999289512634,
      "passChanceWing": 0.016599999740719795,
      "shootProgressThreshold": 0.8054999709129333,
      "tackleChance": 0.21860000491142273
    }
  },
  "championEpoch": 912,
  "championParameters": {
    "forwardPassMinGain": 16.0,
    "markDistance": 64.0,
    "passChanceDefault": 0.06939999759197235,
    "passChanceForward": 0.12049999833106995,
    "passChancePressured": 0.37369999289512634,
    "passChanceWing": 0.016599999740719795,
    "shootProgressThreshold": 0.8054999709129333,
    "tackleChance": 0.21860000491142273
  },
  "createdAt": "2026-04-30T10:52:35Z",
  "epoch": 912,
  "evaluation": {
    "avgGoals": 11.54,
    "avgOutOfBounds": 0.01,
    "avgPasses": 138.66,
    "avgShots": 38.66,
    "avgTackles": 5.65,
    "baselineAvgGoals": 5.738,
    "candidateAvgGoals": 5.8,
    "candidateWon": true,
    "earlyStop": null,
    "elapsedMs": 298,
    "games": 1000,
    "gamesPerSecond": 3355.7,
    "goalDiff": 62.0,
    "maxGames": 1000,
    "passCompletionRate": 0.917,
    "tackleSuccessRate": 1.0,
    "zScore": 0.342
  },
  "gamesPerEpoch": 1000,
  "name": "epoch-912",
  "opponent": {
    "parameters": {
      "forwardPassMinGain": 16.0,
      "markDistance": 64.0,
      "passChanceDefault": 0.05209999904036522,
      "passChanceForward": 0.12049999833106995,
      "passChancePressured": 0.37369999289512634,
      "passChanceWing": 0.016599999740719795,
      "shootProgressThreshold": 0.8054999709129333,
      "tackleChance": 0.2199999988079071
    },
    "sourceEpoch": 899
  },
  "session": "session-12"
}
