{
  "accepted": false,
  "candidate": {
    "parameters": {
      "forwardPassMinGain": 15.0,
      "markDistance": 52.0,
      "passChanceDefault": 0.06939999759197235,
      "passChanceForward": 0.13439999520778656,
      "passChancePressured": 0.36550000309944153,
      "passChanceWing": 0.051600001752376556,
      "shootProgressThreshold": 0.8054999709129333,
      "tackleChance": 0.2199999988079071
    }
  },
  "championEpoch": 912,
  "championParameters": {
    "forwardPassMinGain": 16.0,
    "markDistance": 64.0,
    "passChanceDefault": 0.06939999759197235,
    "passChanceForward": 0.12049999833106995,
    "passChancePressured": 0.37369999289512634,
    "passChanceWing": 0.016599999740719795,
    "shootProgressThreshold": 0.8054999709129333,
    "tackleChance": 0.21860000491142273
  },
  "createdAt": "2026-04-30T10:52:35Z",
  "epoch": 913,
  "evaluation": {
    "avgGoals": 10.85,
    "avgOutOfBounds": 0.01,
    "avgPasses": 155.04,
    "avgShots": 35.99,
    "avgTackles": 5.04,
    "baselineAvgGoals": 5.696,
    "candidateAvgGoals": 5.156,
    "candidateWon": false,
    "earlyStop": "worse",
    "elapsedMs": 152,
    "games": 500,
    "gamesPerSecond": 3289.47,
    "goalDiff": -270.0,
    "maxGames": 1000,
    "passCompletionRate": 0.923,
    "tackleSuccessRate": 1.0,
    "zScore": -2.546
  },
  "gamesPerEpoch": 1000,
  "name": "epoch-913",
  "opponent": {
    "parameters": {
      "forwardPassMinGain": 16.0,
      "markDistance": 64.0,
      "passChanceDefault": 0.06939999759197235,
      "passChanceForward": 0.12049999833106995,
      "passChancePressured": 0.37369999289512634,
      "passChanceWing": 0.016599999740719795,
      "shootProgressThreshold": 0.8054999709129333,
      "tackleChance": 0.21860000491142273
    },
    "sourceEpoch": 912
  },
  "session": "session-12"
}
