{
  "accepted": false,
  "candidate": {
    "parameters": {
      "forwardPassMinGain": 7.0,
      "markDistance": 70.0,
      "passChanceDefault": 0.01889999955892563,
      "passChanceForward": 0.18000000715255737,
      "passChancePressured": 0.4000000059604645,
      "passChanceWing": 0.012500000186264515,
      "shootProgressThreshold": 0.8037999868392944,
      "tackleChance": 0.18930000066757202
    }
  },
  "championEpoch": 589,
  "championParameters": {
    "forwardPassMinGain": 6.0,
    "markDistance": 66.0,
    "passChanceDefault": 0.01889999955892563,
    "passChanceForward": 0.17470000684261322,
    "passChancePressured": 0.4000000059604645,
    "passChanceWing": 0.012500000186264515,
    "shootProgressThreshold": 0.8037999868392944,
    "tackleChance": 0.18930000066757202
  },
  "createdAt": "2026-04-30T10:51:20Z",
  "epoch": 590,
  "evaluation": {
    "avgGoals": 11.69,
    "avgOutOfBounds": 0.01,
    "avgPasses": 133.31,
    "avgShots": 37.7,
    "avgTackles": 6.04,
    "baselineAvgGoals": 5.846,
    "candidateAvgGoals": 5.844,
    "candidateWon": false,
    "earlyStop": null,
    "elapsedMs": 293,
    "games": 1000,
    "gamesPerSecond": 3412.97,
    "goalDiff": -2.0,
    "maxGames": 1000,
    "passCompletionRate": 0.914,
    "tackleSuccessRate": 1.0,
    "zScore": -0.01
  },
  "gamesPerEpoch": 1000,
  "name": "epoch-590",
  "opponent": {
    "parameters": {
      "forwardPassMinGain": 6.0,
      "markDistance": 66.0,
      "passChanceDefault": 0.01889999955892563,
      "passChanceForward": 0.17470000684261322,
      "passChancePressured": 0.4000000059604645,
      "passChanceWing": 0.012500000186264515,
      "shootProgressThreshold": 0.8037999868392944,
      "tackleChance": 0.18930000066757202
    },
    "sourceEpoch": 589
  },
  "session": "session-12"
}
