{
  "accepted": false,
  "candidate": {
    "parameters": {
      "forwardPassMinGain": 18.0,
      "markDistance": 63.0,
      "passChanceDefault": 0.004999999888241291,
      "passChanceForward": 0.17080000042915344,
      "passChancePressured": 0.2827000021934509,
      "passChanceWing": 0.07739999890327454,
      "shootProgressThreshold": 0.839900016784668,
      "tackleChance": 0.21699999272823334
    }
  },
  "championEpoch": 475,
  "championParameters": {
    "forwardPassMinGain": 18.0,
    "markDistance": 63.0,
    "passChanceDefault": 0.00839999970048666,
    "passChanceForward": 0.17080000042915344,
    "passChancePressured": 0.3467000126838684,
    "passChanceWing": 0.009999999776482582,
    "shootProgressThreshold": 0.8119000196456909,
    "tackleChance": 0.20360000431537628
  },
  "createdAt": "2026-04-30T10:50:57Z",
  "epoch": 482,
  "evaluation": {
    "avgGoals": 10.42,
    "avgOutOfBounds": 0.01,
    "avgPasses": 149.48,
    "avgShots": 39.87,
    "avgTackles": 4.86,
    "baselineAvgGoals": 5.588,
    "candidateAvgGoals": 4.834,
    "candidateWon": false,
    "earlyStop": "worse",
    "elapsedMs": 99,
    "games": 325,
    "gamesPerSecond": 3282.83,
    "goalDiff": -245.0,
    "maxGames": 1000,
    "passCompletionRate": 0.924,
    "tackleSuccessRate": 1.0,
    "zScore": -2.775
  },
  "gamesPerEpoch": 1000,
  "name": "epoch-482",
  "opponent": {
    "parameters": {
      "forwardPassMinGain": 18.0,
      "markDistance": 63.0,
      "passChanceDefault": 0.00839999970048666,
      "passChanceForward": 0.17080000042915344,
      "passChancePressured": 0.3467000126838684,
      "passChanceWing": 0.009999999776482582,
      "shootProgressThreshold": 0.8119000196456909,
      "tackleChance": 0.20360000431537628
    },
    "sourceEpoch": 475
  },
  "session": "session-12"
}
