{
  "ablationGames": 500,
  "baselinePoints": 189.0,
  "candidatePoints": 183.0,
  "draws": 3,
  "evalGames": 1000,
  "field": "decisions.aggression",
  "hi": 2.0,
  "lo": 0.0,
  "losses": 62,
  "originalValues": [
    1.9586000442504883,
    1.5879000425338745,
    1.061900019645691,
    1.8447999954223633,
    1.853600025177002
  ],
  "pointDiff": -6.0,
  "runAt": "2026-05-05T06:58:32Z",
  "ternaryAccepted": 0,
  "ternaryValues": [
    1.9586000442504883,
    1.5879000425338745,
    1.061900019645691,
    1.8447999954223633,
    1.853600025177002
  ],
  "wins": 60
}
