{
  "accepted": false,
  "candidate": {
    "parameters": {
      "forwardPassMinGain": 18.0,
      "markDistance": 62.0,
      "passChanceDefault": 0.12549999356269836,
      "passChanceForward": 0.08219999819993973,
      "passChancePressured": 0.3506999909877777,
      "passChanceWing": 0.009999999776482582,
      "shootProgressThreshold": 0.8101999759674072,
      "tackleChance": 0.19779999554157257
    }
  },
  "championEpoch": 0,
  "championParameters": {
    "forwardPassMinGain": 18.0,
    "markDistance": 62.0,
    "passChanceDefault": 0.12549999356269836,
    "passChanceForward": 0.08219999819993973,
    "passChancePressured": 0.4000000059604645,
    "passChanceWing": 0.009999999776482582,
    "shootProgressThreshold": 0.8101999759674072,
    "tackleChance": 0.21089999377727509
  },
  "createdAt": "2026-04-30T10:03:01Z",
  "epoch": 3,
  "evaluation": {
    "avgGoals": 11.63,
    "avgOutOfBounds": 0.01,
    "avgPasses": 140.12,
    "avgShots": 39.14,
    "avgTackles": 5.15,
    "baselineAvgGoals": 5.906,
    "candidateAvgGoals": 5.722,
    "candidateWon": false,
    "earlyStop": null,
    "elapsedMs": 283,
    "games": 1000,
    "gamesPerSecond": 3533.57,
    "goalDiff": -184.0,
    "maxGames": 1000,
    "passCompletionRate": 0.914,
    "tackleSuccessRate": 1.0,
    "zScore": -1.027
  },
  "gamesPerEpoch": 1000,
  "name": "epoch-003",
  "opponent": {
    "parameters": {
      "forwardPassMinGain": 18.0,
      "markDistance": 62.0,
      "passChanceDefault": 0.12549999356269836,
      "passChanceForward": 0.08219999819993973,
      "passChancePressured": 0.4000000059604645,
      "passChanceWing": 0.009999999776482582,
      "shootProgressThreshold": 0.8101999759674072,
      "tackleChance": 0.21089999377727509
    },
    "sourceEpoch": 0
  },
  "session": "session-5"
}
