{
  "accepted": false,
  "candidate": {
    "parameters": {
      "forwardPassMinGain": 18.0,
      "markDistance": 67.0,
      "passChanceDefault": 0.004999999888241291,
      "passChanceForward": 0.16940000653266907,
      "passChancePressured": 0.3813000023365021,
      "passChanceWing": 0.009999999776482582,
      "shootProgressThreshold": 0.8242999911308289,
      "tackleChance": 0.2199999988079071
    }
  },
  "championEpoch": 0,
  "championParameters": {
    "forwardPassMinGain": 18.0,
    "markDistance": 67.0,
    "passChanceDefault": 0.013700000010430813,
    "passChanceForward": 0.18000000715255737,
    "passChancePressured": 0.4000000059604645,
    "passChanceWing": 0.009999999776482582,
    "shootProgressThreshold": 0.8111000061035156,
    "tackleChance": 0.2199999988079071
  },
  "createdAt": "2026-04-30T12:26:17Z",
  "epoch": 1,
  "evaluation": {
    "avgGoals": 12.1,
    "avgOutOfBounds": 0.01,
    "avgPasses": 127.67,
    "avgShots": 39.84,
    "avgTackles": 5.87,
    "baselineAvgGoals": 6.18,
    "candidateAvgGoals": 5.92,
    "candidateWon": false,
    "earlyStop": "worse",
    "elapsedMs": 1063,
    "games": 3850,
    "gamesPerSecond": 3621.83,
    "goalDiff": -1001.0,
    "maxGames": 1000000,
    "passCompletionRate": 0.902,
    "tackleSuccessRate": 1.0,
    "zScore": -2.565
  },
  "gamesPerEpoch": 1000000,
  "name": "epoch-001",
  "opponent": {
    "parameters": {
      "forwardPassMinGain": 18.0,
      "markDistance": 67.0,
      "passChanceDefault": 0.013700000010430813,
      "passChanceForward": 0.18000000715255737,
      "passChancePressured": 0.4000000059604645,
      "passChanceWing": 0.009999999776482582,
      "shootProgressThreshold": 0.8111000061035156,
      "tackleChance": 0.2199999988079071
    },
    "sourceEpoch": 0
  },
  "session": "session-17"
}
