{
  "accepted": false,
  "candidate": {
    "parameters": {
      "forwardPassMinGain": 14.0,
      "markDistance": 67.0,
      "passChanceDefault": 0.013700000010430813,
      "passChanceForward": 0.18000000715255737,
      "passChancePressured": 0.37459999322891235,
      "passChanceWing": 0.03610000014305115,
      "shootProgressThreshold": 0.8393999934196472,
      "tackleChance": 0.2199999988079071
    }
  },
  "championEpoch": 0,
  "championParameters": {
    "forwardPassMinGain": 18.0,
    "markDistance": 67.0,
    "passChanceDefault": 0.013700000010430813,
    "passChanceForward": 0.18000000715255737,
    "passChancePressured": 0.4000000059604645,
    "passChanceWing": 0.009999999776482582,
    "shootProgressThreshold": 0.8111000061035156,
    "tackleChance": 0.2199999988079071
  },
  "createdAt": "2026-04-30T12:30:19Z",
  "epoch": 10,
  "evaluation": {
    "avgGoals": 10.97,
    "avgOutOfBounds": 0.0,
    "avgPasses": 134.82,
    "avgShots": 41.97,
    "avgTackles": 5.43,
    "baselineAvgGoals": 5.766,
    "candidateAvgGoals": 5.203,
    "candidateWon": false,
    "earlyStop": "worse",
    "elapsedMs": 192,
    "games": 650,
    "gamesPerSecond": 3385.42,
    "goalDiff": -366.0,
    "maxGames": 1000000,
    "passCompletionRate": 0.911,
    "tackleSuccessRate": 1.0,
    "zScore": -2.506
  },
  "gamesPerEpoch": 1000000,
  "name": "epoch-010",
  "opponent": {
    "parameters": {
      "forwardPassMinGain": 18.0,
      "markDistance": 67.0,
      "passChanceDefault": 0.013700000010430813,
      "passChanceForward": 0.18000000715255737,
      "passChancePressured": 0.4000000059604645,
      "passChanceWing": 0.009999999776482582,
      "shootProgressThreshold": 0.8111000061035156,
      "tackleChance": 0.2199999988079071
    },
    "sourceEpoch": 0
  },
  "session": "session-17"
}
