{
  "accepted": false,
  "candidate": {
    "parameters": {
      "forwardPassMinGain": 13.0,
      "markDistance": 69.0,
      "passChanceDefault": 0.062300000339746475,
      "passChanceForward": 0.13910000026226044,
      "passChancePressured": 0.29820001125335693,
      "passChanceWing": 0.016200000420212746,
      "shootProgressThreshold": 0.7724000215530396,
      "tackleChance": 0.2199999988079071
    }
  },
  "championEpoch": 653,
  "championParameters": {
    "forwardPassMinGain": 13.0,
    "markDistance": 68.0,
    "passChanceDefault": 0.027699999511241913,
    "passChanceForward": 0.13910000026226044,
    "passChancePressured": 0.29260000586509705,
    "passChanceWing": 0.009999999776482582,
    "shootProgressThreshold": 0.8137000203132629,
    "tackleChance": 0.2199999988079071
  },
  "createdAt": "2026-04-30T10:05:45Z",
  "epoch": 654,
  "evaluation": {
    "avgGoals": 3.17,
    "avgOutOfBounds": 0.01,
    "avgPasses": 104.25,
    "avgShots": 130.72,
    "avgTackles": 2.47,
    "baselineAvgGoals": 2.42,
    "candidateAvgGoals": 0.75,
    "candidateWon": false,
    "earlyStop": "worse",
    "elapsedMs": 32,
    "games": 100,
    "gamesPerSecond": 3125.0,
    "goalDiff": -167.0,
    "maxGames": 1000,
    "passCompletionRate": 0.964,
    "tackleSuccessRate": 1.0,
    "zScore": -6.829
  },
  "gamesPerEpoch": 1000,
  "name": "epoch-654",
  "opponent": {
    "parameters": {
      "forwardPassMinGain": 13.0,
      "markDistance": 68.0,
      "passChanceDefault": 0.027699999511241913,
      "passChanceForward": 0.13910000026226044,
      "passChancePressured": 0.29260000586509705,
      "passChanceWing": 0.009999999776482582,
      "shootProgressThreshold": 0.8137000203132629,
      "tackleChance": 0.2199999988079071
    },
    "sourceEpoch": 653
  },
  "session": "session-6"
}
