{
  "accepted": false,
  "candidate": {
    "parameters": {
      "forwardPassMinGain": 18.0,
      "markDistance": 62.0,
      "passChanceDefault": 0.10849999636411667,
      "passChanceForward": 0.06520000100135803,
      "passChancePressured": 0.328900009393692,
      "passChanceWing": 0.009999999776482582,
      "shootProgressThreshold": 0.8420000076293945,
      "tackleChance": 0.13979999721050262
    }
  },
  "championEpoch": 515,
  "championParameters": {
    "forwardPassMinGain": 18.0,
    "markDistance": 62.0,
    "passChanceDefault": 0.10849999636411667,
    "passChanceForward": 0.06530000269412994,
    "passChancePressured": 0.3418999910354614,
    "passChanceWing": 0.009999999776482582,
    "shootProgressThreshold": 0.8032000064849854,
    "tackleChance": 0.12720000743865967
  },
  "createdAt": "2026-04-30T10:05:14Z",
  "epoch": 517,
  "evaluation": {
    "avgGoals": 10.11,
    "avgOutOfBounds": 0.01,
    "avgPasses": 134.89,
    "avgShots": 50.32,
    "avgTackles": 4.69,
    "baselineAvgGoals": 5.194,
    "candidateAvgGoals": 4.916,
    "candidateWon": false,
    "earlyStop": null,
    "elapsedMs": 292,
    "games": 1000,
    "gamesPerSecond": 3424.66,
    "goalDiff": -278.0,
    "maxGames": 1000,
    "passCompletionRate": 0.922,
    "tackleSuccessRate": 1.0,
    "zScore": -1.765
  },
  "gamesPerEpoch": 1000,
  "name": "epoch-517",
  "opponent": {
    "parameters": {
      "forwardPassMinGain": 18.0,
      "markDistance": 62.0,
      "passChanceDefault": 0.10849999636411667,
      "passChanceForward": 0.06530000269412994,
      "passChancePressured": 0.3418999910354614,
      "passChanceWing": 0.009999999776482582,
      "shootProgressThreshold": 0.8032000064849854,
      "tackleChance": 0.12720000743865967
    },
    "sourceEpoch": 515
  },
  "session": "session-6"
}
