{
  "accepted": true,
  "candidate": {
    "parameters": {
      "forwardPassMinGain": 15.0,
      "markDistance": 67.0,
      "passChanceDefault": 0.015300000086426735,
      "passChanceForward": 0.11140000075101852,
      "passChancePressured": 0.2531000077724457,
      "passChanceWing": 0.009999999776482582,
      "shootProgressThreshold": 0.8137000203132629,
      "tackleChance": 0.19110000133514404
    }
  },
  "championEpoch": 641,
  "championParameters": {
    "forwardPassMinGain": 15.0,
    "markDistance": 67.0,
    "passChanceDefault": 0.015300000086426735,
    "passChanceForward": 0.11140000075101852,
    "passChancePressured": 0.2531000077724457,
    "passChanceWing": 0.009999999776482582,
    "shootProgressThreshold": 0.8137000203132629,
    "tackleChance": 0.19110000133514404
  },
  "createdAt": "2026-04-30T10:05:43Z",
  "epoch": 641,
  "evaluation": {
    "avgGoals": 12.27,
    "avgOutOfBounds": 0.01,
    "avgPasses": 127.47,
    "avgShots": 39.89,
    "avgTackles": 5.9,
    "baselineAvgGoals": 6.052,
    "candidateAvgGoals": 6.217,
    "candidateWon": true,
    "earlyStop": null,
    "elapsedMs": 290,
    "games": 1000,
    "gamesPerSecond": 3448.28,
    "goalDiff": 165.0,
    "maxGames": 1000,
    "passCompletionRate": 0.907,
    "tackleSuccessRate": 1.0,
    "zScore": 0.885
  },
  "gamesPerEpoch": 1000,
  "name": "epoch-641",
  "opponent": {
    "parameters": {
      "forwardPassMinGain": 13.0,
      "markDistance": 67.0,
      "passChanceDefault": 0.015300000086426735,
      "passChanceForward": 0.11140000075101852,
      "passChancePressured": 0.2531000077724457,
      "passChanceWing": 0.009999999776482582,
      "shootProgressThreshold": 0.8137000203132629,
      "tackleChance": 0.19110000133514404
    },
    "sourceEpoch": 638
  },
  "session": "session-6"
}
