{
  "accepted": true,
  "candidate": {
    "parameters": {
      "forwardPassMinGain": 18.0,
      "markDistance": 68.0,
      "passChanceDefault": 0.10080000013113022,
      "passChanceForward": 0.16179999709129333,
      "passChancePressured": 0.36169999837875366,
      "passChanceWing": 0.019200000911951065,
      "shootProgressThreshold": 0.8101000189781189,
      "tackleChance": 0.20749999582767487
    }
  },
  "championEpoch": 94,
  "championParameters": {
    "forwardPassMinGain": 18.0,
    "markDistance": 68.0,
    "passChanceDefault": 0.10080000013113022,
    "passChanceForward": 0.16179999709129333,
    "passChancePressured": 0.36169999837875366,
    "passChanceWing": 0.019200000911951065,
    "shootProgressThreshold": 0.8101000189781189,
    "tackleChance": 0.20749999582767487
  },
  "createdAt": "2026-04-30T10:03:37Z",
  "epoch": 94,
  "evaluation": {
    "avgGoals": 12.03,
    "avgOutOfBounds": 0.01,
    "avgPasses": 131.58,
    "avgShots": 37.34,
    "avgTackles": 5.96,
    "baselineAvgGoals": 5.98,
    "candidateAvgGoals": 6.052,
    "candidateWon": true,
    "earlyStop": null,
    "elapsedMs": 274,
    "games": 1000,
    "gamesPerSecond": 3649.64,
    "goalDiff": 72.0,
    "maxGames": 1000,
    "passCompletionRate": 0.91,
    "tackleSuccessRate": 1.0,
    "zScore": 0.348
  },
  "gamesPerEpoch": 1000,
  "name": "epoch-094",
  "opponent": {
    "parameters": {
      "forwardPassMinGain": 18.0,
      "markDistance": 71.0,
      "passChanceDefault": 0.10080000013113022,
      "passChanceForward": 0.16179999709129333,
      "passChancePressured": 0.36169999837875366,
      "passChanceWing": 0.009999999776482582,
      "shootProgressThreshold": 0.8101000189781189,
      "tackleChance": 0.20749999582767487
    },
    "sourceEpoch": 93
  },
  "session": "session-6"
}
