{
  "accepted": false,
  "candidate": {
    "parameters": {
      "forwardPassMinGain": 18.0,
      "markDistance": 66.0,
      "passChanceDefault": 0.10849999636411667,
      "passChanceForward": 0.08749999850988388,
      "passChancePressured": 0.39559999108314514,
      "passChanceWing": 0.009999999776482582,
      "shootProgressThreshold": 0.7527999877929688,
      "tackleChance": 0.09290000051259995
    }
  },
  "championEpoch": 500,
  "championParameters": {
    "forwardPassMinGain": 18.0,
    "markDistance": 66.0,
    "passChanceDefault": 0.10849999636411667,
    "passChanceForward": 0.06750000268220901,
    "passChancePressured": 0.39559999108314514,
    "passChanceWing": 0.009999999776482582,
    "shootProgressThreshold": 0.8120999932289124,
    "tackleChance": 0.15330000221729279
  },
  "createdAt": "2026-04-30T10:05:11Z",
  "epoch": 502,
  "evaluation": {
    "avgGoals": 1.84,
    "avgOutOfBounds": 0.02,
    "avgPasses": 101.86,
    "avgShots": 133.23,
    "avgTackles": 2.91,
    "baselineAvgGoals": 1.78,
    "candidateAvgGoals": 0.06,
    "candidateWon": false,
    "earlyStop": "worse",
    "elapsedMs": 31,
    "games": 100,
    "gamesPerSecond": 3225.81,
    "goalDiff": -172.0,
    "maxGames": 1000,
    "passCompletionRate": 0.984,
    "tackleSuccessRate": 1.0,
    "zScore": -7.192
  },
  "gamesPerEpoch": 1000,
  "name": "epoch-502",
  "opponent": {
    "parameters": {
      "forwardPassMinGain": 18.0,
      "markDistance": 66.0,
      "passChanceDefault": 0.10849999636411667,
      "passChanceForward": 0.06750000268220901,
      "passChancePressured": 0.39559999108314514,
      "passChanceWing": 0.009999999776482582,
      "shootProgressThreshold": 0.8120999932289124,
      "tackleChance": 0.15330000221729279
    },
    "sourceEpoch": 500
  },
  "session": "session-6"
}
