{
  "accepted": false,
  "candidate": {
    "parameters": {
      "forwardPassMinGain": 14.0,
      "markDistance": 60.0,
      "passChanceDefault": 0.07119999825954437,
      "passChanceForward": 0.164900004863739,
      "passChancePressured": 0.37549999356269836,
      "passChanceWing": 0.009999999776482582,
      "shootProgressThreshold": 0.8130999803543091,
      "tackleChance": 0.19939999282360077
    }
  },
  "championEpoch": 869,
  "championParameters": {
    "forwardPassMinGain": 14.0,
    "markDistance": 60.0,
    "passChanceDefault": 0.06840000301599503,
    "passChanceForward": 0.164900004863739,
    "passChancePressured": 0.4000000059604645,
    "passChanceWing": 0.009999999776482582,
    "shootProgressThreshold": 0.8130999803543091,
    "tackleChance": 0.188400000333786
  },
  "createdAt": "2026-04-30T10:06:36Z",
  "epoch": 871,
  "evaluation": {
    "avgGoals": 11.97,
    "avgOutOfBounds": 0.01,
    "avgPasses": 143.22,
    "avgShots": 37.59,
    "avgTackles": 4.99,
    "baselineAvgGoals": 6.054,
    "candidateAvgGoals": 5.914,
    "candidateWon": false,
    "earlyStop": null,
    "elapsedMs": 289,
    "games": 1000,
    "gamesPerSecond": 3460.21,
    "goalDiff": -140.0,
    "maxGames": 1000,
    "passCompletionRate": 0.911,
    "tackleSuccessRate": 1.0,
    "zScore": -0.796
  },
  "gamesPerEpoch": 1000,
  "name": "epoch-871",
  "opponent": {
    "parameters": {
      "forwardPassMinGain": 14.0,
      "markDistance": 60.0,
      "passChanceDefault": 0.06840000301599503,
      "passChanceForward": 0.164900004863739,
      "passChancePressured": 0.4000000059604645,
      "passChanceWing": 0.009999999776482582,
      "shootProgressThreshold": 0.8130999803543091,
      "tackleChance": 0.188400000333786
    },
    "sourceEpoch": 869
  },
  "session": "session-6"
}
