{
  "accepted": false,
  "candidate": {
    "parameters": {
      "forwardPassMinGain": 18.0,
      "markDistance": 62.0,
      "passChanceDefault": 0.07119999825954437,
      "passChanceForward": 0.16920000314712524,
      "passChancePressured": 0.3621000051498413,
      "passChanceWing": 0.019200000911951065,
      "shootProgressThreshold": 0.8130999803543091,
      "tackleChance": 0.2199999988079071
    }
  },
  "championEpoch": 913,
  "championParameters": {
    "forwardPassMinGain": 18.0,
    "markDistance": 64.0,
    "passChanceDefault": 0.07119999825954437,
    "passChanceForward": 0.16920000314712524,
    "passChancePressured": 0.4000000059604645,
    "passChanceWing": 0.009999999776482582,
    "shootProgressThreshold": 0.8130999803543091,
    "tackleChance": 0.2199999988079071
  },
  "createdAt": "2026-04-30T10:06:47Z",
  "epoch": 920,
  "evaluation": {
    "avgGoals": 12.0,
    "avgOutOfBounds": 0.01,
    "avgPasses": 140.53,
    "avgShots": 37.28,
    "avgTackles": 5.23,
    "baselineAvgGoals": 6.094,
    "candidateAvgGoals": 5.901,
    "candidateWon": false,
    "earlyStop": null,
    "elapsedMs": 288,
    "games": 1000,
    "gamesPerSecond": 3472.22,
    "goalDiff": -193.0,
    "maxGames": 1000,
    "passCompletionRate": 0.913,
    "tackleSuccessRate": 1.0,
    "zScore": -1.018
  },
  "gamesPerEpoch": 1000,
  "name": "epoch-920",
  "opponent": {
    "parameters": {
      "forwardPassMinGain": 18.0,
      "markDistance": 64.0,
      "passChanceDefault": 0.07119999825954437,
      "passChanceForward": 0.16920000314712524,
      "passChancePressured": 0.4000000059604645,
      "passChanceWing": 0.009999999776482582,
      "shootProgressThreshold": 0.8130999803543091,
      "tackleChance": 0.2199999988079071
    },
    "sourceEpoch": 913
  },
  "session": "session-6"
}
