{
  "accepted": false,
  "candidate": {
    "parameters": {
      "forwardPassMinGain": 18.0,
      "markDistance": 71.0,
      "passChanceDefault": 0.15119999647140503,
      "passChanceForward": 0.07779999822378159,
      "passChancePressured": 0.3847000002861023,
      "passChanceWing": 0.009999999776482582,
      "shootProgressThreshold": 0.8108000159263611,
      "tackleChance": 0.16200000047683716
    }
  },
  "championEpoch": 468,
  "championParameters": {
    "forwardPassMinGain": 17.0,
    "markDistance": 66.0,
    "passChanceDefault": 0.15119999647140503,
    "passChanceForward": 0.07779999822378159,
    "passChancePressured": 0.4000000059604645,
    "passChanceWing": 0.009999999776482582,
    "shootProgressThreshold": 0.8030999898910522,
    "tackleChance": 0.16200000047683716
  },
  "createdAt": "2026-04-30T10:05:03Z",
  "epoch": 469,
  "evaluation": {
    "avgGoals": 11.44,
    "avgOutOfBounds": 0.01,
    "avgPasses": 131.64,
    "avgShots": 40.27,
    "avgTackles": 5.85,
    "baselineAvgGoals": 5.74,
    "candidateAvgGoals": 5.697,
    "candidateWon": false,
    "earlyStop": null,
    "elapsedMs": 287,
    "games": 1000,
    "gamesPerSecond": 3484.32,
    "goalDiff": -43.0,
    "maxGames": 1000,
    "passCompletionRate": 0.914,
    "tackleSuccessRate": 1.0,
    "zScore": -0.221
  },
  "gamesPerEpoch": 1000,
  "name": "epoch-469",
  "opponent": {
    "parameters": {
      "forwardPassMinGain": 17.0,
      "markDistance": 66.0,
      "passChanceDefault": 0.15119999647140503,
      "passChanceForward": 0.07779999822378159,
      "passChancePressured": 0.4000000059604645,
      "passChanceWing": 0.009999999776482582,
      "shootProgressThreshold": 0.8030999898910522,
      "tackleChance": 0.16200000047683716
    },
    "sourceEpoch": 468
  },
  "session": "session-6"
}
