{
  "accepted": false,
  "candidate": {
    "parameters": {
      "forwardPassMinGain": 12.0,
      "markDistance": 67.0,
      "passChanceDefault": 0.044599998742341995,
      "passChanceForward": 0.17790000140666962,
      "passChancePressured": 0.37380000948905945,
      "passChanceWing": 0.009999999776482582,
      "shootProgressThreshold": 0.8131999969482422,
      "tackleChance": 0.2199999988079071
    }
  },
  "championEpoch": 955,
  "championParameters": {
    "forwardPassMinGain": 14.0,
    "markDistance": 63.0,
    "passChanceDefault": 0.06880000233650208,
    "passChanceForward": 0.17790000140666962,
    "passChancePressured": 0.4000000059604645,
    "passChanceWing": 0.009999999776482582,
    "shootProgressThreshold": 0.8131999969482422,
    "tackleChance": 0.2199999988079071
  },
  "createdAt": "2026-04-30T10:06:55Z",
  "epoch": 956,
  "evaluation": {
    "avgGoals": 12.05,
    "avgOutOfBounds": 0.0,
    "avgPasses": 135.97,
    "avgShots": 37.42,
    "avgTackles": 5.53,
    "baselineAvgGoals": 6.086,
    "candidateAvgGoals": 5.959,
    "candidateWon": false,
    "earlyStop": null,
    "elapsedMs": 291,
    "games": 1000,
    "gamesPerSecond": 3436.43,
    "goalDiff": -127.0,
    "maxGames": 1000,
    "passCompletionRate": 0.907,
    "tackleSuccessRate": 1.0,
    "zScore": -0.648
  },
  "gamesPerEpoch": 1000,
  "name": "epoch-956",
  "opponent": {
    "parameters": {
      "forwardPassMinGain": 14.0,
      "markDistance": 63.0,
      "passChanceDefault": 0.06880000233650208,
      "passChanceForward": 0.17790000140666962,
      "passChancePressured": 0.4000000059604645,
      "passChanceWing": 0.009999999776482582,
      "shootProgressThreshold": 0.8131999969482422,
      "tackleChance": 0.2199999988079071
    },
    "sourceEpoch": 955
  },
  "session": "session-6"
}
