{
  "accepted": true,
  "candidate": {
    "parameters": {
      "forwardPassMinGain": 14.0,
      "markDistance": 65.0,
      "passChanceDefault": 0.004999999888241291,
      "passChanceForward": 0.1160999983549118,
      "passChancePressured": 0.26739999651908875,
      "passChanceWing": 0.009999999776482582,
      "shootProgressThreshold": 0.8149999976158142,
      "tackleChance": 0.2199999988079071
    }
  },
  "championEpoch": 602,
  "championParameters": {
    "forwardPassMinGain": 14.0,
    "markDistance": 65.0,
    "passChanceDefault": 0.004999999888241291,
    "passChanceForward": 0.1160999983549118,
    "passChancePressured": 0.26739999651908875,
    "passChanceWing": 0.009999999776482582,
    "shootProgressThreshold": 0.8149999976158142,
    "tackleChance": 0.2199999988079071
  },
  "createdAt": "2026-04-30T10:05:34Z",
  "epoch": 602,
  "evaluation": {
    "avgGoals": 11.96,
    "avgOutOfBounds": 0.01,
    "avgPasses": 132.6,
    "avgShots": 39.57,
    "avgTackles": 5.68,
    "baselineAvgGoals": 5.918,
    "candidateAvgGoals": 6.043,
    "candidateWon": true,
    "earlyStop": null,
    "elapsedMs": 288,
    "games": 1000,
    "gamesPerSecond": 3472.22,
    "goalDiff": 125.0,
    "maxGames": 1000,
    "passCompletionRate": 0.91,
    "tackleSuccessRate": 1.0,
    "zScore": 0.67
  },
  "gamesPerEpoch": 1000,
  "name": "epoch-602",
  "opponent": {
    "parameters": {
      "forwardPassMinGain": 14.0,
      "markDistance": 66.0,
      "passChanceDefault": 0.004999999888241291,
      "passChanceForward": 0.1160999983549118,
      "passChancePressured": 0.26739999651908875,
      "passChanceWing": 0.02290000021457672,
      "shootProgressThreshold": 0.8149999976158142,
      "tackleChance": 0.19169999659061432
    },
    "sourceEpoch": 597
  },
  "session": "session-6"
}
