{
  "accepted": false,
  "candidate": {
    "parameters": {
      "forwardPassMinGain": 18.0,
      "markDistance": 69.0,
      "passChanceDefault": 0.10890000313520432,
      "passChanceForward": 0.13079999387264252,
      "passChancePressured": 0.4000000059604645,
      "passChanceWing": 0.0210999995470047,
      "shootProgressThreshold": 0.7833999991416931,
      "tackleChance": 0.20990000665187836
    }
  },
  "championEpoch": 24,
  "championParameters": {
    "forwardPassMinGain": 17.0,
    "markDistance": 69.0,
    "passChanceDefault": 0.10890000313520432,
    "passChanceForward": 0.1289999932050705,
    "passChancePressured": 0.4000000059604645,
    "passChanceWing": 0.010499999858438969,
    "shootProgressThreshold": 0.8101000189781189,
    "tackleChance": 0.20990000665187836
  },
  "createdAt": "2026-04-30T10:03:22Z",
  "epoch": 25,
  "evaluation": {
    "avgGoals": 5.27,
    "avgOutOfBounds": 0.0,
    "avgPasses": 111.94,
    "avgShots": 105.94,
    "avgTackles": 3.29,
    "baselineAvgGoals": 3.66,
    "candidateAvgGoals": 1.61,
    "candidateWon": false,
    "earlyStop": "worse",
    "elapsedMs": 29,
    "games": 100,
    "gamesPerSecond": 3448.28,
    "goalDiff": -205.0,
    "maxGames": 1000,
    "passCompletionRate": 0.949,
    "tackleSuccessRate": 1.0,
    "zScore": -5.906
  },
  "gamesPerEpoch": 1000,
  "name": "epoch-025",
  "opponent": {
    "parameters": {
      "forwardPassMinGain": 17.0,
      "markDistance": 69.0,
      "passChanceDefault": 0.10890000313520432,
      "passChanceForward": 0.1289999932050705,
      "passChancePressured": 0.4000000059604645,
      "passChanceWing": 0.010499999858438969,
      "shootProgressThreshold": 0.8101000189781189,
      "tackleChance": 0.20990000665187836
    },
    "sourceEpoch": 24
  },
  "session": "session-6"
}
