{
  "accepted": false,
  "candidate": {
    "parameters": {
      "forwardPassMinGain": 12.0,
      "markDistance": 65.0,
      "passChanceDefault": 0.16060000658035278,
      "passChanceForward": 0.07729999721050262,
      "passChancePressured": 0.38960000872612,
      "passChanceWing": 0.009999999776482582,
      "shootProgressThreshold": 0.8999999761581421,
      "tackleChance": 0.19779999554157257
    }
  },
  "championEpoch": 365,
  "championParameters": {
    "forwardPassMinGain": 12.0,
    "markDistance": 70.0,
    "passChanceDefault": 0.17440000176429749,
    "passChanceForward": 0.07729999721050262,
    "passChancePressured": 0.38960000872612,
    "passChanceWing": 0.009999999776482582,
    "shootProgressThreshold": 0.8098999857902527,
    "tackleChance": 0.20059999823570251
  },
  "createdAt": "2026-04-30T10:04:41Z",
  "epoch": 372,
  "evaluation": {
    "avgGoals": 3.39,
    "avgOutOfBounds": 0.03,
    "avgPasses": 126.82,
    "avgShots": 74.12,
    "avgTackles": 7.57,
    "baselineAvgGoals": 3.24,
    "candidateAvgGoals": 0.15,
    "candidateWon": false,
    "earlyStop": "worse",
    "elapsedMs": 28,
    "games": 100,
    "gamesPerSecond": 3571.43,
    "goalDiff": -309.0,
    "maxGames": 1000,
    "passCompletionRate": 0.874,
    "tackleSuccessRate": 1.0,
    "zScore": -11.007
  },
  "gamesPerEpoch": 1000,
  "name": "epoch-372",
  "opponent": {
    "parameters": {
      "forwardPassMinGain": 12.0,
      "markDistance": 70.0,
      "passChanceDefault": 0.17440000176429749,
      "passChanceForward": 0.07729999721050262,
      "passChancePressured": 0.38960000872612,
      "passChanceWing": 0.009999999776482582,
      "shootProgressThreshold": 0.8098999857902527,
      "tackleChance": 0.20059999823570251
    },
    "sourceEpoch": 365
  },
  "session": "session-6"
}
