{
  "accepted": false,
  "candidate": {
    "parameters": {
      "forwardPassMinGain": 17.0,
      "markDistance": 63.0,
      "passChanceDefault": 0.06880000233650208,
      "passChanceForward": 0.17790000140666962,
      "passChancePressured": 0.390500009059906,
      "passChanceWing": 0.009999999776482582,
      "shootProgressThreshold": 0.8131999969482422,
      "tackleChance": 0.21160000562667847
    }
  },
  "championEpoch": 959,
  "championParameters": {
    "forwardPassMinGain": 17.0,
    "markDistance": 63.0,
    "passChanceDefault": 0.06880000233650208,
    "passChanceForward": 0.17790000140666962,
    "passChancePressured": 0.4000000059604645,
    "passChanceWing": 0.009999999776482582,
    "shootProgressThreshold": 0.8131999969482422,
    "tackleChance": 0.2199999988079071
  },
  "createdAt": "2026-04-30T10:06:56Z",
  "epoch": 960,
  "evaluation": {
    "avgGoals": 12.1,
    "avgOutOfBounds": 0.0,
    "avgPasses": 138.36,
    "avgShots": 37.75,
    "avgTackles": 5.32,
    "baselineAvgGoals": 6.092,
    "candidateAvgGoals": 6.003,
    "candidateWon": false,
    "earlyStop": null,
    "elapsedMs": 292,
    "games": 1000,
    "gamesPerSecond": 3424.66,
    "goalDiff": -89.0,
    "maxGames": 1000,
    "passCompletionRate": 0.909,
    "tackleSuccessRate": 1.0,
    "zScore": -0.466
  },
  "gamesPerEpoch": 1000,
  "name": "epoch-960",
  "opponent": {
    "parameters": {
      "forwardPassMinGain": 17.0,
      "markDistance": 63.0,
      "passChanceDefault": 0.06880000233650208,
      "passChanceForward": 0.17790000140666962,
      "passChancePressured": 0.4000000059604645,
      "passChanceWing": 0.009999999776482582,
      "shootProgressThreshold": 0.8131999969482422,
      "tackleChance": 0.2199999988079071
    },
    "sourceEpoch": 959
  },
  "session": "session-6"
}
