{
  "accepted": true,
  "candidate": {
    "parameters": {
      "forwardPassMinGain": 18.0,
      "markDistance": 61.0,
      "passChanceDefault": 0.05000000074505806,
      "passChanceForward": 0.06759999692440033,
      "passChancePressured": 0.35260000824928284,
      "passChanceWing": 0.009999999776482582,
      "shootProgressThreshold": 0.8093000054359436,
      "tackleChance": 0.15639999508857727
    }
  },
  "championEpoch": 549,
  "championParameters": {
    "forwardPassMinGain": 18.0,
    "markDistance": 61.0,
    "passChanceDefault": 0.05000000074505806,
    "passChanceForward": 0.06759999692440033,
    "passChancePressured": 0.35260000824928284,
    "passChanceWing": 0.009999999776482582,
    "shootProgressThreshold": 0.8093000054359436,
    "tackleChance": 0.15639999508857727
  },
  "createdAt": "2026-04-30T10:05:22Z",
  "epoch": 549,
  "evaluation": {
    "avgGoals": 11.73,
    "avgOutOfBounds": 0.01,
    "avgPasses": 137.16,
    "avgShots": 40.82,
    "avgTackles": 5.12,
    "baselineAvgGoals": 5.835,
    "candidateAvgGoals": 5.896,
    "candidateWon": true,
    "earlyStop": null,
    "elapsedMs": 290,
    "games": 1000,
    "gamesPerSecond": 3448.28,
    "goalDiff": 61.0,
    "maxGames": 1000,
    "passCompletionRate": 0.915,
    "tackleSuccessRate": 1.0,
    "zScore": 0.352
  },
  "gamesPerEpoch": 1000,
  "name": "epoch-549",
  "opponent": {
    "parameters": {
      "forwardPassMinGain": 17.0,
      "markDistance": 61.0,
      "passChanceDefault": 0.05000000074505806,
      "passChanceForward": 0.06759999692440033,
      "passChancePressured": 0.35260000824928284,
      "passChanceWing": 0.009999999776482582,
      "shootProgressThreshold": 0.8093000054359436,
      "tackleChance": 0.15639999508857727
    },
    "sourceEpoch": 546
  },
  "session": "session-6"
}
