{
  "accepted": false,
  "candidate": {
    "parameters": {
      "forwardPassMinGain": 10.0,
      "markDistance": 69.0,
      "passChanceDefault": 0.01209999993443489,
      "passChanceForward": 0.15940000116825104,
      "passChancePressured": 0.3237999975681305,
      "passChanceWing": 0.009999999776482582,
      "shootProgressThreshold": 0.8151000142097473,
      "tackleChance": 0.15060000121593475
    }
  },
  "championEpoch": 755,
  "championParameters": {
    "forwardPassMinGain": 13.0,
    "markDistance": 69.0,
    "passChanceDefault": 0.004999999888241291,
    "passChanceForward": 0.1462000012397766,
    "passChancePressured": 0.3237999975681305,
    "passChanceWing": 0.009999999776482582,
    "shootProgressThreshold": 0.8151000142097473,
    "tackleChance": 0.18459999561309814
  },
  "createdAt": "2026-04-30T10:06:12Z",
  "epoch": 772,
  "evaluation": {
    "avgGoals": 12.15,
    "avgOutOfBounds": 0.01,
    "avgPasses": 126.76,
    "avgShots": 38.97,
    "avgTackles": 5.84,
    "baselineAvgGoals": 6.097,
    "candidateAvgGoals": 6.052,
    "candidateWon": false,
    "earlyStop": null,
    "elapsedMs": 290,
    "games": 1000,
    "gamesPerSecond": 3448.28,
    "goalDiff": -45.0,
    "maxGames": 1000,
    "passCompletionRate": 0.904,
    "tackleSuccessRate": 1.0,
    "zScore": -0.22
  },
  "gamesPerEpoch": 1000,
  "name": "epoch-772",
  "opponent": {
    "parameters": {
      "forwardPassMinGain": 13.0,
      "markDistance": 69.0,
      "passChanceDefault": 0.004999999888241291,
      "passChanceForward": 0.1462000012397766,
      "passChancePressured": 0.3237999975681305,
      "passChanceWing": 0.009999999776482582,
      "shootProgressThreshold": 0.8151000142097473,
      "tackleChance": 0.18459999561309814
    },
    "sourceEpoch": 755
  },
  "session": "session-6"
}
