{
  "accepted": false,
  "candidate": {
    "parameters": {
      "forwardPassMinGain": 15.0,
      "markDistance": 65.0,
      "passChanceDefault": 0.08030000329017639,
      "passChanceForward": 0.1348000019788742,
      "passChancePressured": 0.26820001006126404,
      "passChanceWing": 0.02459999918937683,
      "shootProgressThreshold": 0.7856000065803528,
      "tackleChance": 0.17810000479221344
    }
  },
  "championEpoch": 725,
  "championParameters": {
    "forwardPassMinGain": 15.0,
    "markDistance": 65.0,
    "passChanceDefault": 0.08150000125169754,
    "passChanceForward": 0.1348000019788742,
    "passChancePressured": 0.2799000144004822,
    "passChanceWing": 0.02459999918937683,
    "shootProgressThreshold": 0.8195000290870667,
    "tackleChance": 0.17810000479221344
  },
  "createdAt": "2026-04-30T10:06:02Z",
  "epoch": 727,
  "evaluation": {
    "avgGoals": 5.32,
    "avgOutOfBounds": 0.01,
    "avgPasses": 117.53,
    "avgShots": 104.21,
    "avgTackles": 2.79,
    "baselineAvgGoals": 3.28,
    "candidateAvgGoals": 2.04,
    "candidateWon": false,
    "earlyStop": "worse",
    "elapsedMs": 31,
    "games": 100,
    "gamesPerSecond": 3225.81,
    "goalDiff": -124.0,
    "maxGames": 1000,
    "passCompletionRate": 0.946,
    "tackleSuccessRate": 1.0,
    "zScore": -3.793
  },
  "gamesPerEpoch": 1000,
  "name": "epoch-727",
  "opponent": {
    "parameters": {
      "forwardPassMinGain": 15.0,
      "markDistance": 65.0,
      "passChanceDefault": 0.08150000125169754,
      "passChanceForward": 0.1348000019788742,
      "passChancePressured": 0.2799000144004822,
      "passChanceWing": 0.02459999918937683,
      "shootProgressThreshold": 0.8195000290870667,
      "tackleChance": 0.17810000479221344
    },
    "sourceEpoch": 725
  },
  "session": "session-6"
}
