{
  "accepted": false,
  "candidate": {
    "parameters": {
      "forwardPassMinGain": 16.0,
      "markDistance": 69.0,
      "passChanceDefault": 0.1168999969959259,
      "passChanceForward": 0.14169999957084656,
      "passChancePressured": 0.4000000059604645,
      "passChanceWing": 0.010499999858438969,
      "shootProgressThreshold": 0.8101000189781189,
      "tackleChance": 0.2199999988079071
    }
  },
  "championEpoch": 17,
  "championParameters": {
    "forwardPassMinGain": 18.0,
    "markDistance": 69.0,
    "passChanceDefault": 0.11509999632835388,
    "passChanceForward": 0.14169999957084656,
    "passChancePressured": 0.4000000059604645,
    "passChanceWing": 0.010499999858438969,
    "shootProgressThreshold": 0.8101000189781189,
    "tackleChance": 0.2199999988079071
  },
  "createdAt": "2026-04-30T10:03:21Z",
  "epoch": 20,
  "evaluation": {
    "avgGoals": 12.04,
    "avgOutOfBounds": 0.01,
    "avgPasses": 131.4,
    "avgShots": 37.82,
    "avgTackles": 5.79,
    "baselineAvgGoals": 6.04,
    "candidateAvgGoals": 6.0,
    "candidateWon": false,
    "earlyStop": null,
    "elapsedMs": 276,
    "games": 1000,
    "gamesPerSecond": 3623.19,
    "goalDiff": -40.0,
    "maxGames": 1000,
    "passCompletionRate": 0.907,
    "tackleSuccessRate": 1.0,
    "zScore": -0.193
  },
  "gamesPerEpoch": 1000,
  "name": "epoch-020",
  "opponent": {
    "parameters": {
      "forwardPassMinGain": 18.0,
      "markDistance": 69.0,
      "passChanceDefault": 0.11509999632835388,
      "passChanceForward": 0.14169999957084656,
      "passChancePressured": 0.4000000059604645,
      "passChanceWing": 0.010499999858438969,
      "shootProgressThreshold": 0.8101000189781189,
      "tackleChance": 0.2199999988079071
    },
    "sourceEpoch": 17
  },
  "session": "session-6"
}
