{
  "accepted": false,
  "candidate": {
    "parameters": {
      "forwardPassMinGain": 18.0,
      "markDistance": 68.0,
      "passChanceDefault": 0.1080000028014183,
      "passChanceForward": 0.18000000715255737,
      "passChancePressured": 0.39169999957084656,
      "passChanceWing": 0.02979999966919422,
      "shootProgressThreshold": 0.829200029373169,
      "tackleChance": 0.20749999582767487
    }
  },
  "championEpoch": 96,
  "championParameters": {
    "forwardPassMinGain": 18.0,
    "markDistance": 68.0,
    "passChanceDefault": 0.1080000028014183,
    "passChanceForward": 0.18000000715255737,
    "passChancePressured": 0.39169999957084656,
    "passChanceWing": 0.02979999966919422,
    "shootProgressThreshold": 0.8111000061035156,
    "tackleChance": 0.20749999582767487
  },
  "createdAt": "2026-04-30T10:03:37Z",
  "epoch": 98,
  "evaluation": {
    "avgGoals": 10.97,
    "avgOutOfBounds": 0.01,
    "avgPasses": 141.95,
    "avgShots": 37.38,
    "avgTackles": 5.4,
    "baselineAvgGoals": 5.586,
    "candidateAvgGoals": 5.379,
    "candidateWon": false,
    "earlyStop": null,
    "elapsedMs": 278,
    "games": 1000,
    "gamesPerSecond": 3597.12,
    "goalDiff": -207.0,
    "maxGames": 1000,
    "passCompletionRate": 0.917,
    "tackleSuccessRate": 1.0,
    "zScore": -1.123
  },
  "gamesPerEpoch": 1000,
  "name": "epoch-098",
  "opponent": {
    "parameters": {
      "forwardPassMinGain": 18.0,
      "markDistance": 68.0,
      "passChanceDefault": 0.1080000028014183,
      "passChanceForward": 0.18000000715255737,
      "passChancePressured": 0.39169999957084656,
      "passChanceWing": 0.02979999966919422,
      "shootProgressThreshold": 0.8111000061035156,
      "tackleChance": 0.20749999582767487
    },
    "sourceEpoch": 96
  },
  "session": "session-6"
}
