{
  "accepted": false,
  "candidate": {
    "parameters": {
      "forwardPassMinGain": 18.0,
      "markDistance": 72.0,
      "passChanceDefault": 0.10849999636411667,
      "passChanceForward": 0.06750000268220901,
      "passChancePressured": 0.39559999108314514,
      "passChanceWing": 0.009999999776482582,
      "shootProgressThreshold": 0.8120999932289124,
      "tackleChance": 0.15330000221729279
    }
  },
  "championEpoch": 500,
  "championParameters": {
    "forwardPassMinGain": 18.0,
    "markDistance": 66.0,
    "passChanceDefault": 0.10849999636411667,
    "passChanceForward": 0.06750000268220901,
    "passChancePressured": 0.39559999108314514,
    "passChanceWing": 0.009999999776482582,
    "shootProgressThreshold": 0.8120999932289124,
    "tackleChance": 0.15330000221729279
  },
  "createdAt": "2026-04-30T10:05:11Z",
  "epoch": 501,
  "evaluation": {
    "avgGoals": 11.71,
    "avgOutOfBounds": 0.01,
    "avgPasses": 128.19,
    "avgShots": 40.26,
    "avgTackles": 5.61,
    "baselineAvgGoals": 5.908,
    "candidateAvgGoals": 5.806,
    "candidateWon": false,
    "earlyStop": null,
    "elapsedMs": 285,
    "games": 1000,
    "gamesPerSecond": 3508.77,
    "goalDiff": -102.0,
    "maxGames": 1000,
    "passCompletionRate": 0.908,
    "tackleSuccessRate": 1.0,
    "zScore": -0.508
  },
  "gamesPerEpoch": 1000,
  "name": "epoch-501",
  "opponent": {
    "parameters": {
      "forwardPassMinGain": 18.0,
      "markDistance": 66.0,
      "passChanceDefault": 0.10849999636411667,
      "passChanceForward": 0.06750000268220901,
      "passChancePressured": 0.39559999108314514,
      "passChanceWing": 0.009999999776482582,
      "shootProgressThreshold": 0.8120999932289124,
      "tackleChance": 0.15330000221729279
    },
    "sourceEpoch": 500
  },
  "session": "session-6"
}
