{
  "accepted": false,
  "candidate": {
    "parameters": {
      "forwardPassMinGain": 12.0,
      "markDistance": 69.0,
      "passChanceDefault": 0.004999999888241291,
      "passChanceForward": 0.12849999964237213,
      "passChancePressured": 0.3237999975681305,
      "passChanceWing": 0.015599999576807022,
      "shootProgressThreshold": 0.8151000142097473,
      "tackleChance": 0.17910000681877136
    }
  },
  "championEpoch": 755,
  "championParameters": {
    "forwardPassMinGain": 13.0,
    "markDistance": 69.0,
    "passChanceDefault": 0.004999999888241291,
    "passChanceForward": 0.1462000012397766,
    "passChancePressured": 0.3237999975681305,
    "passChanceWing": 0.009999999776482582,
    "shootProgressThreshold": 0.8151000142097473,
    "tackleChance": 0.18459999561309814
  },
  "createdAt": "2026-04-30T10:06:09Z",
  "epoch": 757,
  "evaluation": {
    "avgGoals": 12.05,
    "avgOutOfBounds": 0.01,
    "avgPasses": 127.34,
    "avgShots": 38.88,
    "avgTackles": 5.81,
    "baselineAvgGoals": 6.113,
    "candidateAvgGoals": 5.934,
    "candidateWon": false,
    "earlyStop": null,
    "elapsedMs": 285,
    "games": 1000,
    "gamesPerSecond": 3508.77,
    "goalDiff": -179.0,
    "maxGames": 1000,
    "passCompletionRate": 0.903,
    "tackleSuccessRate": 1.0,
    "zScore": -0.872
  },
  "gamesPerEpoch": 1000,
  "name": "epoch-757",
  "opponent": {
    "parameters": {
      "forwardPassMinGain": 13.0,
      "markDistance": 69.0,
      "passChanceDefault": 0.004999999888241291,
      "passChanceForward": 0.1462000012397766,
      "passChancePressured": 0.3237999975681305,
      "passChanceWing": 0.009999999776482582,
      "shootProgressThreshold": 0.8151000142097473,
      "tackleChance": 0.18459999561309814
    },
    "sourceEpoch": 755
  },
  "session": "session-6"
}
