{
  "accepted": false,
  "candidate": {
    "parameters": {
      "forwardPassMinGain": 18.0,
      "markDistance": 64.0,
      "passChanceDefault": 0.08209999650716782,
      "passChanceForward": 0.1624000072479248,
      "passChancePressured": 0.4000000059604645,
      "passChanceWing": 0.03220000118017197,
      "shootProgressThreshold": 0.8065999746322632,
      "tackleChance": 0.2199999988079071
    }
  },
  "championEpoch": 913,
  "championParameters": {
    "forwardPassMinGain": 18.0,
    "markDistance": 64.0,
    "passChanceDefault": 0.07119999825954437,
    "passChanceForward": 0.16920000314712524,
    "passChancePressured": 0.4000000059604645,
    "passChanceWing": 0.009999999776482582,
    "shootProgressThreshold": 0.8130999803543091,
    "tackleChance": 0.2199999988079071
  },
  "createdAt": "2026-04-30T10:06:49Z",
  "epoch": 927,
  "evaluation": {
    "avgGoals": 11.65,
    "avgOutOfBounds": 0.01,
    "avgPasses": 141.99,
    "avgShots": 36.63,
    "avgTackles": 5.44,
    "baselineAvgGoals": 5.908,
    "candidateAvgGoals": 5.742,
    "candidateWon": false,
    "earlyStop": null,
    "elapsedMs": 288,
    "games": 1000,
    "gamesPerSecond": 3472.22,
    "goalDiff": -166.0,
    "maxGames": 1000,
    "passCompletionRate": 0.915,
    "tackleSuccessRate": 1.0,
    "zScore": -0.907
  },
  "gamesPerEpoch": 1000,
  "name": "epoch-927",
  "opponent": {
    "parameters": {
      "forwardPassMinGain": 18.0,
      "markDistance": 64.0,
      "passChanceDefault": 0.07119999825954437,
      "passChanceForward": 0.16920000314712524,
      "passChancePressured": 0.4000000059604645,
      "passChanceWing": 0.009999999776482582,
      "shootProgressThreshold": 0.8130999803543091,
      "tackleChance": 0.2199999988079071
    },
    "sourceEpoch": 913
  },
  "session": "session-6"
}
