{
  "accepted": false,
  "candidate": {
    "parameters": {
      "forwardPassMinGain": 18.0,
      "markDistance": 73.0,
      "passChanceDefault": 0.1670999974012375,
      "passChanceForward": 0.15809999406337738,
      "passChancePressured": 0.38420000672340393,
      "passChanceWing": 0.011599999852478504,
      "shootProgressThreshold": 0.7858999967575073,
      "tackleChance": 0.2199999988079071
    }
  },
  "championEpoch": 297,
  "championParameters": {
    "forwardPassMinGain": 18.0,
    "markDistance": 68.0,
    "passChanceDefault": 0.1670999974012375,
    "passChanceForward": 0.1339000016450882,
    "passChancePressured": 0.37290000915527344,
    "passChanceWing": 0.009999999776482582,
    "shootProgressThreshold": 0.8125,
    "tackleChance": 0.2199999988079071
  },
  "createdAt": "2026-04-30T10:04:25Z",
  "epoch": 301,
  "evaluation": {
    "avgGoals": 6.12,
    "avgOutOfBounds": 0.0,
    "avgPasses": 112.79,
    "avgShots": 100.09,
    "avgTackles": 3.85,
    "baselineAvgGoals": 3.86,
    "candidateAvgGoals": 2.26,
    "candidateWon": false,
    "earlyStop": "worse",
    "elapsedMs": 30,
    "games": 100,
    "gamesPerSecond": 3333.33,
    "goalDiff": -160.0,
    "maxGames": 1000,
    "passCompletionRate": 0.942,
    "tackleSuccessRate": 1.0,
    "zScore": -4.075
  },
  "gamesPerEpoch": 1000,
  "name": "epoch-301",
  "opponent": {
    "parameters": {
      "forwardPassMinGain": 18.0,
      "markDistance": 68.0,
      "passChanceDefault": 0.1670999974012375,
      "passChanceForward": 0.1339000016450882,
      "passChancePressured": 0.37290000915527344,
      "passChanceWing": 0.009999999776482582,
      "shootProgressThreshold": 0.8125,
      "tackleChance": 0.2199999988079071
    },
    "sourceEpoch": 297
  },
  "session": "session-6"
}
