{
  "accepted": false,
  "candidate": {
    "parameters": {
      "forwardPassMinGain": 16.0,
      "markDistance": 68.0,
      "passChanceDefault": 0.05009999871253967,
      "passChanceForward": 0.16930000483989716,
      "passChancePressured": 0.3950999975204468,
      "passChanceWing": 0.009999999776482582,
      "shootProgressThreshold": 0.8130999803543091,
      "tackleChance": 0.1899999976158142
    }
  },
  "championEpoch": 887,
  "championParameters": {
    "forwardPassMinGain": 16.0,
    "markDistance": 61.0,
    "passChanceDefault": 0.05009999871253967,
    "passChanceForward": 0.1671999990940094,
    "passChancePressured": 0.4000000059604645,
    "passChanceWing": 0.009999999776482582,
    "shootProgressThreshold": 0.8130999803543091,
    "tackleChance": 0.2012999951839447
  },
  "createdAt": "2026-04-30T10:06:41Z",
  "epoch": 892,
  "evaluation": {
    "avgGoals": 12.23,
    "avgOutOfBounds": 0.01,
    "avgPasses": 134.64,
    "avgShots": 37.99,
    "avgTackles": 5.46,
    "baselineAvgGoals": 6.182,
    "candidateAvgGoals": 6.049,
    "candidateWon": false,
    "earlyStop": null,
    "elapsedMs": 287,
    "games": 1000,
    "gamesPerSecond": 3484.32,
    "goalDiff": -133.0,
    "maxGames": 1000,
    "passCompletionRate": 0.907,
    "tackleSuccessRate": 1.0,
    "zScore": -0.684
  },
  "gamesPerEpoch": 1000,
  "name": "epoch-892",
  "opponent": {
    "parameters": {
      "forwardPassMinGain": 16.0,
      "markDistance": 61.0,
      "passChanceDefault": 0.05009999871253967,
      "passChanceForward": 0.1671999990940094,
      "passChancePressured": 0.4000000059604645,
      "passChanceWing": 0.009999999776482582,
      "shootProgressThreshold": 0.8130999803543091,
      "tackleChance": 0.2012999951839447
    },
    "sourceEpoch": 887
  },
  "session": "session-6"
}
