{
  "accepted": false,
  "candidate": {
    "parameters": {
      "forwardPassMinGain": 18.0,
      "markDistance": 68.0,
      "passChanceDefault": 0.11100000143051147,
      "passChanceForward": 0.18000000715255737,
      "passChancePressured": 0.36550000309944153,
      "passChanceWing": 0.043800000101327896,
      "shootProgressThreshold": 0.8417999744415283,
      "tackleChance": 0.1738000065088272
    }
  },
  "championEpoch": 99,
  "championParameters": {
    "forwardPassMinGain": 18.0,
    "markDistance": 68.0,
    "passChanceDefault": 0.12409999966621399,
    "passChanceForward": 0.18000000715255737,
    "passChancePressured": 0.39169999957084656,
    "passChanceWing": 0.02979999966919422,
    "shootProgressThreshold": 0.8119000196456909,
    "tackleChance": 0.20749999582767487
  },
  "createdAt": "2026-04-30T10:03:40Z",
  "epoch": 109,
  "evaluation": {
    "avgGoals": 10.28,
    "avgOutOfBounds": 0.01,
    "avgPasses": 144.43,
    "avgShots": 40.19,
    "avgTackles": 4.85,
    "baselineAvgGoals": 5.485,
    "candidateAvgGoals": 4.791,
    "candidateWon": false,
    "earlyStop": "worse",
    "elapsedMs": 119,
    "games": 425,
    "gamesPerSecond": 3571.43,
    "goalDiff": -295.0,
    "maxGames": 1000,
    "passCompletionRate": 0.922,
    "tackleSuccessRate": 1.0,
    "zScore": -2.548
  },
  "gamesPerEpoch": 1000,
  "name": "epoch-109",
  "opponent": {
    "parameters": {
      "forwardPassMinGain": 18.0,
      "markDistance": 68.0,
      "passChanceDefault": 0.12409999966621399,
      "passChanceForward": 0.18000000715255737,
      "passChancePressured": 0.39169999957084656,
      "passChanceWing": 0.02979999966919422,
      "shootProgressThreshold": 0.8119000196456909,
      "tackleChance": 0.20749999582767487
    },
    "sourceEpoch": 99
  },
  "session": "session-6"
}
