{
  "accepted": false,
  "candidate": {
    "parameters": {
      "forwardPassMinGain": 18.0,
      "markDistance": 61.0,
      "passChanceDefault": 0.08340000361204147,
      "passChanceForward": 0.1054999977350235,
      "passChancePressured": 0.38909998536109924,
      "passChanceWing": 0.027799999341368675,
      "shootProgressThreshold": 0.8919000029563904,
      "tackleChance": 0.18970000743865967
    }
  },
  "championEpoch": 150,
  "championParameters": {
    "forwardPassMinGain": 18.0,
    "markDistance": 68.0,
    "passChanceDefault": 0.08340000361204147,
    "passChanceForward": 0.1054999977350235,
    "passChancePressured": 0.4000000059604645,
    "passChanceWing": 0.020600000396370888,
    "shootProgressThreshold": 0.8080000281333923,
    "tackleChance": 0.18970000743865967
  },
  "createdAt": "2026-04-30T10:03:51Z",
  "epoch": 152,
  "evaluation": {
    "avgGoals": 3.29,
    "avgOutOfBounds": 0.01,
    "avgPasses": 135.03,
    "avgShots": 81.77,
    "avgTackles": 5.88,
    "baselineAvgGoals": 2.88,
    "candidateAvgGoals": 0.41,
    "candidateWon": false,
    "earlyStop": "worse",
    "elapsedMs": 29,
    "games": 100,
    "gamesPerSecond": 3448.28,
    "goalDiff": -247.0,
    "maxGames": 1000,
    "passCompletionRate": 0.901,
    "tackleSuccessRate": 1.0,
    "zScore": -8.599
  },
  "gamesPerEpoch": 1000,
  "name": "epoch-152",
  "opponent": {
    "parameters": {
      "forwardPassMinGain": 18.0,
      "markDistance": 68.0,
      "passChanceDefault": 0.08340000361204147,
      "passChanceForward": 0.1054999977350235,
      "passChancePressured": 0.4000000059604645,
      "passChanceWing": 0.020600000396370888,
      "shootProgressThreshold": 0.8080000281333923,
      "tackleChance": 0.18970000743865967
    },
    "sourceEpoch": 150
  },
  "session": "session-6"
}
