{
  "accepted": false,
  "candidate": {
    "parameters": {
      "forwardPassMinGain": 12.0,
      "markDistance": 70.0,
      "passChanceDefault": 0.18299999833106995,
      "passChanceForward": 0.07729999721050262,
      "passChancePressured": 0.38960000872612,
      "passChanceWing": 0.07000000029802322,
      "shootProgressThreshold": 0.8098999857902527,
      "tackleChance": 0.20059999823570251
    }
  },
  "championEpoch": 365,
  "championParameters": {
    "forwardPassMinGain": 12.0,
    "markDistance": 70.0,
    "passChanceDefault": 0.17440000176429749,
    "passChanceForward": 0.07729999721050262,
    "passChancePressured": 0.38960000872612,
    "passChanceWing": 0.009999999776482582,
    "shootProgressThreshold": 0.8098999857902527,
    "tackleChance": 0.20059999823570251
  },
  "createdAt": "2026-04-30T10:04:42Z",
  "epoch": 382,
  "evaluation": {
    "avgGoals": 10.32,
    "avgOutOfBounds": 0.0,
    "avgPasses": 148.45,
    "avgShots": 34.32,
    "avgTackles": 5.26,
    "baselineAvgGoals": 5.282,
    "candidateAvgGoals": 5.033,
    "candidateWon": false,
    "earlyStop": null,
    "elapsedMs": 294,
    "games": 1000,
    "gamesPerSecond": 3401.36,
    "goalDiff": -249.0,
    "maxGames": 1000,
    "passCompletionRate": 0.922,
    "tackleSuccessRate": 1.0,
    "zScore": -1.368
  },
  "gamesPerEpoch": 1000,
  "name": "epoch-382",
  "opponent": {
    "parameters": {
      "forwardPassMinGain": 12.0,
      "markDistance": 70.0,
      "passChanceDefault": 0.17440000176429749,
      "passChanceForward": 0.07729999721050262,
      "passChancePressured": 0.38960000872612,
      "passChanceWing": 0.009999999776482582,
      "shootProgressThreshold": 0.8098999857902527,
      "tackleChance": 0.20059999823570251
    },
    "sourceEpoch": 365
  },
  "session": "session-6"
}
