{
  "accepted": false,
  "candidate": {
    "parameters": {
      "forwardPassMinGain": 18.0,
      "markDistance": 67.0,
      "passChanceDefault": 0.07119999825954437,
      "passChanceForward": 0.18000000715255737,
      "passChancePressured": 0.34549999237060547,
      "passChanceWing": 0.009999999776482582,
      "shootProgressThreshold": 0.7857999801635742,
      "tackleChance": 0.2199999988079071
    }
  },
  "championEpoch": 913,
  "championParameters": {
    "forwardPassMinGain": 18.0,
    "markDistance": 64.0,
    "passChanceDefault": 0.07119999825954437,
    "passChanceForward": 0.16920000314712524,
    "passChancePressured": 0.4000000059604645,
    "passChanceWing": 0.009999999776482582,
    "shootProgressThreshold": 0.8130999803543091,
    "tackleChance": 0.2199999988079071
  },
  "createdAt": "2026-04-30T10:06:49Z",
  "epoch": 931,
  "evaluation": {
    "avgGoals": 6.02,
    "avgOutOfBounds": 0.01,
    "avgPasses": 116.32,
    "avgShots": 100.8,
    "avgTackles": 3.5,
    "baselineAvgGoals": 3.49,
    "candidateAvgGoals": 2.53,
    "candidateWon": false,
    "earlyStop": "worse",
    "elapsedMs": 31,
    "games": 100,
    "gamesPerSecond": 3225.81,
    "goalDiff": -96.0,
    "maxGames": 1000,
    "passCompletionRate": 0.932,
    "tackleSuccessRate": 1.0,
    "zScore": -2.702
  },
  "gamesPerEpoch": 1000,
  "name": "epoch-931",
  "opponent": {
    "parameters": {
      "forwardPassMinGain": 18.0,
      "markDistance": 64.0,
      "passChanceDefault": 0.07119999825954437,
      "passChanceForward": 0.16920000314712524,
      "passChancePressured": 0.4000000059604645,
      "passChanceWing": 0.009999999776482582,
      "shootProgressThreshold": 0.8130999803543091,
      "tackleChance": 0.2199999988079071
    },
    "sourceEpoch": 913
  },
  "session": "session-6"
}
