{
  "accepted": false,
  "candidate": {
    "parameters": {
      "forwardPassMinGain": 15.0,
      "markDistance": 71.0,
      "passChanceDefault": 0.11460000276565552,
      "passChanceForward": 0.14730000495910645,
      "passChancePressured": 0.36169999837875366,
      "passChanceWing": 0.009999999776482582,
      "shootProgressThreshold": 0.784500002861023,
      "tackleChance": 0.20749999582767487
    }
  },
  "championEpoch": 81,
  "championParameters": {
    "forwardPassMinGain": 16.0,
    "markDistance": 71.0,
    "passChanceDefault": 0.11640000343322754,
    "passChanceForward": 0.14730000495910645,
    "passChancePressured": 0.36169999837875366,
    "passChanceWing": 0.009999999776482582,
    "shootProgressThreshold": 0.8101000189781189,
    "tackleChance": 0.20749999582767487
  },
  "createdAt": "2026-04-30T10:03:34Z",
  "epoch": 83,
  "evaluation": {
    "avgGoals": 5.33,
    "avgOutOfBounds": 0.0,
    "avgPasses": 110.48,
    "avgShots": 107.87,
    "avgTackles": 3.72,
    "baselineAvgGoals": 3.61,
    "candidateAvgGoals": 1.72,
    "candidateWon": false,
    "earlyStop": "worse",
    "elapsedMs": 29,
    "games": 100,
    "gamesPerSecond": 3448.28,
    "goalDiff": -189.0,
    "maxGames": 1000,
    "passCompletionRate": 0.949,
    "tackleSuccessRate": 1.0,
    "zScore": -5.07
  },
  "gamesPerEpoch": 1000,
  "name": "epoch-083",
  "opponent": {
    "parameters": {
      "forwardPassMinGain": 16.0,
      "markDistance": 71.0,
      "passChanceDefault": 0.11640000343322754,
      "passChanceForward": 0.14730000495910645,
      "passChancePressured": 0.36169999837875366,
      "passChanceWing": 0.009999999776482582,
      "shootProgressThreshold": 0.8101000189781189,
      "tackleChance": 0.20749999582767487
    },
    "sourceEpoch": 81
  },
  "session": "session-6"
}
