{
  "accepted": false,
  "candidate": {
    "parameters": {
      "forwardPassMinGain": 11.0,
      "markDistance": 64.0,
      "passChanceDefault": 0.12229999899864197,
      "passChanceForward": 0.09539999812841415,
      "passChancePressured": 0.3580999970436096,
      "passChanceWing": 0.009999999776482582,
      "shootProgressThreshold": 0.8457000255584717,
      "tackleChance": 0.2045000046491623
    }
  },
  "championEpoch": 203,
  "championParameters": {
    "forwardPassMinGain": 11.0,
    "markDistance": 66.0,
    "passChanceDefault": 0.12229999899864197,
    "passChanceForward": 0.1281999945640564,
    "passChancePressured": 0.4000000059604645,
    "passChanceWing": 0.009999999776482582,
    "shootProgressThreshold": 0.8113999962806702,
    "tackleChance": 0.21979999542236328
  },
  "createdAt": "2026-04-30T10:04:04Z",
  "epoch": 207,
  "evaluation": {
    "avgGoals": 10.37,
    "avgOutOfBounds": 0.01,
    "avgPasses": 136.42,
    "avgShots": 45.14,
    "avgTackles": 5.04,
    "baselineAvgGoals": 5.447,
    "candidateAvgGoals": 4.923,
    "candidateWon": false,
    "earlyStop": "worse",
    "elapsedMs": 195,
    "games": 675,
    "gamesPerSecond": 3461.54,
    "goalDiff": -354.0,
    "maxGames": 1000,
    "passCompletionRate": 0.913,
    "tackleSuccessRate": 1.0,
    "zScore": -2.576
  },
  "gamesPerEpoch": 1000,
  "name": "epoch-207",
  "opponent": {
    "parameters": {
      "forwardPassMinGain": 11.0,
      "markDistance": 66.0,
      "passChanceDefault": 0.12229999899864197,
      "passChanceForward": 0.1281999945640564,
      "passChancePressured": 0.4000000059604645,
      "passChanceWing": 0.009999999776482582,
      "shootProgressThreshold": 0.8113999962806702,
      "tackleChance": 0.21979999542236328
    },
    "sourceEpoch": 203
  },
  "session": "session-6"
}
