{
  "accepted": false,
  "candidate": {
    "parameters": {
      "forwardPassMinGain": 16.0,
      "markDistance": 64.0,
      "passChanceDefault": 0.004999999888241291,
      "passChanceForward": 0.1728000044822693,
      "passChancePressured": 0.3752000033855438,
      "passChanceWing": 0.02850000001490116,
      "shootProgressThreshold": 0.800000011920929,
      "tackleChance": 0.1542000025510788
    }
  },
  "championEpoch": 785,
  "championParameters": {
    "forwardPassMinGain": 16.0,
    "markDistance": 64.0,
    "passChanceDefault": 0.004999999888241291,
    "passChanceForward": 0.1728000044822693,
    "passChancePressured": 0.3752000033855438,
    "passChanceWing": 0.02850000001490116,
    "shootProgressThreshold": 0.800000011920929,
    "tackleChance": 0.18459999561309814
  },
  "createdAt": "2026-04-30T10:06:15Z",
  "epoch": 787,
  "evaluation": {
    "avgGoals": 11.06,
    "avgOutOfBounds": 0.01,
    "avgPasses": 140.42,
    "avgShots": 42.16,
    "avgTackles": 5.63,
    "baselineAvgGoals": 5.585,
    "candidateAvgGoals": 5.476,
    "candidateWon": false,
    "earlyStop": null,
    "elapsedMs": 294,
    "games": 1000,
    "gamesPerSecond": 3401.36,
    "goalDiff": -109.0,
    "maxGames": 1000,
    "passCompletionRate": 0.926,
    "tackleSuccessRate": 1.0,
    "zScore": -0.625
  },
  "gamesPerEpoch": 1000,
  "name": "epoch-787",
  "opponent": {
    "parameters": {
      "forwardPassMinGain": 16.0,
      "markDistance": 64.0,
      "passChanceDefault": 0.004999999888241291,
      "passChanceForward": 0.1728000044822693,
      "passChancePressured": 0.3752000033855438,
      "passChanceWing": 0.02850000001490116,
      "shootProgressThreshold": 0.800000011920929,
      "tackleChance": 0.18459999561309814
    },
    "sourceEpoch": 785
  },
  "session": "session-6"
}
