{
  "accepted": false,
  "candidate": {
    "parameters": {
      "forwardPassMinGain": 17.0,
      "markDistance": 71.0,
      "passChanceDefault": 0.11990000307559967,
      "passChanceForward": 0.16050000488758087,
      "passChancePressured": 0.4000000059604645,
      "passChanceWing": 0.009999999776482582,
      "shootProgressThreshold": 0.7925999760627747,
      "tackleChance": 0.18230000138282776
    }
  },
  "championEpoch": 58,
  "championParameters": {
    "forwardPassMinGain": 17.0,
    "markDistance": 68.0,
    "passChanceDefault": 0.11990000307559967,
    "passChanceForward": 0.15119999647140503,
    "passChancePressured": 0.4000000059604645,
    "passChanceWing": 0.009999999776482582,
    "shootProgressThreshold": 0.8101000189781189,
    "tackleChance": 0.20749999582767487
  },
  "createdAt": "2026-04-30T10:03:31Z",
  "epoch": 69,
  "evaluation": {
    "avgGoals": 9.55,
    "avgOutOfBounds": 0.0,
    "avgPasses": 124.55,
    "avgShots": 63.02,
    "avgTackles": 5.24,
    "baselineAvgGoals": 5.297,
    "candidateAvgGoals": 4.257,
    "candidateWon": false,
    "earlyStop": "worse",
    "elapsedMs": 49,
    "games": 175,
    "gamesPerSecond": 3571.43,
    "goalDiff": -182.0,
    "maxGames": 1000,
    "passCompletionRate": 0.925,
    "tackleSuccessRate": 1.0,
    "zScore": -2.52
  },
  "gamesPerEpoch": 1000,
  "name": "epoch-069",
  "opponent": {
    "parameters": {
      "forwardPassMinGain": 17.0,
      "markDistance": 68.0,
      "passChanceDefault": 0.11990000307559967,
      "passChanceForward": 0.15119999647140503,
      "passChancePressured": 0.4000000059604645,
      "passChanceWing": 0.009999999776482582,
      "shootProgressThreshold": 0.8101000189781189,
      "tackleChance": 0.20749999582767487
    },
    "sourceEpoch": 58
  },
  "session": "session-6"
}
