{
  "accepted": false,
  "candidate": {
    "parameters": {
      "forwardPassMinGain": 12.0,
      "markDistance": 61.0,
      "passChanceDefault": 0.008299999870359898,
      "passChanceForward": 0.16779999434947968,
      "passChancePressured": 0.32850000262260437,
      "passChanceWing": 0.009999999776482582,
      "shootProgressThreshold": 0.8137999773025513,
      "tackleChance": 0.17900000512599945
    }
  },
  "championEpoch": 817,
  "championParameters": {
    "forwardPassMinGain": 12.0,
    "markDistance": 65.0,
    "passChanceDefault": 0.008299999870359898,
    "passChanceForward": 0.17020000517368317,
    "passChancePressured": 0.37220001220703125,
    "passChanceWing": 0.009999999776482582,
    "shootProgressThreshold": 0.8137999773025513,
    "tackleChance": 0.17900000512599945
  },
  "createdAt": "2026-04-30T10:06:24Z",
  "epoch": 822,
  "evaluation": {
    "avgGoals": 12.27,
    "avgOutOfBounds": 0.01,
    "avgPasses": 135.21,
    "avgShots": 38.56,
    "avgTackles": 5.26,
    "baselineAvgGoals": 6.174,
    "candidateAvgGoals": 6.099,
    "candidateWon": false,
    "earlyStop": null,
    "elapsedMs": 287,
    "games": 1000,
    "gamesPerSecond": 3484.32,
    "goalDiff": -75.0,
    "maxGames": 1000,
    "passCompletionRate": 0.909,
    "tackleSuccessRate": 1.0,
    "zScore": -0.389
  },
  "gamesPerEpoch": 1000,
  "name": "epoch-822",
  "opponent": {
    "parameters": {
      "forwardPassMinGain": 12.0,
      "markDistance": 65.0,
      "passChanceDefault": 0.008299999870359898,
      "passChanceForward": 0.17020000517368317,
      "passChancePressured": 0.37220001220703125,
      "passChanceWing": 0.009999999776482582,
      "shootProgressThreshold": 0.8137999773025513,
      "tackleChance": 0.17900000512599945
    },
    "sourceEpoch": 817
  },
  "session": "session-6"
}
