{
  "accepted": false,
  "candidate": {
    "parameters": {
      "forwardPassMinGain": 14.0,
      "markDistance": 64.0,
      "passChanceDefault": 0.0406000018119812,
      "passChanceForward": 0.17260000109672546,
      "passChancePressured": 0.4000000059604645,
      "passChanceWing": 0.009999999776482582,
      "shootProgressThreshold": 0.8130999803543091,
      "tackleChance": 0.1720999926328659
    }
  },
  "championEpoch": 854,
  "championParameters": {
    "forwardPassMinGain": 11.0,
    "markDistance": 64.0,
    "passChanceDefault": 0.0406000018119812,
    "passChanceForward": 0.16009999811649323,
    "passChancePressured": 0.4000000059604645,
    "passChanceWing": 0.009999999776482582,
    "shootProgressThreshold": 0.8130999803543091,
    "tackleChance": 0.1720999926328659
  },
  "createdAt": "2026-04-30T10:06:34Z",
  "epoch": 865,
  "evaluation": {
    "avgGoals": 12.1,
    "avgOutOfBounds": 0.01,
    "avgPasses": 136.83,
    "avgShots": 37.78,
    "avgTackles": 5.23,
    "baselineAvgGoals": 6.08,
    "candidateAvgGoals": 6.023,
    "candidateWon": false,
    "earlyStop": null,
    "elapsedMs": 294,
    "games": 1000,
    "gamesPerSecond": 3401.36,
    "goalDiff": -57.0,
    "maxGames": 1000,
    "passCompletionRate": 0.908,
    "tackleSuccessRate": 1.0,
    "zScore": -0.292
  },
  "gamesPerEpoch": 1000,
  "name": "epoch-865",
  "opponent": {
    "parameters": {
      "forwardPassMinGain": 11.0,
      "markDistance": 64.0,
      "passChanceDefault": 0.0406000018119812,
      "passChanceForward": 0.16009999811649323,
      "passChancePressured": 0.4000000059604645,
      "passChanceWing": 0.009999999776482582,
      "shootProgressThreshold": 0.8130999803543091,
      "tackleChance": 0.1720999926328659
    },
    "sourceEpoch": 854
  },
  "session": "session-6"
}
