{
  "accepted": false,
  "candidate": {
    "parameters": {
      "forwardPassMinGain": 13.0,
      "markDistance": 65.0,
      "passChanceDefault": 0.11219999939203262,
      "passChanceForward": 0.1500999927520752,
      "passChancePressured": 0.38429999351501465,
      "passChanceWing": 0.01600000075995922,
      "shootProgressThreshold": 0.7975999712944031,
      "tackleChance": 0.2199999988079071
    }
  },
  "championEpoch": 50,
  "championParameters": {
    "forwardPassMinGain": 14.0,
    "markDistance": 68.0,
    "passChanceDefault": 0.133200004696846,
    "passChanceForward": 0.1500999927520752,
    "passChancePressured": 0.3806999921798706,
    "passChanceWing": 0.009999999776482582,
    "shootProgressThreshold": 0.8101000189781189,
    "tackleChance": 0.2199999988079071
  },
  "createdAt": "2026-04-30T10:03:28Z",
  "epoch": 53,
  "evaluation": {
    "avgGoals": 10.95,
    "avgOutOfBounds": 0.01,
    "avgPasses": 135.8,
    "avgShots": 44.6,
    "avgTackles": 5.64,
    "baselineAvgGoals": 5.605,
    "candidateAvgGoals": 5.34,
    "candidateWon": false,
    "earlyStop": null,
    "elapsedMs": 280,
    "games": 1000,
    "gamesPerSecond": 3571.43,
    "goalDiff": -265.0,
    "maxGames": 1000,
    "passCompletionRate": 0.923,
    "tackleSuccessRate": 1.0,
    "zScore": -1.459
  },
  "gamesPerEpoch": 1000,
  "name": "epoch-053",
  "opponent": {
    "parameters": {
      "forwardPassMinGain": 14.0,
      "markDistance": 68.0,
      "passChanceDefault": 0.133200004696846,
      "passChanceForward": 0.1500999927520752,
      "passChancePressured": 0.3806999921798706,
      "passChanceWing": 0.009999999776482582,
      "shootProgressThreshold": 0.8101000189781189,
      "tackleChance": 0.2199999988079071
    },
    "sourceEpoch": 50
  },
  "session": "session-6"
}
