{
  "accepted": false,
  "candidate": {
    "parameters": {
      "forwardPassMinGain": 18.0,
      "markDistance": 66.0,
      "passChanceDefault": 0.13819999992847443,
      "passChanceForward": 0.060499999672174454,
      "passChancePressured": 0.4000000059604645,
      "passChanceWing": 0.009999999776482582,
      "shootProgressThreshold": 0.8621000051498413,
      "tackleChance": 0.15330000221729279
    }
  },
  "championEpoch": 494,
  "championParameters": {
    "forwardPassMinGain": 18.0,
    "markDistance": 66.0,
    "passChanceDefault": 0.13379999995231628,
    "passChanceForward": 0.07760000228881836,
    "passChancePressured": 0.4000000059604645,
    "passChanceWing": 0.009999999776482582,
    "shootProgressThreshold": 0.8120999932289124,
    "tackleChance": 0.15330000221729279
  },
  "createdAt": "2026-04-30T10:05:10Z",
  "epoch": 498,
  "evaluation": {
    "avgGoals": 8.4,
    "avgOutOfBounds": 0.01,
    "avgPasses": 129.06,
    "avgShots": 56.84,
    "avgTackles": 4.87,
    "baselineAvgGoals": 4.77,
    "candidateAvgGoals": 3.63,
    "candidateWon": false,
    "earlyStop": "worse",
    "elapsedMs": 29,
    "games": 100,
    "gamesPerSecond": 3448.28,
    "goalDiff": -114.0,
    "maxGames": 1000,
    "passCompletionRate": 0.914,
    "tackleSuccessRate": 1.0,
    "zScore": -2.746
  },
  "gamesPerEpoch": 1000,
  "name": "epoch-498",
  "opponent": {
    "parameters": {
      "forwardPassMinGain": 18.0,
      "markDistance": 66.0,
      "passChanceDefault": 0.13379999995231628,
      "passChanceForward": 0.07760000228881836,
      "passChancePressured": 0.4000000059604645,
      "passChanceWing": 0.009999999776482582,
      "shootProgressThreshold": 0.8120999932289124,
      "tackleChance": 0.15330000221729279
    },
    "sourceEpoch": 494
  },
  "session": "session-6"
}
