{
  "accepted": false,
  "candidate": {
    "parameters": {
      "forwardPassMinGain": 11.0,
      "markDistance": 68.0,
      "passChanceDefault": 0.005900000222027302,
      "passChanceForward": 0.11320000141859055,
      "passChancePressured": 0.26739999651908875,
      "passChanceWing": 0.037300001829862595,
      "shootProgressThreshold": 0.8073999881744385,
      "tackleChance": 0.21789999306201935
    }
  },
  "championEpoch": 618,
  "championParameters": {
    "forwardPassMinGain": 9.0,
    "markDistance": 65.0,
    "passChanceDefault": 0.005900000222027302,
    "passChanceForward": 0.10270000249147415,
    "passChancePressured": 0.26739999651908875,
    "passChanceWing": 0.009999999776482582,
    "shootProgressThreshold": 0.8137000203132629,
    "tackleChance": 0.2199999988079071
  },
  "createdAt": "2026-04-30T10:05:39Z",
  "epoch": 625,
  "evaluation": {
    "avgGoals": 11.5,
    "avgOutOfBounds": 0.0,
    "avgPasses": 137.07,
    "avgShots": 37.79,
    "avgTackles": 5.65,
    "baselineAvgGoals": 5.816,
    "candidateAvgGoals": 5.682,
    "candidateWon": false,
    "earlyStop": null,
    "elapsedMs": 290,
    "games": 1000,
    "gamesPerSecond": 3448.28,
    "goalDiff": -134.0,
    "maxGames": 1000,
    "passCompletionRate": 0.916,
    "tackleSuccessRate": 1.0,
    "zScore": -0.75
  },
  "gamesPerEpoch": 1000,
  "name": "epoch-625",
  "opponent": {
    "parameters": {
      "forwardPassMinGain": 9.0,
      "markDistance": 65.0,
      "passChanceDefault": 0.005900000222027302,
      "passChanceForward": 0.10270000249147415,
      "passChancePressured": 0.26739999651908875,
      "passChanceWing": 0.009999999776482582,
      "shootProgressThreshold": 0.8137000203132629,
      "tackleChance": 0.2199999988079071
    },
    "sourceEpoch": 618
  },
  "session": "session-6"
}
