{
  "createdAt": "2026-05-06T02:35:27Z",
  "epoch": 0,
  "name": "epoch-000-baseline",
  "playerParams": [
    {
      "decisions": {
        "aggression": 1.3300000429153442,
        "forwardPassMinGain": 4.7743000984191895,
        "markDistance": 84.09269714355469,
        "passChanceDefault": 0.10440000146627426,
        "passChanceForward": 0.031300000846385956,
        "passChancePressured": 0.37929999828338623,
        "passChanceWing": 0.09619999676942825,
        "passDirDefensive": 0.0934000015258789,
        "passDirNeutral": 1.847100019454956,
        "passDirOffensive": 1.0815000534057617,
        "riskAppetite": 0.8528000116348267,
        "shootProgressThreshold": 0.5515000224113464,
        "tackleChance": 0.07500000298023224
      },
      "gk": null,
      "spatial": {
        "ball": {
          "max": 501.3369140625,
          "min": 114.63279724121094,
          "preferred": 205.49839782714844
        },
        "opponent": {
          "max": 264.343505859375,
          "min": 0.0,
          "preferred": 45.26839828491211
        },
        "ownGoal": {
          "max": 835.5451049804688,
          "min": 397.22979736328125,
          "preferred": 545.4843139648438
        },
        "side": {
          "max": 281.78070068359375,
          "min": 92.54830169677734,
          "preferred": 238.2841033935547
        },
        "teammate": {
          "max": 362.26239013671875,
          "min": 153.98989868164062,
          "preferred": 181.13229370117188
        }
      }
    },
    {
      "decisions": {
        "aggression": 0.2206999957561493,
        "forwardPassMinGain": 15.765999794006348,
        "markDistance": 32.0004997253418,
        "passChanceDefault": 0.004999999888241291,
        "passChanceForward": 0.059300001710653305,
        "passChancePressured": 0.09809999912977219,
        "passChanceWing": 0.15850000083446503,
        "passDirDefensive": 0.0,
        "passDirNeutral": 1.6289000511169434,
        "passDirOffensive": 1.218500018119812,
        "riskAppetite": 0.4366999864578247,
        "shootProgressThreshold": 0.6078000068664551,
        "tackleChance": 0.21289999783039093
      },
      "gk": null,
      "spatial": {
        "ball": {
          "max": 26.006099700927734,
          "min": 6.215799808502197,
          "preferred": 6.215799808502197
        },
        "opponent": {
          "max": 109.591796875,
          "min": 55.772098541259766,
          "preferred": 103.24410247802734
        },
        "ownGoal": {
          "max": 850.1082153320312,
          "min": 223.78329467773438,
          "preferred": 263.2255859375
        },
        "side": {
          "max": 331.1288146972656,
          "min": 33.242801666259766,
          "preferred": 175.95550537109375
        },
        "teammate": {
          "max": 400.0,
          "min": 222.01890563964844,
          "preferred": 379.658203125
        }
      }
    },
    {
      "decisions": {
        "aggression": 1.857200026512146,
        "forwardPassMinGain": 14.80109977722168,
        "markDistance": 47.1505012512207,
        "passChanceDefault": 0.16899999976158142,
        "passChanceForward": 0.13729999959468842,
        "passChancePressured": 0.2207999974489212,
        "passChanceWing": 0.014999999664723873,
        "passDirDefensive": 0.15070000290870667,
        "passDirNeutral": 0.8769000172615051,
        "passDirOffensive": 2.0,
        "riskAppetite": 0.4555000066757202,
        "shootProgressThreshold": 0.8999999761581421,
        "tackleChance": 0.16369999945163727
      },
      "gk": null,
      "spatial": {
        "ball": {
          "max": 25.25029945373535,
          "min": 15.982399940490723,
          "preferred": 15.982399940490723
        },
        "opponent": {
          "max": 228.67860412597656,
          "min": 0.0,
          "preferred": 69.24909973144531
        },
        "ownGoal": {
          "max": 194.75819396972656,
          "min": 106.30580139160156,
          "preferred": 175.05780029296875
        },
        "side": {
          "max": 318.90618896484375,
          "min": 298.135986328125,
          "preferred": 298.135986328125
        },
        "teammate": {
          "max": 136.31919860839844,
          "min": 97.19719696044922,
          "preferred": 119.5896987915039
        }
      }
    },
    {
      "decisions": {
        "aggression": 1.343400001525879,
        "forwardPassMinGain": 12.358499526977539,
        "markDistance": 29.814699172973633,
        "passChanceDefault": 0.1696999967098236,
        "passChanceForward": 0.004999999888241291,
        "passChancePressured": 0.10859999805688858,
        "passChanceWing": 0.25,
        "passDirDefensive": 1.4118000268936157,
        "passDirNeutral": 0.902999997138977,
        "passDirOffensive": 0.8938000202178955,
        "riskAppetite": 0.30820000171661377,
        "shootProgressThreshold": 0.7228999733924866,
        "tackleChance": 0.14110000431537628
      },
      "gk": null,
      "spatial": {
        "ball": {
          "max": 441.6726989746094,
          "min": 73.1957015991211,
          "preferred": 209.84620666503906
        },
        "opponent": {
          "max": 394.67291259765625,
          "min": 117.4166030883789,
          "preferred": 183.50030517578125
        },
        "ownGoal": {
          "max": 409.718994140625,
          "min": 353.2034912109375,
          "preferred": 409.718994140625
        },
        "side": {
          "max": 151.2666015625,
          "min": 129.07730102539062,
          "preferred": 145.88369750976562
        },
        "teammate": {
          "max": 77.60209655761719,
          "min": 62.845699310302734,
          "preferred": 77.60209655761719
        }
      }
    },
    {
      "decisions": {
        "aggression": 0.5266000032424927,
        "forwardPassMinGain": 4.054900169372559,
        "markDistance": 78.98400115966797,
        "passChanceDefault": 0.20000000298023224,
        "passChanceForward": 0.04769999906420708,
        "passChancePressured": 0.3725999891757965,
        "passChanceWing": 0.18369999527931213,
        "passDirDefensive": 0.6363000273704529,
        "passDirNeutral": 0.325300008058548,
        "passDirOffensive": 1.3034000396728516,
        "riskAppetite": 0.9434000253677368,
        "shootProgressThreshold": 0.7803999781608582,
        "tackleChance": 0.07970000058412552
      },
      "gk": {
        "gkDistributionZone": 1.0,
        "gkDiveChance": 0.9937000274658203,
        "gkDiveCommitDist": 73.3407974243164,
        "gkPassTargetDist": 159.13160705566406,
        "gkRiskClearance": 0.40149998664855957
      },
      "spatial": {
        "ball": {
          "max": 331.6369934082031,
          "min": 25.130199432373047,
          "preferred": 223.8572998046875
        },
        "opponent": {
          "max": 336.3855895996094,
          "min": 271.7160949707031,
          "preferred": 301.5447082519531
        },
        "ownGoal": {
          "max": 722.4744873046875,
          "min": 379.5108947753906,
          "preferred": 379.5108947753906
        },
        "side": {
          "max": 261.65509033203125,
          "min": 254.69290161132812,
          "preferred": 254.69290161132812
        },
        "teammate": {
          "max": 252.78489685058594,
          "min": 140.95179748535156,
          "preferred": 220.37890625
        }
      }
    }
  ],
  "role": "initial-baseline",
  "session": "s9-anneal-stage-1-50ep-500g"
}
