{
  "createdAt": "2026-05-05T08:42:12Z",
  "epoch": 0,
  "name": "epoch-000-baseline",
  "playerParams": [
    {
      "decisions": {
        "aggression": 2.0,
        "forwardPassMinGain": 4.1149001121521,
        "markDistance": 77.64830017089844,
        "passChanceDefault": 0.05570000037550926,
        "passChanceForward": 0.009800000116229057,
        "passChancePressured": 0.275299996137619,
        "passChanceWing": 0.25,
        "passDirDefensive": 1.1115000247955322,
        "passDirNeutral": 1.7323999404907227,
        "passDirOffensive": 0.5713000297546387,
        "riskAppetite": 0.5710999965667725,
        "shootProgressThreshold": 0.6244999766349792,
        "tackleChance": 0.21330000460147858
      },
      "spatial": {
        "ball": {
          "max": 0.0,
          "min": 0.0,
          "preferred": 0.0
        },
        "opponent": {
          "max": 164.33230590820312,
          "min": 67.6947021484375,
          "preferred": 162.8072967529297
        },
        "ownGoal": {
          "max": 767.1337890625,
          "min": 323.4107971191406,
          "preferred": 718.7008056640625
        },
        "side": {
          "max": 189.01829528808594,
          "min": 29.793899536132812,
          "preferred": 61.41749954223633
        },
        "teammate": {
          "max": 288.6903076171875,
          "min": 190.91650390625,
          "preferred": 288.6903076171875
        }
      }
    },
    {
      "decisions": {
        "aggression": 1.5879000425338745,
        "forwardPassMinGain": 7.07390022277832,
        "markDistance": 25.0,
        "passChanceDefault": 0.09679999947547913,
        "passChanceForward": 0.011900000274181366,
        "passChancePressured": 0.019999999552965164,
        "passChanceWing": 0.059300001710653305,
        "passDirDefensive": 1.8523999452590942,
        "passDirNeutral": 0.2468000054359436,
        "passDirOffensive": 2.0,
        "riskAppetite": 0.34310001134872437,
        "shootProgressThreshold": 0.6789000034332275,
        "tackleChance": 0.09030000120401382
      },
      "spatial": {
        "ball": {
          "max": 700.0,
          "min": 4.54449987411499,
          "preferred": 49.05189895629883
        },
        "opponent": {
          "max": 324.81878662109375,
          "min": 0.0,
          "preferred": 119.97959899902344
        },
        "ownGoal": {
          "max": 343.7381896972656,
          "min": 115.3125991821289,
          "preferred": 285.33331298828125
        },
        "side": {
          "max": 315.8207092285156,
          "min": 100.53910064697266,
          "preferred": 315.8207092285156
        },
        "teammate": {
          "max": 48.558101654052734,
          "min": 4.035399913787842,
          "preferred": 48.558101654052734
        }
      }
    },
    {
      "decisions": {
        "aggression": 1.061900019645691,
        "forwardPassMinGain": 3.9716999530792236,
        "markDistance": 43.14459991455078,
        "passChanceDefault": 0.13369999825954437,
        "passChanceForward": 0.05869999900460243,
        "passChancePressured": 0.34790000319480896,
        "passChanceWing": 0.06849999725818634,
        "passDirDefensive": 1.7089999914169312,
        "passDirNeutral": 0.12880000472068787,
        "passDirOffensive": 0.8460999727249146,
        "riskAppetite": 0.8755000233650208,
        "shootProgressThreshold": 0.5501999855041504,
        "tackleChance": 0.2199999988079071
      },
      "spatial": {
        "ball": {
          "max": 28.278200149536133,
          "min": 0.0,
          "preferred": 28.278200149536133
        },
        "opponent": {
          "max": 60.39699935913086,
          "min": 0.0,
          "preferred": 25.96820068359375
        },
        "ownGoal": {
          "max": 609.1505737304688,
          "min": 19.58169937133789,
          "preferred": 300.5647888183594
        },
        "side": {
          "max": 458.6896057128906,
          "min": 315.67999267578125,
          "preferred": 450.05621337890625
        },
        "teammate": {
          "max": 62.43429946899414,
          "min": 0.0,
          "preferred": 22.464399337768555
        }
      }
    },
    {
      "decisions": {
        "aggression": 1.8447999954223633,
        "forwardPassMinGain": 14.463500022888184,
        "markDistance": 63.89189910888672,
        "passChanceDefault": 0.15770000219345093,
        "passChanceForward": 0.11309999972581863,
        "passChancePressured": 0.09640000015497208,
        "passChanceWing": 0.010499999858438969,
        "passDirDefensive": 0.0,
        "passDirNeutral": 1.5765000581741333,
        "passDirOffensive": 1.6775000095367432,
        "riskAppetite": 0.038100000470876694,
        "shootProgressThreshold": 0.550000011920929,
        "tackleChance": 0.05480000004172325
      },
      "spatial": {
        "ball": {
          "max": 42.93239974975586,
          "min": 16.554899215698242,
          "preferred": 18.409700393676758
        },
        "opponent": {
          "max": 89.1447982788086,
          "min": 19.50979995727539,
          "preferred": 89.1447982788086
        },
        "ownGoal": {
          "max": 463.4762878417969,
          "min": 421.4984130859375,
          "preferred": 421.4984130859375
        },
        "side": {
          "max": 292.27960205078125,
          "min": 4.8968000411987305,
          "preferred": 292.27960205078125
        },
        "teammate": {
          "max": 59.10820007324219,
          "min": 22.921199798583984,
          "preferred": 53.54140090942383
        }
      }
    },
    {
      "decisions": {
        "aggression": 1.6836999654769897,
        "forwardPassMinGain": 5.925000190734863,
        "markDistance": 25.0,
        "passChanceDefault": 0.10970000177621841,
        "passChanceForward": 0.047200001776218414,
        "passChancePressured": 0.20149999856948853,
        "passChanceWing": 0.17790000140666962,
        "passDirDefensive": 0.5957000255584717,
        "passDirNeutral": 1.4708000421524048,
        "passDirOffensive": 1.5753999948501587,
        "riskAppetite": 0.6040999889373779,
        "shootProgressThreshold": 0.7857999801635742,
        "tackleChance": 0.01679999940097332
      },
      "spatial": {
        "ball": {
          "max": 665.6246948242188,
          "min": 190.2187042236328,
          "preferred": 438.64849853515625
        },
        "opponent": {
          "max": 249.4927978515625,
          "min": 166.84860229492188,
          "preferred": 179.51840209960938
        },
        "ownGoal": {
          "max": 824.9962158203125,
          "min": 60.24209976196289,
          "preferred": 467.0191955566406
        },
        "side": {
          "max": 324.6803894042969,
          "min": 196.3769989013672,
          "preferred": 215.14610290527344
        },
        "teammate": {
          "max": 400.0,
          "min": 134.59669494628906,
          "preferred": 317.46319580078125
        }
      }
    }
  ],
  "role": "initial-baseline",
  "session": "anneal-stage-3-5ep-50000g"
}
