{
  "accepted": false,
  "candidate": {
    "parameters": {
      "forwardPassMinGain": 13.0,
      "markDistance": 48.0,
      "passChanceDefault": 0.08500000089406967,
      "passChanceForward": 0.05999999865889549,
      "passChancePressured": 0.1062999963760376,
      "passChanceWing": 0.09549999982118607,
      "shootProgressThreshold": 0.7599999904632568,
      "tackleChance": 0.04610000178217888
    }
  },
  "championEpoch": 0,
  "championParameters": {
    "forwardPassMinGain": 8.0,
    "markDistance": 48.0,
    "passChanceDefault": 0.054999999701976776,
    "passChanceForward": 0.03999999910593033,
    "passChancePressured": 0.1599999964237213,
    "passChanceWing": 0.07000000029802322,
    "shootProgressThreshold": 0.7599999904632568,
    "tackleChance": 0.07999999821186066
  },
  "createdAt": "2026-04-30T09:26:16Z",
  "epoch": 10,
  "evaluation": {
    "avgGoals": 3.44,
    "avgOutOfBounds": 0.02,
    "avgPasses": 150.04,
    "avgShots": 82.9,
    "avgTackles": 2.42,
    "baselineAvgGoals": 1.952,
    "candidateAvgGoals": 1.488,
    "candidateWon": false,
    "earlyStop": "worse",
    "elapsedMs": 39,
    "games": 125,
    "gamesPerSecond": 3205.13,
    "goalDiff": -58.0,
    "maxGames": 1000,
    "passCompletionRate": 0.97,
    "tackleSuccessRate": 1.0,
    "zScore": -2.576
  },
  "gamesPerEpoch": 1000,
  "name": "epoch-010",
  "opponent": {
    "parameters": {
      "forwardPassMinGain": 8.0,
      "markDistance": 48.0,
      "passChanceDefault": 0.054999999701976776,
      "passChanceForward": 0.03999999910593033,
      "passChancePressured": 0.1599999964237213,
      "passChanceWing": 0.07000000029802322,
      "shootProgressThreshold": 0.7599999904632568,
      "tackleChance": 0.07999999821186066
    },
    "sourceEpoch": 0
  },
  "session": "session-2"
}
