{
  "accepted": false,
  "candidate": {
    "parameters": {
      "forwardPassMinGain": 8.0,
      "markDistance": 49.0,
      "passChanceDefault": 0.0731000006198883,
      "passChanceForward": 0.042500000447034836,
      "passChancePressured": 0.1737000048160553,
      "passChanceWing": 0.0471000000834465,
      "shootProgressThreshold": 0.7653999924659729,
      "tackleChance": 0.12060000002384186
    }
  },
  "championEpoch": 26,
  "championParameters": {
    "forwardPassMinGain": 8.0,
    "markDistance": 52.0,
    "passChanceDefault": 0.054999999701976776,
    "passChanceForward": 0.04580000042915344,
    "passChancePressured": 0.1599999964237213,
    "passChanceWing": 0.029200000688433647,
    "shootProgressThreshold": 0.7972999811172485,
    "tackleChance": 0.12060000002384186
  },
  "createdAt": "2026-04-30T09:26:17Z",
  "epoch": 27,
  "evaluation": {
    "avgGoals": 4.24,
    "avgOutOfBounds": 0.02,
    "avgPasses": 135.34,
    "avgShots": 87.31,
    "avgTackles": 2.98,
    "baselineAvgGoals": 2.75,
    "candidateAvgGoals": 1.49,
    "candidateWon": false,
    "earlyStop": "worse",
    "elapsedMs": 31,
    "games": 100,
    "gamesPerSecond": 3225.81,
    "goalDiff": -126.0,
    "maxGames": 1000,
    "passCompletionRate": 0.965,
    "tackleSuccessRate": 1.0,
    "zScore": -5.502
  },
  "gamesPerEpoch": 1000,
  "name": "epoch-027",
  "opponent": {
    "parameters": {
      "forwardPassMinGain": 8.0,
      "markDistance": 52.0,
      "passChanceDefault": 0.054999999701976776,
      "passChanceForward": 0.04580000042915344,
      "passChancePressured": 0.1599999964237213,
      "passChanceWing": 0.029200000688433647,
      "shootProgressThreshold": 0.7972999811172485,
      "tackleChance": 0.12060000002384186
    },
    "sourceEpoch": 26
  },
  "session": "session-2"
}
