{
  "accepted": false,
  "candidate": {
    "parameters": {
      "forwardPassMinGain": 9.0,
      "markDistance": 48.0,
      "passChanceDefault": 0.06780000030994415,
      "passChanceForward": 0.03999999910593033,
      "passChancePressured": 0.18359999358654022,
      "passChanceWing": 0.07000000029802322,
      "shootProgressThreshold": 0.7599999904632568,
      "tackleChance": 0.09359999746084213
    }
  },
  "championEpoch": 0,
  "championParameters": {
    "forwardPassMinGain": 8.0,
    "markDistance": 48.0,
    "passChanceDefault": 0.054999999701976776,
    "passChanceForward": 0.03999999910593033,
    "passChancePressured": 0.1599999964237213,
    "passChanceWing": 0.07000000029802322,
    "shootProgressThreshold": 0.7599999904632568,
    "tackleChance": 0.07999999821186066
  },
  "createdAt": "2026-04-30T09:26:16Z",
  "epoch": 23,
  "evaluation": {
    "avgGoals": 3.02,
    "avgOutOfBounds": 0.0,
    "avgPasses": 148.47,
    "avgShots": 84.96,
    "avgTackles": 2.28,
    "baselineAvgGoals": 1.77,
    "candidateAvgGoals": 1.25,
    "candidateWon": false,
    "earlyStop": "worse",
    "elapsedMs": 30,
    "games": 100,
    "gamesPerSecond": 3333.33,
    "goalDiff": -52.0,
    "maxGames": 1000,
    "passCompletionRate": 0.972,
    "tackleSuccessRate": 1.0,
    "zScore": -3.023
  },
  "gamesPerEpoch": 1000,
  "name": "epoch-023",
  "opponent": {
    "parameters": {
      "forwardPassMinGain": 8.0,
      "markDistance": 48.0,
      "passChanceDefault": 0.054999999701976776,
      "passChanceForward": 0.03999999910593033,
      "passChancePressured": 0.1599999964237213,
      "passChanceWing": 0.07000000029802322,
      "shootProgressThreshold": 0.7599999904632568,
      "tackleChance": 0.07999999821186066
    },
    "sourceEpoch": 0
  },
  "session": "session-2"
}
