{
  "accepted": false,
  "candidate": {
    "parameters": {
      "forwardPassMinGain": 8.0,
      "markDistance": 48.0,
      "passChanceDefault": 0.054499998688697815,
      "passChanceForward": 0.03590000048279762,
      "passChancePressured": 0.10580000281333923,
      "passChanceWing": 0.052000001072883606,
      "shootProgressThreshold": 0.7465999722480774,
      "tackleChance": 0.09070000052452087
    }
  },
  "championEpoch": 0,
  "championParameters": {
    "forwardPassMinGain": 8.0,
    "markDistance": 48.0,
    "passChanceDefault": 0.054999999701976776,
    "passChanceForward": 0.03999999910593033,
    "passChancePressured": 0.1599999964237213,
    "passChanceWing": 0.07000000029802322,
    "shootProgressThreshold": 0.7599999904632568,
    "tackleChance": 0.07999999821186066
  },
  "createdAt": "2026-04-30T09:26:15Z",
  "epoch": 4,
  "evaluation": {
    "avgGoals": 1.07,
    "avgOutOfBounds": 0.03,
    "avgPasses": 120.21,
    "avgShots": 128.38,
    "avgTackles": 2.11,
    "baselineAvgGoals": 1.06,
    "candidateAvgGoals": 0.01,
    "candidateWon": false,
    "earlyStop": "worse",
    "elapsedMs": 31,
    "games": 100,
    "gamesPerSecond": 3225.81,
    "goalDiff": -105.0,
    "maxGames": 1000,
    "passCompletionRate": 0.985,
    "tackleSuccessRate": 1.0,
    "zScore": -9.43
  },
  "gamesPerEpoch": 1000,
  "name": "epoch-004",
  "opponent": {
    "parameters": {
      "forwardPassMinGain": 8.0,
      "markDistance": 48.0,
      "passChanceDefault": 0.054999999701976776,
      "passChanceForward": 0.03999999910593033,
      "passChancePressured": 0.1599999964237213,
      "passChanceWing": 0.07000000029802322,
      "shootProgressThreshold": 0.7599999904632568,
      "tackleChance": 0.07999999821186066
    },
    "sourceEpoch": 0
  },
  "session": "session-2"
}
