{
  "accepted": false,
  "candidate": {
    "parameters": {
      "forwardPassMinGain": 8.0,
      "markDistance": 42.0,
      "passChanceDefault": 0.054999999701976776,
      "passChanceForward": 0.03200000151991844,
      "passChancePressured": 0.15080000460147858,
      "passChanceWing": 0.029200000688433647,
      "shootProgressThreshold": 0.7990000247955322,
      "tackleChance": 0.15070000290870667
    }
  },
  "championEpoch": 26,
  "championParameters": {
    "forwardPassMinGain": 8.0,
    "markDistance": 52.0,
    "passChanceDefault": 0.054999999701976776,
    "passChanceForward": 0.04580000042915344,
    "passChancePressured": 0.1599999964237213,
    "passChanceWing": 0.029200000688433647,
    "shootProgressThreshold": 0.7972999811172485,
    "tackleChance": 0.12060000002384186
  },
  "createdAt": "2026-04-30T09:26:17Z",
  "epoch": 28,
  "evaluation": {
    "avgGoals": 8.57,
    "avgOutOfBounds": 0.0,
    "avgPasses": 145.19,
    "avgShots": 57.87,
    "avgTackles": 4.89,
    "baselineAvgGoals": 4.76,
    "candidateAvgGoals": 3.81,
    "candidateWon": false,
    "earlyStop": "worse",
    "elapsedMs": 29,
    "games": 100,
    "gamesPerSecond": 3448.28,
    "goalDiff": -95.0,
    "maxGames": 1000,
    "passCompletionRate": 0.947,
    "tackleSuccessRate": 1.0,
    "zScore": -3.501
  },
  "gamesPerEpoch": 1000,
  "name": "epoch-028",
  "opponent": {
    "parameters": {
      "forwardPassMinGain": 8.0,
      "markDistance": 52.0,
      "passChanceDefault": 0.054999999701976776,
      "passChanceForward": 0.04580000042915344,
      "passChancePressured": 0.1599999964237213,
      "passChanceWing": 0.029200000688433647,
      "shootProgressThreshold": 0.7972999811172485,
      "tackleChance": 0.12060000002384186
    },
    "sourceEpoch": 26
  },
  "session": "session-2"
}
