{
  "accepted": false,
  "candidate": {
    "parameters": {
      "forwardPassMinGain": 11.0,
      "markDistance": 55.0,
      "passChanceDefault": 0.07670000195503235,
      "passChanceForward": 0.03420000150799751,
      "passChancePressured": 0.1599999964237213,
      "passChanceWing": 0.07689999788999557,
      "shootProgressThreshold": 0.8087000250816345,
      "tackleChance": 0.06539999693632126
    }
  },
  "championEpoch": 26,
  "championParameters": {
    "forwardPassMinGain": 8.0,
    "markDistance": 52.0,
    "passChanceDefault": 0.054999999701976776,
    "passChanceForward": 0.04580000042915344,
    "passChancePressured": 0.1599999964237213,
    "passChanceWing": 0.029200000688433647,
    "shootProgressThreshold": 0.7972999811172485,
    "tackleChance": 0.12060000002384186
  },
  "createdAt": "2026-04-30T09:26:19Z",
  "epoch": 100,
  "evaluation": {
    "avgGoals": 8.18,
    "avgOutOfBounds": 0.02,
    "avgPasses": 158.76,
    "avgShots": 48.57,
    "avgTackles": 3.94,
    "baselineAvgGoals": 4.456,
    "candidateAvgGoals": 3.72,
    "candidateWon": false,
    "earlyStop": "worse",
    "elapsedMs": 39,
    "games": 125,
    "gamesPerSecond": 3205.13,
    "goalDiff": -92.0,
    "maxGames": 1000,
    "passCompletionRate": 0.942,
    "tackleSuccessRate": 1.0,
    "zScore": -2.801
  },
  "gamesPerEpoch": 1000,
  "name": "epoch-100",
  "opponent": {
    "parameters": {
      "forwardPassMinGain": 8.0,
      "markDistance": 52.0,
      "passChanceDefault": 0.054999999701976776,
      "passChanceForward": 0.04580000042915344,
      "passChancePressured": 0.1599999964237213,
      "passChanceWing": 0.029200000688433647,
      "shootProgressThreshold": 0.7972999811172485,
      "tackleChance": 0.12060000002384186
    },
    "sourceEpoch": 26
  },
  "session": "session-2"
}
