{
  "accepted": false,
  "candidate": {
    "parameters": {
      "forwardPassMinGain": 8.0,
      "markDistance": 52.0,
      "passChanceDefault": 0.054999999701976776,
      "passChanceForward": 0.05040000006556511,
      "passChancePressured": 0.17820000648498535,
      "passChanceWing": 0.04280000180006027,
      "shootProgressThreshold": 0.7972999811172485,
      "tackleChance": 0.12060000002384186
    }
  },
  "championEpoch": 26,
  "championParameters": {
    "forwardPassMinGain": 8.0,
    "markDistance": 52.0,
    "passChanceDefault": 0.054999999701976776,
    "passChanceForward": 0.04580000042915344,
    "passChancePressured": 0.1599999964237213,
    "passChanceWing": 0.029200000688433647,
    "shootProgressThreshold": 0.7972999811172485,
    "tackleChance": 0.12060000002384186
  },
  "createdAt": "2026-04-30T09:26:18Z",
  "epoch": 75,
  "evaluation": {
    "avgGoals": 8.15,
    "avgOutOfBounds": 0.01,
    "avgPasses": 147.53,
    "avgShots": 58.87,
    "avgTackles": 4.41,
    "baselineAvgGoals": 4.56,
    "candidateAvgGoals": 3.59,
    "candidateWon": false,
    "earlyStop": "worse",
    "elapsedMs": 31,
    "games": 100,
    "gamesPerSecond": 3225.81,
    "goalDiff": -97.0,
    "maxGames": 1000,
    "passCompletionRate": 0.944,
    "tackleSuccessRate": 1.0,
    "zScore": -3.503
  },
  "gamesPerEpoch": 1000,
  "name": "epoch-075",
  "opponent": {
    "parameters": {
      "forwardPassMinGain": 8.0,
      "markDistance": 52.0,
      "passChanceDefault": 0.054999999701976776,
      "passChanceForward": 0.04580000042915344,
      "passChancePressured": 0.1599999964237213,
      "passChanceWing": 0.029200000688433647,
      "shootProgressThreshold": 0.7972999811172485,
      "tackleChance": 0.12060000002384186
    },
    "sourceEpoch": 26
  },
  "session": "session-2"
}
