{
  "accepted": false,
  "candidate": {
    "parameters": {
      "forwardPassMinGain": 8.0,
      "markDistance": 44.0,
      "passChanceDefault": 0.05480000004172325,
      "passChanceForward": 0.05180000141263008,
      "passChancePressured": 0.11739999800920486,
      "passChanceWing": 0.04729999974370003,
      "shootProgressThreshold": 0.7296000123023987,
      "tackleChance": 0.12060000002384186
    }
  },
  "championEpoch": 26,
  "championParameters": {
    "forwardPassMinGain": 8.0,
    "markDistance": 52.0,
    "passChanceDefault": 0.054999999701976776,
    "passChanceForward": 0.04580000042915344,
    "passChancePressured": 0.1599999964237213,
    "passChanceWing": 0.029200000688433647,
    "shootProgressThreshold": 0.7972999811172485,
    "tackleChance": 0.12060000002384186
  },
  "createdAt": "2026-04-30T09:26:17Z",
  "epoch": 31,
  "evaluation": {
    "avgGoals": 1.93,
    "avgOutOfBounds": 0.03,
    "avgPasses": 92.23,
    "avgShots": 160.95,
    "avgTackles": 2.86,
    "baselineAvgGoals": 1.91,
    "candidateAvgGoals": 0.02,
    "candidateWon": false,
    "earlyStop": "worse",
    "elapsedMs": 30,
    "games": 100,
    "gamesPerSecond": 3333.33,
    "goalDiff": -189.0,
    "maxGames": 1000,
    "passCompletionRate": 0.96,
    "tackleSuccessRate": 1.0,
    "zScore": -10.419
  },
  "gamesPerEpoch": 1000,
  "name": "epoch-031",
  "opponent": {
    "parameters": {
      "forwardPassMinGain": 8.0,
      "markDistance": 52.0,
      "passChanceDefault": 0.054999999701976776,
      "passChanceForward": 0.04580000042915344,
      "passChancePressured": 0.1599999964237213,
      "passChanceWing": 0.029200000688433647,
      "shootProgressThreshold": 0.7972999811172485,
      "tackleChance": 0.12060000002384186
    },
    "sourceEpoch": 26
  },
  "session": "session-2"
}
