{
  "accepted": false,
  "candidate": {
    "parameters": {
      "forwardPassMinGain": 8.0,
      "markDistance": 52.0,
      "passChanceDefault": 0.054999999701976776,
      "passChanceForward": 0.03999999910593033,
      "passChancePressured": 0.17260000109672546,
      "passChanceWing": 0.07000000029802322,
      "shootProgressThreshold": 0.7599999904632568,
      "tackleChance": 0.043299999088048935
    }
  },
  "championEpoch": 0,
  "championParameters": {
    "forwardPassMinGain": 8.0,
    "markDistance": 48.0,
    "passChanceDefault": 0.054999999701976776,
    "passChanceForward": 0.03999999910593033,
    "passChancePressured": 0.1599999964237213,
    "passChanceWing": 0.07000000029802322,
    "shootProgressThreshold": 0.7599999904632568,
    "tackleChance": 0.07999999821186066
  },
  "createdAt": "2026-04-30T09:26:16Z",
  "epoch": 12,
  "evaluation": {
    "avgGoals": 3.64,
    "avgOutOfBounds": 0.02,
    "avgPasses": 152.04,
    "avgShots": 79.84,
    "avgTackles": 2.52,
    "baselineAvgGoals": 2.09,
    "candidateAvgGoals": 1.55,
    "candidateWon": false,
    "earlyStop": "worse",
    "elapsedMs": 34,
    "games": 100,
    "gamesPerSecond": 2941.18,
    "goalDiff": -54.0,
    "maxGames": 1000,
    "passCompletionRate": 0.974,
    "tackleSuccessRate": 1.0,
    "zScore": -2.732
  },
  "gamesPerEpoch": 1000,
  "name": "epoch-012",
  "opponent": {
    "parameters": {
      "forwardPassMinGain": 8.0,
      "markDistance": 48.0,
      "passChanceDefault": 0.054999999701976776,
      "passChanceForward": 0.03999999910593033,
      "passChancePressured": 0.1599999964237213,
      "passChanceWing": 0.07000000029802322,
      "shootProgressThreshold": 0.7599999904632568,
      "tackleChance": 0.07999999821186066
    },
    "sourceEpoch": 0
  },
  "session": "session-2"
}
