{
  "accepted": false,
  "candidate": {
    "parameters": {
      "forwardPassMinGain": 10.0,
      "markDistance": 52.0,
      "passChanceDefault": 0.08789999783039093,
      "passChanceForward": 0.04580000042915344,
      "passChancePressured": 0.11479999870061874,
      "passChanceWing": 0.009999999776482582,
      "shootProgressThreshold": 0.8307999968528748,
      "tackleChance": 0.12549999356269836
    }
  },
  "championEpoch": 26,
  "championParameters": {
    "forwardPassMinGain": 8.0,
    "markDistance": 52.0,
    "passChanceDefault": 0.054999999701976776,
    "passChanceForward": 0.04580000042915344,
    "passChancePressured": 0.1599999964237213,
    "passChanceWing": 0.029200000688433647,
    "shootProgressThreshold": 0.7972999811172485,
    "tackleChance": 0.12060000002384186
  },
  "createdAt": "2026-04-30T09:26:19Z",
  "epoch": 82,
  "evaluation": {
    "avgGoals": 8.83,
    "avgOutOfBounds": 0.0,
    "avgPasses": 142.16,
    "avgShots": 56.26,
    "avgTackles": 4.95,
    "baselineAvgGoals": 4.78,
    "candidateAvgGoals": 4.05,
    "candidateWon": false,
    "earlyStop": "worse",
    "elapsedMs": 32,
    "games": 100,
    "gamesPerSecond": 3125.0,
    "goalDiff": -73.0,
    "maxGames": 1000,
    "passCompletionRate": 0.934,
    "tackleSuccessRate": 1.0,
    "zScore": -2.653
  },
  "gamesPerEpoch": 1000,
  "name": "epoch-082",
  "opponent": {
    "parameters": {
      "forwardPassMinGain": 8.0,
      "markDistance": 52.0,
      "passChanceDefault": 0.054999999701976776,
      "passChanceForward": 0.04580000042915344,
      "passChancePressured": 0.1599999964237213,
      "passChanceWing": 0.029200000688433647,
      "shootProgressThreshold": 0.7972999811172485,
      "tackleChance": 0.12060000002384186
    },
    "sourceEpoch": 26
  },
  "session": "session-2"
}
