{
  "acceptedCount": 2,
  "acceptedEpochs": [
    2,
    11
  ],
  "averageEpochElapsedMs": 455,
  "bestGoalDiff": 190.0,
  "epochs": 20,
  "finalChampionEpoch": 11,
  "finalChampionPlayerParams": [
    {
      "decisions": {
        "aggression": 1.4081000089645386,
        "forwardPassMinGain": 0.1200999990105629,
        "markDistance": 82.94280242919922,
        "passChanceDefault": 0.11819999665021896,
        "passChanceForward": 0.004999999888241291,
        "passChancePressured": 0.28940001130104065,
        "passChanceWing": 0.09589999914169312,
        "passDirDefensive": 0.0,
        "passDirNeutral": 1.8324999809265137,
        "passDirOffensive": 1.090399980545044,
        "riskAppetite": 0.8528000116348267,
        "shootProgressThreshold": 0.550000011920929,
        "tackleChance": 0.06120000034570694
      },
      "gk": null,
      "spatial": {
        "ball": {
          "max": 549.9218139648438,
          "min": 110.964599609375,
          "preferred": 247.1002960205078
        },
        "opponent": {
          "max": 257.2424011230469,
          "min": 0.0,
          "preferred": 45.26839828491211
        },
        "ownGoal": {
          "max": 842.9697265625,
          "min": 397.22979736328125,
          "preferred": 545.4843139648438
        },
        "side": {
          "max": 285.10650634765625,
          "min": 111.86949920654297,
          "preferred": 258.8205871582031
        },
        "teammate": {
          "max": 400.0,
          "min": 206.21270751953125,
          "preferred": 206.21270751953125
        }
      }
    },
    {
      "decisions": {
        "aggression": 0.2206999957561493,
        "forwardPassMinGain": 15.765999794006348,
        "markDistance": 30.12689971923828,
        "passChanceDefault": 0.020899999886751175,
        "passChanceForward": 0.059300001710653305,
        "passChancePressured": 0.09809999912977219,
        "passChanceWing": 0.15850000083446503,
        "passDirDefensive": 0.14339999854564667,
        "passDirNeutral": 1.4905999898910522,
        "passDirOffensive": 1.218500018119812,
        "riskAppetite": 0.682699978351593,
        "shootProgressThreshold": 0.6068000197410583,
        "tackleChance": 0.21289999783039093
      },
      "gk": null,
      "spatial": {
        "ball": {
          "max": 26.006099700927734,
          "min": 6.215799808502197,
          "preferred": 6.215799808502197
        },
        "opponent": {
          "max": 130.2427978515625,
          "min": 44.54880142211914,
          "preferred": 130.2427978515625
        },
        "ownGoal": {
          "max": 832.7982177734375,
          "min": 229.03770446777344,
          "preferred": 298.2402038574219
        },
        "side": {
          "max": 354.7015075683594,
          "min": 64.63610076904297,
          "preferred": 157.02609252929688
        },
        "teammate": {
          "max": 369.3916015625,
          "min": 202.62660217285156,
          "preferred": 363.9161071777344
        }
      }
    },
    {
      "decisions": {
        "aggression": 1.8286000490188599,
        "forwardPassMinGain": 13.43239974975586,
        "markDistance": 40.91889953613281,
        "passChanceDefault": 0.16979999840259552,
        "passChanceForward": 0.16449999809265137,
        "passChancePressured": 0.2498999983072281,
        "passChanceWing": 0.05570000037550926,
        "passDirDefensive": 0.0,
        "passDirNeutral": 0.9811999797821045,
        "passDirOffensive": 1.5964000225067139,
        "riskAppetite": 0.19699999690055847,
        "shootProgressThreshold": 0.8999999761581421,
        "tackleChance": 0.21570000052452087
      },
      "gk": null,
      "spatial": {
        "ball": {
          "max": 15.982399940490723,
          "min": 0.0,
          "preferred": 0.0
        },
        "opponent": {
          "max": 228.67860412597656,
          "min": 0.0,
          "preferred": 106.03949737548828
        },
        "ownGoal": {
          "max": 234.89230346679688,
          "min": 52.14860153198242,
          "preferred": 216.52490234375
        },
        "side": {
          "max": 354.29278564453125,
          "min": 267.4809875488281,
          "preferred": 298.135986328125
        },
        "teammate": {
          "max": 72.16780090332031,
          "min": 38.68230056762695,
          "preferred": 67.57859802246094
        }
      }
    },
    {
      "decisions": {
        "aggression": 1.343400001525879,
        "forwardPassMinGain": 12.048100471496582,
        "markDistance": 32.98550033569336,
        "passChanceDefault": 0.1581999957561493,
        "passChanceForward": 0.019600000232458115,
        "passChancePressured": 0.10859999805688858,
        "passChanceWing": 0.19499999284744263,
        "passDirDefensive": 1.4118000268936157,
        "passDirNeutral": 0.902999997138977,
        "passDirOffensive": 1.003600001335144,
        "riskAppetite": 0.388700008392334,
        "shootProgressThreshold": 0.7041000127792358,
        "tackleChance": 0.14110000431537628
      },
      "gk": null,
      "spatial": {
        "ball": {
          "max": 499.91668701171875,
          "min": 73.1957015991211,
          "preferred": 205.4268035888672
        },
        "opponent": {
          "max": 350.6990051269531,
          "min": 117.4166030883789,
          "preferred": 186.8582000732422
        },
        "ownGoal": {
          "max": 382.1719055175781,
          "min": 353.2034912109375,
          "preferred": 370.46240234375
        },
        "side": {
          "max": 151.2666015625,
          "min": 140.7458038330078,
          "preferred": 145.88369750976562
        },
        "teammate": {
          "max": 89.6135025024414,
          "min": 54.95249938964844,
          "preferred": 81.83059692382812
        }
      }
    },
    {
      "decisions": {
        "aggression": 0.5266000032424927,
        "forwardPassMinGain": 4.054900169372559,
        "markDistance": 78.98400115966797,
        "passChanceDefault": 0.20000000298023224,
        "passChanceForward": 0.04769999906420708,
        "passChancePressured": 0.3725999891757965,
        "passChanceWing": 0.18369999527931213,
        "passDirDefensive": 0.6363000273704529,
        "passDirNeutral": 0.325300008058548,
        "passDirOffensive": 1.3034000396728516,
        "riskAppetite": 0.9434000253677368,
        "shootProgressThreshold": 0.7803999781608582,
        "tackleChance": 0.07970000058412552
      },
      "gk": {
        "gkDistributionZone": 1.0,
        "gkDiveChance": 0.9937000274658203,
        "gkDiveCommitDist": 73.09880065917969,
        "gkPassTargetDist": 159.13160705566406,
        "gkRiskClearance": 0.40149998664855957
      },
      "spatial": {
        "ball": {
          "max": 365.2351989746094,
          "min": 0.0,
          "preferred": 223.8572998046875
        },
        "opponent": {
          "max": 345.9280090332031,
          "min": 271.7160949707031,
          "preferred": 271.7160949707031
        },
        "ownGoal": {
          "max": 722.4744873046875,
          "min": 529.9464111328125,
          "preferred": 595.4149780273438
        },
        "side": {
          "max": 261.65509033203125,
          "min": 225.09280395507812,
          "preferred": 254.69290161132812
        },
        "teammate": {
          "max": 252.78489685058594,
          "min": 140.95179748535156,
          "preferred": 220.37890625
        }
      }
    }
  ],
  "finishedAt": "2026-05-06T02:35:53Z",
  "gamesPerEpoch": 5000,
  "history": [
    {
      "accepted": false,
      "baselineAvgGoals": 5.174,
      "candidateAvgGoals": 5.261,
      "championEpoch": 0,
      "earlyStop": "indecisive",
      "elapsedMs": 754,
      "epoch": 1,
      "gamesRun": 425,
      "goalDiff": 37.0,
      "zScore": 0.555
    },
    {
      "accepted": true,
      "baselineAvgGoals": 4.66,
      "candidateAvgGoals": 6.08,
      "championEpoch": 2,
      "earlyStop": "better",
      "elapsedMs": 186,
      "epoch": 2,