{
  "name": "anneal-stage-3-5ep-50000g-best",
  "playerParams": [
    {
      "decisions": {
        "aggression": 2.0,
        "forwardPassMinGain": 6.472700119018555,
        "markDistance": 76.69190216064453,
        "passChanceDefault": 0.061000000685453415,
        "passChanceForward": 0.026200000196695328,
        "passChancePressured": 0.275299996137619,
        "passChanceWing": 0.25,
        "passDirDefensive": 1.1115000247955322,
        "passDirNeutral": 1.4904999732971191,
        "passDirOffensive": 0.5713000297546387,
        "riskAppetite": 0.5710999965667725,
        "shootProgressThreshold": 0.6302000284194946,
        "tackleChance": 0.21330000460147858
      },
      "spatial": {
        "ball": {
          "max": 0.0,
          "min": 0.0,
          "preferred": 0.0
        },
        "opponent": {
          "max": 160.51629638671875,
          "min": 40.4822998046875,
          "preferred": 160.51629638671875
        },
        "ownGoal": {
          "max": 767.1337890625,
          "min": 357.3739013671875,
          "preferred": 743.5352172851562
        },
        "side": {
          "max": 189.01829528808594,
          "min": 29.793899536132812,
          "preferred": 55.39830017089844
        },
        "teammate": {
          "max": 302.5220031738281,
          "min": 190.91650390625,
          "preferred": 287.3118896484375
        }
      }
    },
    {
      "decisions": {
        "aggression": 1.5879000425338745,
        "forwardPassMinGain": 7.07390022277832,
        "markDistance": 25.0,
        "passChanceDefault": 0.09679999947547913,
        "passChanceForward": 0.04010000079870224,
        "passChancePressured": 0.019999999552965164,
        "passChanceWing": 0.059300001710653305,
        "passDirDefensive": 1.7484999895095825,
        "passDirNeutral": 0.23109999299049377,
        "passDirOffensive": 2.0,
        "riskAppetite": 0.34310001134872437,
        "shootProgressThreshold": 0.6789000034332275,
        "tackleChance": 0.09030000120401382
      },
      "spatial": {
        "ball": {
          "max": 675.6807861328125,
          "min": 4.54449987411499,
          "preferred": 106.71189880371094
        },
        "opponent": {
          "max": 324.81878662109375,
          "min": 0.0,
          "preferred": 103.82939910888672
        },
        "ownGoal": {
          "max": 347.4309997558594,
          "min": 115.3125991821289,
          "preferred": 326.4783020019531
        },
        "side": {
          "max": 346.27899169921875,
          "min": 100.53910064697266,
          "preferred": 345.44110107421875
        },
        "teammate": {
          "max": 76.02580261230469,
          "min": 62.66389846801758,
          "preferred": 62.66389846801758
        }
      }
    },
    {
      "decisions": {
        "aggression": 2.0,
        "forwardPassMinGain": 1.1273000240325928,
        "markDistance": 41.049598693847656,
        "passChanceDefault": 0.18649999797344208,
        "passChanceForward": 0.03139999881386757,
        "passChancePressured": 0.3384999930858612,
        "passChanceWing": 0.028599999845027924,
        "passDirDefensive": 1.1694999933242798,
        "passDirNeutral": 0.0,
        "passDirOffensive": 0.8493000268936157,
        "riskAppetite": 0.7601000070571899,
        "shootProgressThreshold": 0.550000011920929,
        "tackleChance": 0.2199999988079071
      },
      "spatial": {
        "ball": {
          "max": 22.00309944152832,
          "min": 2.7388999462127686,
          "preferred": 2.7388999462127686
        },
        "opponent": {
          "max": 44.529998779296875,
          "min": 0.0,
          "preferred": 22.26259994506836
        },
        "ownGoal": {
          "max": 621.6472778320312,
          "min": 0.0,
          "preferred": 396.8826904296875
        },
        "side": {
          "max": 457.1369934082031,
          "min": 341.97088623046875,
          "preferred": 427.2893981933594
        },
        "teammate": {
          "max": 42.1427001953125,
          "min": 0.0,
          "preferred": 2.3610000610351562
        }
      }
    },
    {
      "decisions": {
        "aggression": 1.8447999954223633,
        "forwardPassMinGain": 14.463500022888184,
        "markDistance": 63.89189910888672,
        "passChanceDefault": 0.15770000219345093,
        "passChanceForward": 0.10180000215768814,
        "passChancePressured": 0.09640000015497208,
        "passChanceWing": 0.010499999858438969,
        "passDirDefensive": 0.0,
        "passDirNeutral": 1.570199966430664,
        "passDirOffensive": 1.6775000095367432,
        "riskAppetite": 0.008999999612569809,
        "shootProgressThreshold": 0.550000011920929,
        "tackleChance": 0.05480000004172325
      },
      "spatial": {
        "ball": {
          "max": 30.676700592041016,
          "min": 16.554899215698242,
          "preferred": 16.554899215698242
        },
        "opponent": {
          "max": 89.1447982788086,
          "min": 19.50979995727539,
          "preferred": 89.1447982788086
        },
        "ownGoal": {
          "max": 451.4873046875,
          "min": 421.4984130859375,
          "preferred": 426.5827941894531
        },
        "side": {
          "max": 305.6908874511719,
          "min": 7.303899765014648,
          "preferred": 298.748291015625
        },
        "teammate": {
          "max": 59.10820007324219,
          "min": 23.216999053955078,
          "preferred": 41.59339904785156
        }
      }
    },
    {
      "decisions": {
        "aggression": 1.6836999654769897,
        "forwardPassMinGain": 5.925000190734863,
        "markDistance": 25.0,
        "passChanceDefault": 0.1518000066280365,
        "passChanceForward": 0.019899999722838402,
        "passChancePressured": 0.20149999856948853,
        "passChanceWing": 0.17790000140666962,
        "passDirDefensive": 0.6901000142097473,
        "passDirNeutral": 1.3499000072479248,
        "passDirOffensive": 1.4881000518798828,
        "riskAppetite": 0.6992999911308289,
        "shootProgressThreshold": 0.7857999801635742,
        "tackleChance": 0.035999998450279236
      },
      "spatial": {
        "ball": {
          "max": 700.0,
          "min": 209.63760375976562,
          "preferred": 398.87640380859375
        },
        "opponent": {
          "max": 228.2899932861328,
          "min": 191.40499877929688,
          "preferred": 207.410400390625
        },
        "ownGoal": {
          "max": 765.164306640625,
          "min": 60.24209976196289,
          "preferred": 386.04510498046875
        },
        "side": {
          "max": 350.94891357421875,
          "min": 193.3616943359375,
          "preferred": 215.14610290527344
        },
        "teammate": {
          "max": 400.0,
          "min": 154.59669494628906,
          "preferred": 314.74639892578125
        }
      }
    }
  ],
  "sourceEpoch": 3,
  "sourceSession": "anneal-stage-3-5ep-50000g",
  "type": "team-policy-v6",
  "version": 1
}
