{
  "acceptedCount": 0,
  "acceptedEpochs": [],
  "averageEpochElapsedMs": 4006,
  "bestGoalDiff": -16.0,
  "epochs": 5,
  "finalChampionEpoch": 0,
  "finalChampionPlayerParams": [
    {
      "decisions": {
        "aggression": 1.0858999490737915,
        "forwardPassMinGain": 16.499799728393555,
        "markDistance": 50.81760025024414,
        "passChanceDefault": 0.1615000069141388,
        "passChanceForward": 0.016499999910593033,
        "passChancePressured": 0.1995999962091446,
        "passChanceWing": 0.03689999878406525,
        "passDirDefensive": 1.7214000225067139,
        "passDirNeutral": 0.2930000126361847,
        "passDirOffensive": 1.6397000551223755,
        "riskAppetite": 0.35519999265670776,
        "shootProgressThreshold": 0.8242999911308289,
        "tackleChance": 0.21240000426769257
      },
      "gk": null,
      "spatial": {
        "ball": {
          "max": 82.36859893798828,
          "min": 1.1217999458312988,
          "preferred": 23.19879913330078
        },
        "opponent": {
          "max": 233.8717041015625,
          "min": 125.7249984741211,
          "preferred": 193.80430603027344
        },
        "ownGoal": {
          "max": 724.0938110351562,
          "min": 698.9096069335938,
          "preferred": 703.4566040039062
        },
        "side": {
          "max": 520.0,
          "min": 17.93280029296875,
          "preferred": 177.8437957763672
        },
        "teammate": {
          "max": 307.430908203125,
          "min": 169.1540069580078,
          "preferred": 245.7532958984375
        }
      }
    },
    {
      "decisions": {
        "aggression": 1.0765000581741333,
        "forwardPassMinGain": 13.00730037689209,
        "markDistance": 64.65950012207031,
        "passChanceDefault": 0.10830000042915344,
        "passChanceForward": 0.05249999836087227,
        "passChancePressured": 0.08919999748468399,
        "passChanceWing": 0.08940000087022781,
        "passDirDefensive": 0.022199999541044235,
        "passDirNeutral": 0.23409999907016754,
        "passDirOffensive": 0.8385000228881836,
        "riskAppetite": 0.9575999975204468,
        "shootProgressThreshold": 0.7627999782562256,
        "tackleChance": 0.08049999922513962
      },
      "gk": null,
      "spatial": {
        "ball": {
          "max": 9.474300384521484,
          "min": 7.133800029754639,
          "preferred": 7.133800029754639
        },
        "opponent": {
          "max": 223.8052978515625,
          "min": 28.746000289916992,
          "preferred": 164.88670349121094
        },
        "ownGoal": {
          "max": 171.25340270996094,
          "min": 125.0801010131836,
          "preferred": 160.70159912109375
        },
        "side": {
          "max": 437.2073974609375,
          "min": 72.77030181884766,
          "preferred": 285.3678894042969
        },
        "teammate": {
          "max": 399.89349365234375,
          "min": 79.6613998413086,
          "preferred": 132.42970275878906
        }
      }
    },
    {
      "decisions": {
        "aggression": 1.8897000551223755,
        "forwardPassMinGain": 17.395099639892578,
        "markDistance": 52.35070037841797,
        "passChanceDefault": 0.120899997651577,
        "passChanceForward": 0.16019999980926514,
        "passChancePressured": 0.1882999986410141,
        "passChanceWing": 0.14249999821186066,
        "passDirDefensive": 1.8387000560760498,
        "passDirNeutral": 1.6069999933242798,
        "passDirOffensive": 1.49399995803833,
        "riskAppetite": 1.0,
        "shootProgressThreshold": 0.7677000164985657,
        "tackleChance": 0.09059999883174896
      },
      "gk": null,
      "spatial": {
        "ball": {
          "max": 36.653499603271484,
          "min": 0.9904999732971191,
          "preferred": 36.653499603271484
        },
        "opponent": {
          "max": 228.05340576171875,
          "min": 0.0,
          "preferred": 158.82449340820312
        },
        "ownGoal": {
          "max": 697.7634887695312,
          "min": 376.67169189453125,
          "preferred": 403.7851867675781
        },
        "side": {
          "max": 451.8569030761719,
          "min": 281.81658935546875,
          "preferred": 314.6112060546875
        },
        "teammate": {
          "max": 378.62548828125,
          "min": 78.54820251464844,
          "preferred": 125.51959991455078
        }
      }
    },
    {
      "decisions": {
        "aggression": 1.9017000198364258,
        "forwardPassMinGain": 12.673299789428711,
        "markDistance": 38.547000885009766,
        "passChanceDefault": 0.08089999854564667,
        "passChanceForward": 0.07180000096559525,
        "passChancePressured": 0.1501999944448471,
        "passChanceWing": 0.25,
        "passDirDefensive": 0.08470000326633453,
        "passDirNeutral": 0.6420999765396118,
        "passDirOffensive": 1.0720000267028809,
        "riskAppetite": 0.11919999867677689,
        "shootProgressThreshold": 0.6535999774932861,
        "tackleChance": 0.03319999948143959
      },
      "gk": null,
      "spatial": {
        "ball": {
          "max": 522.9382934570312,
          "min": 134.36549377441406,
          "preferred": 308.6318054199219
        },
        "opponent": {
          "max": 294.8551940917969,
          "min": 90.45989990234375,
          "preferred": 92.40799713134766
        },
        "ownGoal": {
          "max": 900.0,
          "min": 479.2589111328125,
          "preferred": 626.1602172851562
        },
        "side": {
          "max": 311.0945129394531,
          "min": 96.57319641113281,
          "preferred": 238.9842071533203
        },
        "teammate": {
          "max": 132.32150268554688,
          "min": 69.1572036743164,
          "preferred": 69.1572036743164
        }
      }
    },
    {
      "decisions": {
        "aggression": 1.041100025177002,
        "forwardPassMinGain": 0.0,
        "markDistance": 25.40169906616211,
        "passChanceDefault": 0.030799999833106995,
        "passChanceForward": 0.15230000019073486,
        "passChancePressured": 0.3718999922275543,
        "passChanceWing": 0.21170000731945038,
        "passDirDefensive": 0.5252000093460083,
        "passDirNeutral": 0.0,
        "passDirOffensive": 0.7997999787330627,
        "riskAppetite": 0.5960000157356262,
        "shootProgressThreshold": 0.6841999888420105,
        "tackleChance": 0.2078000009059906
      },
      "gk": {
        "gkDistributionZone": 0.43149998784065247,
        "gkDiveChance": 0.894599974155426,
        "gkDiveCommitDist": 195.39669799804688,
        "gkPassTargetDist": 80.0,
        "gkRiskClearance": 0.4952999949455261
      },
      "spatial": {
        "ball": {
          "max": 568.837890625,
          "min": 522.57861328125,
          "preferred": 568.837890625
        },
        "opponent": {
          "max": 289.0494079589844,
          "min": 89.0968017578125,
          "preferred": 89.0968017578125
        },
        "ownGoal": {
          "max": 236.5648956298828,
          "min": 39.32059860229492,
          "preferred": 194.4031982421875
        },
        "side": {
          "max": 97.71430206298828,
          "min": 13.587300300598145,
          "preferred": 41.70289993286133
        },
        "teammate": {
          "max": 400.0,
          "min": 44.59550094604492,
          "preferred": 240.4541015625
        }
      }
    }
  ],
  "finishedAt": "2026-05-07T05:26:39Z",
  "gamesPerEpoch": 50000,
  "history": [
    {
      "accepted": false,
      "baselineAvgGoals": 9.76,
      "candidateAvgGoals": 4.82,
      "championEpoch": 0,
      "earlyStop": "worse",
      "elapsedMs": 181,
      "epoch": 1,
      "gamesRun": 100,
      "goalDiff": -494.0,
      "zScore": -6.982
    },
    {
      "accepted": false,
      "baselineAvgGoals": 8.358,
      "candidateAvgGoals": 7.376,
      "championEpoch": 0,
      "earlyStop": "worse",
      "elapsedMs": 18889,
      "epoch": 2,
      "gamesRun": 10500,