{
  "acceptedCount": 2,
  "acceptedEpochs": [
    2,
    12
  ],
  "averageEpochElapsedMs": 427,
  "bestGoalDiff": 486.0,
  "epochs": 20,
  "finalChampionEpoch": 12,
  "finalChampionPlayerParams": [
    {
      "decisions": {
        "aggression": 2.0,
        "forwardPassMinGain": 7.936999797821045,
        "markDistance": 80.6166000366211,
        "passChanceDefault": 0.061000000685453415,
        "passChanceForward": 0.026200000196695328,
        "passChancePressured": 0.275299996137619,
        "passChanceWing": 0.24480000138282776,
        "passDirDefensive": 1.1115000247955322,
        "passDirNeutral": 1.4904999732971191,
        "passDirOffensive": 0.5616000294685364,
        "riskAppetite": 0.5928999781608582,
        "shootProgressThreshold": 0.6164000034332275,
        "tackleChance": 0.2199999988079071
      },
      "spatial": {
        "ball": {
          "max": 0.0,
          "min": 0.0,
          "preferred": 0.0
        },
        "opponent": {
          "max": 153.2281036376953,
          "min": 40.4822998046875,
          "preferred": 153.2281036376953
        },
        "ownGoal": {
          "max": 801.4506225585938,
          "min": 357.3739013671875,
          "preferred": 718.7008056640625
        },
        "side": {
          "max": 203.54750061035156,
          "min": 29.793899536132812,
          "preferred": 29.793899536132812
        },
        "teammate": {
          "max": 300.6336975097656,
          "min": 190.91650390625,
          "preferred": 285.8955078125
        }
      }
    },
    {
      "decisions": {
        "aggression": 1.5743000507354736,
        "forwardPassMinGain": 5.875699996948242,
        "markDistance": 25.0,
        "passChanceDefault": 0.09679999947547913,
        "passChanceForward": 0.04010000079870224,
        "passChancePressured": 0.019999999552965164,
        "passChanceWing": 0.07940000295639038,
        "passDirDefensive": 1.6999000310897827,
        "passDirNeutral": 0.23109999299049377,
        "passDirOffensive": 2.0,
        "riskAppetite": 0.34310001134872437,
        "shootProgressThreshold": 0.6848000288009644,
        "tackleChance": 0.1500999927520752
      },
      "spatial": {
        "ball": {
          "max": 675.6807861328125,
          "min": 4.54449987411499,
          "preferred": 106.71189880371094
        },
        "opponent": {
          "max": 296.89190673828125,
          "min": 0.0,
          "preferred": 115.67500305175781
        },
        "ownGoal": {
          "max": 347.4309997558594,
          "min": 115.3125991821289,
          "preferred": 333.2334899902344
        },
        "side": {
          "max": 380.2261047363281,
          "min": 100.53910064697266,
          "preferred": 345.44110107421875
        },
        "teammate": {
          "max": 62.66389846801758,
          "min": 45.294498443603516,
          "preferred": 60.875301361083984
        }
      }
    },
    {
      "decisions": {
        "aggression": 2.0,
        "forwardPassMinGain": 2.358299970626831,
        "markDistance": 57.73889923095703,
        "passChanceDefault": 0.20000000298023224,
        "passChanceForward": 0.032499998807907104,
        "passChancePressured": 0.3384999930858612,
        "passChanceWing": 0.0658000037074089,
        "passDirDefensive": 1.22160005569458,
        "passDirNeutral": 0.16179999709129333,
        "passDirOffensive": 1.2454999685287476,
        "riskAppetite": 0.8007000088691711,
        "shootProgressThreshold": 0.6068000197410583,
        "tackleChance": 0.2199999988079071
      },
      "spatial": {
        "ball": {
          "max": 41.412601470947266,
          "min": 0.0,
          "preferred": 19.196800231933594
        },
        "opponent": {
          "max": 58.520599365234375,
          "min": 38.779998779296875,
          "preferred": 44.34640121459961
        },
        "ownGoal": {
          "max": 620.0360717773438,
          "min": 19.58169937133789,
          "preferred": 451.2449951171875
        },
        "side": {
          "max": 499.16180419921875,
          "min": 337.2742004394531,
          "preferred": 440.00201416015625
        },
        "teammate": {
          "max": 79.03500366210938,
          "min": 0.0,
          "preferred": 14.781599998474121
        }
      }
    },
    {
      "decisions": {
        "aggression": 1.8956999778747559,
        "forwardPassMinGain": 11.17710018157959,
        "markDistance": 63.89189910888672,
        "passChanceDefault": 0.17180000245571136,
        "passChanceForward": 0.11819999665021896,
        "passChancePressured": 0.13169999420642853,
        "passChanceWing": 0.010499999858438969,
        "passDirDefensive": 0.0,
        "passDirNeutral": 1.4675999879837036,
        "passDirOffensive": 1.3092000484466553,
        "riskAppetite": 0.0763000026345253,
        "shootProgressThreshold": 0.550000011920929,
        "tackleChance": 0.05480000004172325
      },
      "spatial": {
        "ball": {
          "max": 42.93239974975586,
          "min": 16.554899215698242,
          "preferred": 16.554899215698242
        },
        "opponent": {
          "max": 100.43399810791016,
          "min": 5.616199970245361,
          "preferred": 91.25330352783203
        },
        "ownGoal": {
          "max": 481.8312072753906,
          "min": 361.3472900390625,
          "preferred": 361.3472900390625
        },
        "side": {
          "max": 252.37530517578125,
          "min": 26.675399780273438,
          "preferred": 252.37530517578125
        },
        "teammate": {
          "max": 59.10820007324219,
          "min": 44.74909973144531,
          "preferred": 53.54140090942383
        }
      }
    },
    {
      "decisions": {
        "aggression": 1.6836999654769897,
        "forwardPassMinGain": 5.925000190734863,
        "markDistance": 25.0,
        "passChanceDefault": 0.10970000177621841,
        "passChanceForward": 0.025200000032782555,
        "passChancePressured": 0.20149999856948853,
        "passChanceWing": 0.17790000140666962,
        "passDirDefensive": 0.6901000142097473,
        "passDirNeutral": 1.3499000072479248,
        "passDirOffensive": 1.4881000518798828,
        "riskAppetite": 0.6064000129699707,
        "shootProgressThreshold": 0.7857999801635742,
        "tackleChance": 0.035999998450279236
      },
      "spatial": {
        "ball": {
          "max": 665.6246948242188,
          "min": 209.63760375976562,
          "preferred": 398.87640380859375
        },
        "opponent": {
          "max": 249.4927978515625,
          "min": 172.60369873046875,
          "preferred": 207.48260498046875
        },
        "ownGoal": {
          "max": 824.9962158203125,
          "min": 60.24209976196289,
          "preferred": 386.04510498046875
        },
        "side": {
          "max": 331.91949462890625,
          "min": 196.3769989013672,
          "preferred": 215.14610290527344
        },
        "teammate": {
          "max": 400.0,
          "min": 134.59669494628906,
          "preferred": 314.74639892578125
        }
      }
    }
  ],
  "finishedAt": "2026-05-05T08:55:21Z",
  "gamesPerEpoch": 5000,
  "history": [
    {
      "accepted": false,
      "baselineAvgGoals": 15.19,
      "candidateAvgGoals": 5.42,
      "championEpoch": 0,
      "earlyStop": "worse",
      "elapsedMs": 190,
      "epoch": 1,
      "gamesRun": 100,
      "goalDiff": -977.0,
      "zScore": -18.034
    },
    {
      "accepted": true,
      "baselineAvgGoals": 8.528,
      "candidateAvgGoals": 8.832,
      "championEpoch": 2,
      "earlyStop": "better",
      "elapsedMs": 3256,
      "epoch": 2,
      "gamesRun": 1600,
      "goalDiff": 486.0,
      "zScore": 2.558
    },
    {
      "accepted": false,
      "baselineAvgGoals": 8.86,
      "candidateAvgGoals": 7.38,
      "championEpoch": 2,
      "earlyStop": "worse",
      "elapsedMs": 182,
      "epoch": 3,
      "gamesRun": 100,
      "goalDiff": -148.0,