{
  "acceptedCount": 0,
  "acceptedEpochs": [],
  "averageEpochElapsedMs": 792,
  "bestGoalDiff": 1.0,
  "epochs": 20,
  "finalChampionEpoch": 0,
  "finalChampionPlayerParams": [
    {
      "decisions": {
        "aggression": 1.8803000450134277,
        "forwardPassMinGain": 3.2090001106262207,
        "markDistance": 76.67030334472656,
        "passChanceDefault": 0.07240000367164612,
        "passChanceForward": 0.029200000688433647,
        "passChancePressured": 0.22040000557899475,
        "passChanceWing": 0.25,
        "passDirDefensive": 1.0046000480651855,
        "passDirNeutral": 1.5069999694824219,
        "passDirOffensive": 0.7616000175476074,
        "riskAppetite": 0.5425000190734863,
        "shootProgressThreshold": 0.685699999332428,
        "tackleChance": 0.2199999988079071
      },
      "spatial": {
        "ball": {
          "max": 0.0,
          "min": 0.0,
          "preferred": 0.0
        },
        "opponent": {
          "max": 203.4477996826172,
          "min": 44.424400329589844,
          "preferred": 199.32789611816406
        },
        "ownGoal": {
          "max": 800.2872924804688,
          "min": 379.8721923828125,
          "preferred": 615.6447143554688
        },
        "side": {
          "max": 123.73819732666016,
          "min": 46.054901123046875,
          "preferred": 58.199798583984375
        },
        "teammate": {
          "max": 306.1482849121094,
          "min": 194.72950744628906,
          "preferred": 267.3214111328125
        }
      }
    },
    {
      "decisions": {
        "aggression": 1.6073999404907227,
        "forwardPassMinGain": 7.07390022277832,
        "markDistance": 25.0,
        "passChanceDefault": 0.12229999899864197,
        "passChanceForward": 0.043699998408555984,
        "passChancePressured": 0.019999999552965164,
        "passChanceWing": 0.059300001710653305,
        "passDirDefensive": 1.7484999895095825,
        "passDirNeutral": 0.16660000383853912,
        "passDirOffensive": 2.0,
        "riskAppetite": 0.3573000133037567,
        "shootProgressThreshold": 0.6789000034332275,
        "tackleChance": 0.09030000120401382
      },
      "spatial": {
        "ball": {
          "max": 619.3314819335938,
          "min": 0.0,
          "preferred": 113.5282974243164
        },
        "opponent": {
          "max": 342.9179992675781,
          "min": 0.0,
          "preferred": 61.764198303222656
        },
        "ownGoal": {
          "max": 347.4309997558594,
          "min": 115.3125991821289,
          "preferred": 252.06610107421875
        },
        "side": {
          "max": 346.27899169921875,
          "min": 100.53910064697266,
          "preferred": 335.40521240234375
        },
        "teammate": {
          "max": 67.9135971069336,
          "min": 24.527599334716797,
          "preferred": 67.9135971069336
        }
      }
    },
    {
      "decisions": {
        "aggression": 1.061900019645691,
        "forwardPassMinGain": 3.9716999530792236,
        "markDistance": 34.290199279785156,
        "passChanceDefault": 0.20000000298023224,
        "passChanceForward": 0.04089999943971634,
        "passChancePressured": 0.33090001344680786,
        "passChanceWing": 0.048700001090765,
        "passDirDefensive": 1.3812999725341797,
        "passDirNeutral": 0.0,
        "passDirOffensive": 1.2031999826431274,
        "riskAppetite": 0.8007000088691711,
        "shootProgressThreshold": 0.550000011920929,
        "tackleChance": 0.2199999988079071
      },
      "spatial": {
        "ball": {
          "max": 39.41389846801758,
          "min": 0.0,
          "preferred": 0.0
        },
        "opponent": {
          "max": 47.774200439453125,
          "min": 0.0,
          "preferred": 27.870899200439453
        },
        "ownGoal": {
          "max": 663.1390991210938,
          "min": 2.0933001041412354,
          "preferred": 440.64569091796875
        },
        "side": {
          "max": 493.64410400390625,
          "min": 316.1796875,
          "preferred": 408.2041015625
        },
        "teammate": {
          "max": 78.8230972290039,
          "min": 0.0,
          "preferred": 2.0599000453948975
        }
      }
    },
    {
      "decisions": {
        "aggression": 1.9253000020980835,
        "forwardPassMinGain": 16.621200561523438,
        "markDistance": 64.40480041503906,
        "passChanceDefault": 0.1987999975681305,
        "passChanceForward": 0.0142000000923872,
        "passChancePressured": 0.11990000307559967,
        "passChanceWing": 0.009999999776482582,
        "passDirDefensive": 0.05739999935030937,
        "passDirNeutral": 1.5401999950408936,
        "passDirOffensive": 1.9093999862670898,
        "riskAppetite": 0.03480000048875809,
        "shootProgressThreshold": 0.550000011920929,
        "tackleChance": 0.08009999990463257
      },
      "spatial": {
        "ball": {
          "max": 42.93239974975586,
          "min": 26.298599243164062,
          "preferred": 26.298599243164062
        },
        "opponent": {
          "max": 79.65509796142578,
          "min": 16.61709976196289,
          "preferred": 79.65509796142578
        },
        "ownGoal": {
          "max": 451.972412109375,
          "min": 410.6979064941406,
          "preferred": 410.6979064941406
        },
        "side": {
          "max": 276.97601318359375,
          "min": 61.8135986328125,
          "preferred": 276.97601318359375
        },
        "teammate": {
          "max": 57.981300354003906,
          "min": 13.145600318908691,
          "preferred": 57.981300354003906
        }
      }
    },
    {
      "decisions": {
        "aggression": 1.7408000230789185,
        "forwardPassMinGain": 6.896299839019775,
        "markDistance": 25.0,
        "passChanceDefault": 0.09889999777078629,
        "passChanceForward": 0.010599999688565731,
        "passChancePressured": 0.1518000066280365,
        "passChanceWing": 0.22679999470710754,
        "passDirDefensive": 0.6901000142097473,
        "passDirNeutral": 1.4505000114440918,
        "passDirOffensive": 1.4881000518798828,
        "riskAppetite": 0.6547999978065491,
        "shootProgressThreshold": 0.8228999972343445,
        "tackleChance": 0.031700000166893005
      },
      "spatial": {
        "ball": {
          "max": 666.7437133789062,
          "min": 91.05480194091797,
          "preferred": 350.85308837890625
        },
        "opponent": {
          "max": 235.5198974609375,
          "min": 172.60369873046875,
          "preferred": 215.7991943359375
        },
        "ownGoal": {
          "max": 900.0,
          "min": 36.532798767089844,
          "preferred": 424.6156005859375
        },
        "side": {
          "max": 327.0483093261719,
          "min": 188.1486053466797,
          "preferred": 220.05599975585938
        },
        "teammate": {
          "max": 400.0,
          "min": 128.10519409179688,
          "preferred": 296.61669921875
        }
      }
    }
  ],
  "finishedAt": "2026-05-05T09:19:13Z",
  "gamesPerEpoch": 5000,
  "history": [
    {
      "accepted": false,
      "baselineAvgGoals": 9.72,
      "candidateAvgGoals": 9.7,
      "championEpoch": 0,
      "earlyStop": "indecisive",
      "elapsedMs": 181,
      "epoch": 1,
      "gamesRun": 100,
      "goalDiff": -2.0,
      "zScore": -0.021
    },
    {
      "accepted": false,
      "baselineAvgGoals": 11.09,
      "candidateAvgGoals": 8.54,
      "championEpoch": 0,
      "earlyStop": "worse",
      "elapsedMs": 179,
      "epoch": 2,
      "gamesRun": 100,
      "goalDiff": -255.0,
      "zScore": -3.075
    },
    {
      "accepted": false,
      "baselineAvgGoals": 9.5,
      "candidateAvgGoals": 2.55,
      "championEpoch": 0,
      "earlyStop": "worse",
      "elapsedMs": 175,
      "epoch": 3,
      "gamesRun": 100,
      "goalDiff": -695.0,
      "zScore": -19.94
    },
    {
      "accepted": false,
      "baselineAvgGoals": 12.01,