{
  "acceptedCount": 1,
  "acceptedEpochs": [
    4
  ],
  "averageEpochElapsedMs": 707,
  "bestGoalDiff": 236.0,
  "epochs": 5,
  "finalChampionEpoch": 4,
  "finalChampionPlayerParams": [
    {
      "decisions": {
        "aggression": 1.3667000532150269,
        "forwardPassMinGain": 4.059700012207031,
        "markDistance": 75.95649719238281,
        "passChanceDefault": 0.07639999687671661,
        "passChanceForward": 0.018200000748038292,
        "passChancePressured": 0.3666999936103821,
        "passChanceWing": 0.06120000034570694,
        "passDirDefensive": 0.32499998807907104,
        "passDirNeutral": 1.7130999565124512,
        "passDirOffensive": 1.0815000534057617,
        "riskAppetite": 0.8791999816894531,
        "shootProgressThreshold": 0.550000011920929,
        "tackleChance": 0.06780000030994415
      },
      "gk": null,
      "spatial": {
        "ball": {
          "max": 456.3291931152344,
          "min": 0.0,
          "preferred": 158.05630493164062
        },
        "opponent": {
          "max": 212.58030700683594,
          "min": 0.0,
          "preferred": 64.95690155029297
        },
        "ownGoal": {
          "max": 730.3682861328125,
          "min": 539.4683837890625,
          "preferred": 553.5695190429688
        },
        "side": {
          "max": 334.073486328125,
          "min": 212.9947967529297,
          "preferred": 334.073486328125
        },
        "teammate": {
          "max": 356.0733947753906,
          "min": 144.10069274902344,
          "preferred": 165.68080139160156
        }
      }
    },
    {
      "decisions": {
        "aggression": 0.2395000010728836,
        "forwardPassMinGain": 14.682299613952637,
        "markDistance": 44.3400993347168,
        "passChanceDefault": 0.004999999888241291,
        "passChanceForward": 0.024700000882148743,
        "passChancePressured": 0.10040000081062317,
        "passChanceWing": 0.17329999804496765,
        "passDirDefensive": 0.0,
        "passDirNeutral": 1.592900037765503,
        "passDirOffensive": 1.4354000091552734,
        "riskAppetite": 0.31940001249313354,
        "shootProgressThreshold": 0.6791999936103821,
        "tackleChance": 0.2199999988079071
      },
      "gk": null,
      "spatial": {
        "ball": {
          "max": 47.214298248291016,
          "min": 0.0,
          "preferred": 24.482799530029297
        },
        "opponent": {
          "max": 103.24410247802734,
          "min": 40.55590057373047,
          "preferred": 103.24410247802734
        },
        "ownGoal": {
          "max": 871.4708862304688,
          "min": 138.773193359375,
          "preferred": 184.7624053955078
        },
        "side": {
          "max": 364.434814453125,
          "min": 57.13850021362305,
          "preferred": 209.1699981689453
        },
        "teammate": {
          "max": 388.019287109375,
          "min": 221.9875030517578,
          "preferred": 377.87139892578125
        }
      }
    },
    {
      "decisions": {
        "aggression": 1.694200038909912,
        "forwardPassMinGain": 12.825300216674805,
        "markDistance": 52.595699310302734,
        "passChanceDefault": 0.15299999713897705,
        "passChanceForward": 0.14149999618530273,
        "passChancePressured": 0.22179999947547913,
        "passChanceWing": 0.009999999776482582,
        "passDirDefensive": 0.3179999887943268,
        "passDirNeutral": 1.1032999753952026,
        "passDirOffensive": 1.981600046157837,
        "riskAppetite": 0.4884999990463257,
        "shootProgressThreshold": 0.8385000228881836,
        "tackleChance": 0.13750000298023224
      },
      "gk": null,
      "spatial": {
        "ball": {
          "max": 11.84469985961914,
          "min": 0.0,
          "preferred": 3.574899911880493
        },
        "opponent": {
          "max": 216.31309509277344,
          "min": 30.854400634765625,
          "preferred": 47.72480010986328
        },
        "ownGoal": {
          "max": 235.43960571289062,
          "min": 225.76820373535156,
          "preferred": 225.76820373535156
        },
        "side": {
          "max": 328.08929443359375,
          "min": 299.4580078125,
          "preferred": 328.08929443359375
        },
        "teammate": {
          "max": 146.92019653320312,
          "min": 11.035400390625,
          "preferred": 133.98300170898438
        }
      }
    },
    {
      "decisions": {
        "aggression": 1.544700026512146,
        "forwardPassMinGain": 9.85319995880127,
        "markDistance": 36.10240173339844,
        "passChanceDefault": 0.1517000049352646,
        "passChanceForward": 0.016100000590085983,
        "passChancePressured": 0.18539999425411224,
        "passChanceWing": 0.15330000221729279,
        "passDirDefensive": 1.8535000085830688,
        "passDirNeutral": 0.883899986743927,
        "passDirOffensive": 1.260699987411499,
        "riskAppetite": 0.30820000171661377,
        "shootProgressThreshold": 0.7228999733924866,
        "tackleChance": 0.18160000443458557
      },
      "gk": null,
      "spatial": {
        "ball": {
          "max": 532.9967041015625,
          "min": 106.20690155029297,
          "preferred": 243.92919921875
        },
        "opponent": {
          "max": 400.0,
          "min": 56.02519989013672,
          "preferred": 205.36380004882812
        },
        "ownGoal": {
          "max": 362.9819030761719,
          "min": 330.9202880859375,
          "preferred": 362.9819030761719
        },
        "side": {
          "max": 133.66580200195312,
          "min": 73.66809844970703,
          "preferred": 73.66809844970703
        },
        "teammate": {
          "max": 77.60209655761719,
          "min": 74.34880065917969,
          "preferred": 77.60209655761719
        }
      }
    },
    {
      "decisions": {
        "aggression": 0.5266000032424927,
        "forwardPassMinGain": 4.054900169372559,
        "markDistance": 78.98400115966797,
        "passChanceDefault": 0.20000000298023224,
        "passChanceForward": 0.04769999906420708,
        "passChancePressured": 0.3725999891757965,
        "passChanceWing": 0.18369999527931213,
        "passDirDefensive": 0.6363000273704529,
        "passDirNeutral": 0.325300008058548,
        "passDirOffensive": 1.3034000396728516,
        "riskAppetite": 0.9434000253677368,
        "shootProgressThreshold": 0.7803999781608582,
        "tackleChance": 0.07970000058412552
      },
      "gk": {
        "gkDistributionZone": 0.7368000149726868,
        "gkDiveChance": 0.9937000274658203,
        "gkDiveCommitDist": 64.82080078125,
        "gkPassTargetDist": 213.6490020751953,
        "gkRiskClearance": 0.5054000020027161
      },
      "spatial": {
        "ball": {
          "max": 298.239501953125,
          "min": 82.21189880371094,
          "preferred": 195.60879516601562
        },
        "opponent": {
          "max": 327.62908935546875,
          "min": 320.43280029296875,
          "preferred": 327.62908935546875
        },
        "ownGoal": {
          "max": 704.8048706054688,
          "min": 342.5115051269531,
          "preferred": 342.5115051269531
        },
        "side": {
          "max": 202.90719604492188,
          "min": 198.01370239257812,
          "preferred": 202.90719604492188
        },
        "teammate": {
          "max": 252.72169494628906,
          "min": 92.72869873046875,
          "preferred": 248.0395965576172
        }
      }
    }
  ],
  "finishedAt": "2026-05-06T02:33:47Z",
  "gamesPerEpoch": 50000,
  "history": [
    {
      "accepted": false,
      "baselineAvgGoals": 4.928,
      "candidateAvgGoals": 4.348,
      "championEpoch": 0,
      "earlyStop": "worse",
      "elapsedMs": 688,
      "epoch": 1,
      "gamesRun": 400,
      "goalDiff": -232.0,
      "zScore": -3.788
    },
    {
      "accepted": false,
      "baselineAvgGoals": 3.14,
      "candidateAvgGoals": 1.69,
      "championEpoch": 0,
      "earlyStop": "worse",