{
  "acceptedCount": 1,
  "acceptedEpochs": [
    12
  ],
  "averageEpochElapsedMs": 2332,
  "bestGoalDiff": 282.0,
  "epochs": 20,
  "finalChampionEpoch": 12,
  "finalChampionPlayerParams": [
    {
      "decisions": {
        "aggression": 1.460800051689148,
        "forwardPassMinGain": 6.883600234985352,
        "markDistance": 82.94149780273438,
        "passChanceDefault": 0.045499999076128006,
        "passChanceForward": 0.0421999990940094,
        "passChancePressured": 0.4000000059604645,
        "passChanceWing": 0.13289999961853027,
        "passDirDefensive": 0.0,
        "passDirNeutral": 1.9895000457763672,
        "passDirOffensive": 1.233199954032898,
        "riskAppetite": 0.8830999732017517,
        "shootProgressThreshold": 0.5827999711036682,
        "tackleChance": 0.05079999938607216
      },
      "gk": null,
      "spatial": {
        "ball": {
          "max": 365.12921142578125,
          "min": 23.319499969482422,
          "preferred": 214.08790588378906
        },
        "opponent": {
          "max": 200.34410095214844,
          "min": 35.32740020751953,
          "preferred": 113.29139709472656
        },
        "ownGoal": {
          "max": 707.2639770507812,
          "min": 422.3370056152344,
          "preferred": 586.343994140625
        },
        "side": {
          "max": 367.2955017089844,
          "min": 155.16470336914062,
          "preferred": 319.5278015136719
        },
        "teammate": {
          "max": 391.71258544921875,
          "min": 143.0583038330078,
          "preferred": 164.7465057373047
        }
      }
    },
    {
      "decisions": {
        "aggression": 0.5493000149726868,
        "forwardPassMinGain": 17.215700149536133,
        "markDistance": 58.267398834228516,
        "passChanceDefault": 0.011800000444054604,
        "passChanceForward": 0.08009999990463257,
        "passChancePressured": 0.052799999713897705,
        "passChanceWing": 0.21119999885559082,
        "passDirDefensive": 0.21320000290870667,
        "passDirNeutral": 2.0,
        "passDirOffensive": 1.5973999500274658,
        "riskAppetite": 0.29840001463890076,
        "shootProgressThreshold": 0.6779999732971191,
        "tackleChance": 0.17659999430179596
      },
      "gk": null,
      "spatial": {
        "ball": {
          "max": 27.627599716186523,
          "min": 0.690500020980835,
          "preferred": 5.19980001449585
        },
        "opponent": {
          "max": 143.04400634765625,
          "min": 58.8765983581543,
          "preferred": 89.38990020751953
        },
        "ownGoal": {
          "max": 852.5618896484375,
          "min": 156.4976043701172,
          "preferred": 305.2925109863281
        },
        "side": {
          "max": 303.5133056640625,
          "min": 71.70459747314453,
          "preferred": 178.14230346679688
        },
        "teammate": {
          "max": 344.1260986328125,
          "min": 223.84829711914062,
          "preferred": 344.1260986328125
        }
      }
    },
    {
      "decisions": {
        "aggression": 1.7526999711990356,
        "forwardPassMinGain": 10.464300155639648,
        "markDistance": 66.61530303955078,
        "passChanceDefault": 0.17159999907016754,
        "passChanceForward": 0.10819999873638153,
        "passChancePressured": 0.17239999771118164,
        "passChanceWing": 0.05849999934434891,
        "passDirDefensive": 0.0,
        "passDirNeutral": 1.2470999956130981,
        "passDirOffensive": 1.607200026512146,
        "riskAppetite": 0.6484000086784363,
        "shootProgressThreshold": 0.885200023651123,
        "tackleChance": 0.13899999856948853
      },
      "gk": null,
      "spatial": {
        "ball": {
          "max": 38.07040023803711,
          "min": 23.593000411987305,
          "preferred": 23.593000411987305
        },
        "opponent": {
          "max": 173.58880615234375,
          "min": 7.0416998863220215,
          "preferred": 84.76319885253906
        },
        "ownGoal": {
          "max": 279.3124084472656,
          "min": 130.66769409179688,
          "preferred": 130.66769409179688
        },
        "side": {
          "max": 398.3367004394531,
          "min": 288.7372131347656,
          "preferred": 288.7372131347656
        },
        "teammate": {
          "max": 95.3772964477539,
          "min": 1.5745999813079834,
          "preferred": 90.68370056152344
        }
      }
    },
    {
      "decisions": {
        "aggression": 1.4703999757766724,
        "forwardPassMinGain": 10.518099784851074,
        "markDistance": 43.33449935913086,
        "passChanceDefault": 0.15600000321865082,
        "passChanceForward": 0.01810000091791153,
        "passChancePressured": 0.21089999377727509,
        "passChanceWing": 0.18780000507831573,
        "passDirDefensive": 1.9544999599456787,
        "passDirNeutral": 0.8180999755859375,
        "passDirOffensive": 0.8159999847412109,
        "riskAppetite": 0.3345000147819519,
        "shootProgressThreshold": 0.6694999933242798,
        "tackleChance": 0.16189999878406525
      },
      "gk": null,
      "spatial": {
        "ball": {
          "max": 496.0517883300781,
          "min": 133.49090576171875,
          "preferred": 374.7886962890625
        },
        "opponent": {
          "max": 400.0,
          "min": 74.6521987915039,
          "preferred": 182.69320678710938
        },
        "ownGoal": {
          "max": 584.17431640625,
          "min": 403.8370056152344,
          "preferred": 446.40679931640625
        },
        "side": {
          "max": 144.9788055419922,
          "min": 25.53230094909668,
          "preferred": 48.732398986816406
        },
        "teammate": {
          "max": 87.3313980102539,
          "min": 86.61119842529297,
          "preferred": 87.3313980102539
        }
      }
    },
    {
      "decisions": {
        "aggression": 0.5266000032424927,
        "forwardPassMinGain": 4.054900169372559,
        "markDistance": 78.98400115966797,
        "passChanceDefault": 0.20000000298023224,
        "passChanceForward": 0.04769999906420708,
        "passChancePressured": 0.3725999891757965,
        "passChanceWing": 0.18369999527931213,
        "passDirDefensive": 0.6363000273704529,
        "passDirNeutral": 0.325300008058548,
        "passDirOffensive": 1.3034000396728516,
        "riskAppetite": 0.9434000253677368,
        "shootProgressThreshold": 0.7803999781608582,
        "tackleChance": 0.07970000058412552
      },
      "gk": {
        "gkDistributionZone": 0.6255000233650208,
        "gkDiveChance": 1.0,
        "gkDiveCommitDist": 60.0,
        "gkPassTargetDist": 270.2867126464844,
        "gkRiskClearance": 0.47519999742507935
      },
      "spatial": {
        "ball": {
          "max": 314.39300537109375,
          "min": 163.90310668945312,
          "preferred": 189.6405029296875
        },
        "opponent": {
          "max": 400.0,
          "min": 319.8927001953125,
          "preferred": 319.8927001953125
        },
        "ownGoal": {
          "max": 555.7341918945312,
          "min": 398.9212951660156,
          "preferred": 481.78021240234375
        },
        "side": {
          "max": 240.61700439453125,
          "min": 205.0426025390625,
          "preferred": 225.8489990234375
        },
        "teammate": {
          "max": 297.26031494140625,
          "min": 116.36710357666016,
          "preferred": 281.1505126953125
        }
      }
    }
  ],
  "finishedAt": "2026-05-06T02:21:15Z",
  "gamesPerEpoch": 5000,
  "history": [
    {
      "accepted": false,
      "baselineAvgGoals": 7.289,
      "candidateAvgGoals": 7.188,
      "championEpoch": 0,
      "earlyStop": "indecisive",
      "elapsedMs": 3716,
      "epoch": 1,
      "gamesRun": 325,
      "goalDiff": -33.0,
      "zScore": -0.494
    },
    {
      "accepted": false,
      "baselineAvgGoals": 9.018,
      "candidateAvgGoals": 7.753,
      "championEpoch": 0,
      "earlyStop": "worse",