{
  "acceptedCount": 1,
  "acceptedEpochs": [
    7
  ],
  "averageEpochElapsedMs": 892,
  "bestGoalDiff": 98.0,
  "epochs": 20,
  "finalChampionEpoch": 7,
  "finalChampionPlayerParams": [
    {
      "decisions": {
        "aggression": 0.23330000042915344,
        "forwardPassMinGain": 9.999099731445312,
        "markDistance": 31.869199752807617,
        "passChanceDefault": 0.1404000073671341,
        "passChanceForward": 0.18000000715255737,
        "passChancePressured": 0.28790000081062317,
        "passChanceWing": 0.012900000438094139,
        "passDirDefensive": 0.40450000762939453,
        "passDirNeutral": 1.24590003490448,
        "passDirOffensive": 1.9764000177383423,
        "riskAppetite": 0.9330000281333923,
        "shootProgressThreshold": 0.6816999912261963,
        "tackleChance": 0.04399999976158142
      },
      "gk": null,
      "spatial": {
        "ball": {
          "max": 223.28160095214844,
          "min": 58.5099983215332,
          "preferred": 58.5099983215332
        },
        "opponent": {
          "max": 280.6213073730469,
          "min": 0.0,
          "preferred": 66.2426986694336
        },
        "ownGoal": {
          "max": 320.9129943847656,
          "min": 297.57220458984375,
          "preferred": 320.9129943847656
        },
        "side": {
          "max": 356.7060852050781,
          "min": 159.34230041503906,
          "preferred": 327.0328063964844
        },
        "teammate": {
          "max": 155.9470977783203,
          "min": 93.12580108642578,
          "preferred": 94.23310089111328
        }
      }
    },
    {
      "decisions": {
        "aggression": 1.6008000373840332,
        "forwardPassMinGain": 13.064599990844727,
        "markDistance": 46.00680160522461,
        "passChanceDefault": 0.004999999888241291,
        "passChanceForward": 0.04729999974370003,
        "passChancePressured": 0.06530000269412994,
        "passChanceWing": 0.020099999383091927,
        "passDirDefensive": 0.5116999745368958,
        "passDirNeutral": 1.1827000379562378,
        "passDirOffensive": 0.7080000042915344,
        "riskAppetite": 0.7185999751091003,
        "shootProgressThreshold": 0.5612000226974487,
        "tackleChance": 0.2013999968767166
      },
      "gk": null,
      "spatial": {
        "ball": {
          "max": 52.175498962402344,
          "min": 4.363500118255615,
          "preferred": 8.53279972076416
        },
        "opponent": {
          "max": 132.64120483398438,
          "min": 37.46039962768555,
          "preferred": 91.04019927978516
        },
        "ownGoal": {
          "max": 718.5780029296875,
          "min": 27.812700271606445,
          "preferred": 357.53851318359375
        },
        "side": {
          "max": 404.9783020019531,
          "min": 117.25509643554688,
          "preferred": 330.8869934082031
        },
        "teammate": {
          "max": 211.5570068359375,
          "min": 119.5562973022461,
          "preferred": 178.606201171875
        }
      }
    },
    {
      "decisions": {
        "aggression": 1.136299967765808,
        "forwardPassMinGain": 0.0,
        "markDistance": 25.0,
        "passChanceDefault": 0.11330000311136246,
        "passChanceForward": 0.03420000150799751,
        "passChancePressured": 0.021900000050663948,
        "passChanceWing": 0.1923000067472458,
        "passDirDefensive": 0.46540001034736633,
        "passDirNeutral": 1.5927000045776367,
        "passDirOffensive": 1.7777999639511108,
        "riskAppetite": 0.7473999857902527,
        "shootProgressThreshold": 0.5536999702453613,
        "tackleChance": 0.15379999577999115
      },
      "gk": null,
      "spatial": {
        "ball": {
          "max": 0.0,
          "min": 0.0,
          "preferred": 0.0
        },
        "opponent": {
          "max": 181.29559326171875,
          "min": 19.234100341796875,
          "preferred": 106.62899780273438
        },
        "ownGoal": {
          "max": 187.24769592285156,
          "min": 182.69970703125,
          "preferred": 187.24769592285156
        },
        "side": {
          "max": 387.3699035644531,
          "min": 187.15789794921875,
          "preferred": 219.17999267578125
        },
        "teammate": {
          "max": 396.1258850097656,
          "min": 7.129799842834473,
          "preferred": 288.4923095703125
        }
      }
    },
    {
      "decisions": {
        "aggression": 1.6633000373840332,
        "forwardPassMinGain": 9.967499732971191,
        "markDistance": 32.60219955444336,
        "passChanceDefault": 0.06780000030994415,
        "passChanceForward": 0.09600000083446503,
        "passChancePressured": 0.3961000144481659,
        "passChanceWing": 0.16439999639987946,
        "passDirDefensive": 1.783400058746338,
        "passDirNeutral": 1.6366000175476074,
        "passDirOffensive": 1.666100025177002,
        "riskAppetite": 0.5483999848365784,
        "shootProgressThreshold": 0.6614000201225281,
        "tackleChance": 0.03590000048279762
      },
      "gk": null,
      "spatial": {
        "ball": {
          "max": 95.38710021972656,
          "min": 10.738200187683105,
          "preferred": 75.04350280761719
        },
        "opponent": {
          "max": 169.26119995117188,
          "min": 57.35049819946289,
          "preferred": 73.9800033569336
        },
        "ownGoal": {
          "max": 472.9642028808594,
          "min": 12.713000297546387,
          "preferred": 247.93760681152344
        },
        "side": {
          "max": 396.448486328125,
          "min": 33.938201904296875,
          "preferred": 74.76580047607422
        },
        "teammate": {
          "max": 351.27740478515625,
          "min": 14.1274995803833,
          "preferred": 170.04319763183594
        }
      }
    },
    {
      "decisions": {
        "aggression": 0.8227999806404114,
        "forwardPassMinGain": 7.785299777984619,
        "markDistance": 77.96189880371094,
        "passChanceDefault": 0.043699998408555984,
        "passChanceForward": 0.022199999541044235,
        "passChancePressured": 0.34220001101493835,
        "passChanceWing": 0.19529999792575836,
        "passDirDefensive": 0.5604000091552734,
        "passDirNeutral": 1.8381999731063843,
        "passDirOffensive": 1.5464999675750732,
        "riskAppetite": 0.10530000180006027,
        "shootProgressThreshold": 0.5993000268936157,
        "tackleChance": 0.2199999988079071
      },
      "gk": {
        "gkDistributionZone": 0.42899999022483826,
        "gkDiveChance": 0.8061000108718872,
        "gkDiveCommitDist": 203.2982940673828,
        "gkPassTargetDist": 209.4029998779297,
        "gkRiskClearance": 0.6202999949455261
      },
      "spatial": {
        "ball": {
          "max": 515.5772094726562,
          "min": 508.1903991699219,
          "preferred": 515.5772094726562
        },
        "opponent": {
          "max": 109.33740234375,
          "min": 64.17259979248047,
          "preferred": 98.90170288085938
        },
        "ownGoal": {
          "max": 95.76640319824219,
          "min": 44.448299407958984,
          "preferred": 44.448299407958984
        },
        "side": {
          "max": 512.6748046875,
          "min": 361.5315856933594,
          "preferred": 383.968505859375
        },
        "teammate": {
          "max": 400.0,
          "min": 81.15889739990234,
          "preferred": 197.71170043945312
        }
      }
    }
  ],
  "finishedAt": "2026-05-06T01:34:13Z",
  "gamesPerEpoch": 5000,
  "history": [
    {
      "accepted": false,
      "baselineAvgGoals": 1.124,
      "candidateAvgGoals": 1.169,
      "championEpoch": 0,
      "earlyStop": "indecisive",
      "elapsedMs": 765,
      "epoch": 1,
      "gamesRun": 225,
      "goalDiff": 10.0,
      "zScore": 0.438
    },
    {
      "accepted": false,
      "baselineAvgGoals": 1.19,
      "candidateAvgGoals": 1.192,
      "championEpoch": 0,
      "earlyStop": "indecisive",