{
  "acceptedCount": 1,
  "acceptedEpochs": [
    1
  ],
  "averageEpochElapsedMs": 878,
  "bestGoalDiff": 210.0,
  "epochs": 5,
  "finalChampionEpoch": 1,
  "finalChampionPlayerParams": [
    {
      "decisions": {
        "aggression": 1.7301000356674194,
        "forwardPassMinGain": 0.0,
        "markDistance": 76.67030334472656,
        "passChanceDefault": 0.021800000220537186,
        "passChanceForward": 0.028200000524520874,
        "passChancePressured": 0.26980000734329224,
        "passChanceWing": 0.25,
        "passDirDefensive": 0.0,
        "passDirNeutral": 1.4967000484466553,
        "passDirOffensive": 0.7738999724388123,
        "riskAppetite": 0.5710999965667725,
        "shootProgressThreshold": 0.6345000267028809,
        "tackleChance": 0.2199999988079071
      },
      "spatial": {
        "ball": {
          "max": 3.216599941253662,
          "min": 0.0,
          "preferred": 0.0
        },
        "opponent": {
          "max": 207.16900634765625,
          "min": 17.44230079650879,
          "preferred": 172.71690368652344
        },
        "ownGoal": {
          "max": 767.1337890625,
          "min": 434.33489990234375,
          "preferred": 671.477294921875
        },
        "side": {
          "max": 228.02220153808594,
          "min": 69.33889770507812,
          "preferred": 87.50090026855469
        },
        "teammate": {
          "max": 295.6554870605469,
          "min": 198.42100524902344,
          "preferred": 237.96949768066406
        }
      }
    },
    {
      "decisions": {
        "aggression": 1.704800009727478,
        "forwardPassMinGain": 5.44890022277832,
        "markDistance": 25.0,
        "passChanceDefault": 0.12870000302791595,
        "passChanceForward": 0.04740000143647194,
        "passChancePressured": 0.019999999552965164,
        "passChanceWing": 0.059300001710653305,
        "passDirDefensive": 1.447100043296814,
        "passDirNeutral": 0.12639999389648438,
        "passDirOffensive": 2.0,
        "riskAppetite": 0.4101000130176544,
        "shootProgressThreshold": 0.6789000034332275,
        "tackleChance": 0.024700000882148743
      },
      "spatial": {
        "ball": {
          "max": 628.8773193359375,
          "min": 21.423999786376953,
          "preferred": 109.85070037841797
        },
        "opponent": {
          "max": 342.9179992675781,
          "min": 7.6149001121521,
          "preferred": 107.26959991455078
        },
        "ownGoal": {
          "max": 302.64111328125,
          "min": 115.3125991821289,
          "preferred": 302.64111328125
        },
        "side": {
          "max": 346.27899169921875,
          "min": 100.53910064697266,
          "preferred": 346.27899169921875
        },
        "teammate": {
          "max": 76.02580261230469,
          "min": 37.69459915161133,
          "preferred": 76.02580261230469
        }
      }
    },
    {
      "decisions": {
        "aggression": 1.061900019645691,
        "forwardPassMinGain": 5.2418999671936035,
        "markDistance": 32.34120178222656,
        "passChanceDefault": 0.20000000298023224,
        "passChanceForward": 0.03139999881386757,
        "passChancePressured": 0.374099999666214,
        "passChanceWing": 0.03590000048279762,
        "passDirDefensive": 0.1768999993801117,
        "passDirNeutral": 0.0,
        "passDirOffensive": 1.2031999826431274,
        "riskAppetite": 0.9090999960899353,
        "shootProgressThreshold": 0.5501999855041504,
        "tackleChance": 0.1793999969959259
      },
      "spatial": {
        "ball": {
          "max": 22.78380012512207,
          "min": 0.0,
          "preferred": 22.78380012512207
        },
        "opponent": {
          "max": 47.774200439453125,
          "min": 0.0,
          "preferred": 27.870899200439453
        },
        "ownGoal": {
          "max": 701.6174926757812,
          "min": 0.0,
          "preferred": 431.1575012207031
        },
        "side": {
          "max": 479.3819885253906,
          "min": 320.473388671875,
          "preferred": 360.1460876464844
        },
        "teammate": {
          "max": 77.4540023803711,
          "min": 0.0,
          "preferred": 29.04520034790039
        }
      }
    },
    {
      "decisions": {
        "aggression": 1.9250999689102173,
        "forwardPassMinGain": 14.423199653625488,
        "markDistance": 69.14710235595703,
        "passChanceDefault": 0.17030000686645508,
        "passChanceForward": 0.1151999980211258,
        "passChancePressured": 0.06539999693632126,
        "passChanceWing": 0.010499999858438969,
        "passDirDefensive": 0.0,
        "passDirNeutral": 1.697700023651123,
        "passDirOffensive": 1.8580000400543213,
        "riskAppetite": 0.03480000048875809,
        "shootProgressThreshold": 0.550000011920929,
        "tackleChance": 0.05480000004172325
      },
      "spatial": {
        "ball": {
          "max": 16.554899215698242,
          "min": 0.0,
          "preferred": 16.554899215698242
        },
        "opponent": {
          "max": 83.8478012084961,
          "min": 19.50979995727539,
          "preferred": 64.38690185546875
        },
        "ownGoal": {
          "max": 407.47100830078125,
          "min": 329.5071105957031,
          "preferred": 407.47100830078125
        },
        "side": {
          "max": 325.6372985839844,
          "min": 40.19490051269531,
          "preferred": 292.1820068359375
        },
        "teammate": {
          "max": 63.35329818725586,
          "min": 0.0,
          "preferred": 44.72639846801758
        }
      }
    },
    {
      "decisions": {
        "aggression": 1.6836999654769897,
        "forwardPassMinGain": 2.624799966812134,
        "markDistance": 25.0,
        "passChanceDefault": 0.11110000312328339,
        "passChanceForward": 0.025200000032782555,
        "passChancePressured": 0.19979999959468842,
        "passChanceWing": 0.1589999943971634,
        "passDirDefensive": 0.6739000082015991,
        "passDirNeutral": 1.5546000003814697,
        "passDirOffensive": 1.6196999549865723,
        "riskAppetite": 0.5724999904632568,
        "shootProgressThreshold": 0.8228999972343445,
        "tackleChance": 0.05570000037550926
      },
      "spatial": {
        "ball": {
          "max": 663.3073120117188,
          "min": 193.8426055908203,
          "preferred": 258.1040954589844
        },
        "opponent": {
          "max": 249.4927978515625,
          "min": 152.82699584960938,
          "preferred": 215.02059936523438
        },
        "ownGoal": {
          "max": 900.0,
          "min": 60.24209976196289,
          "preferred": 402.2524108886719
        },
        "side": {
          "max": 312.7265930175781,
          "min": 210.9091033935547,
          "preferred": 215.14610290527344
        },
        "teammate": {
          "max": 393.0054016113281,
          "min": 119.31900024414062,
          "preferred": 315.4826965332031
        }
      }
    }
  ],
  "finishedAt": "2026-05-05T09:07:54Z",
  "gamesPerEpoch": 50000,
  "history": [
    {
      "accepted": true,
      "baselineAvgGoals": 8.76,
      "candidateAvgGoals": 10.86,
      "championEpoch": 1,
      "earlyStop": "better",
      "elapsedMs": 180,
      "epoch": 1,
      "gamesRun": 100,
      "goalDiff": 210.0,
      "zScore": 4.448
    },
    {
      "accepted": false,
      "baselineAvgGoals": 9.583,
      "candidateAvgGoals": 9.572,
      "championEpoch": 1,
      "earlyStop": "indecisive",
      "elapsedMs": 1871,
      "epoch": 2,
      "gamesRun": 1000,
      "goalDiff": -11.0,
      "zScore": -0.072
    },
    {
      "accepted": false,
      "baselineAvgGoals": 9.588,
      "candidateAvgGoals": 9.608,
      "championEpoch": 1,
      "earlyStop": "indecisive",
      "elapsedMs": 804,
      "epoch": 3,
      "gamesRun": 400,
      "goalDiff": 8.0,
      "zScore": 0.083
    },
    {
      "accepted": false,
      "baselineAvgGoals": 9.711,
      "candidateAvgGoals": 9.709,