{
  "name": "s9-anneal-stage-2-20ep-5000g-best",
  "playerParams": [
    {
      "decisions": {
        "aggression": 0.13130000233650208,
        "forwardPassMinGain": 8.748200416564941,
        "markDistance": 30.36079978942871,
        "passChanceDefault": 0.14030000567436218,
        "passChanceForward": 0.18000000715255737,
        "passChancePressured": 0.28790000081062317,
        "passChanceWing": 0.012900000438094139,
        "passDirDefensive": 0.6065000295639038,
        "passDirNeutral": 1.24590003490448,
        "passDirOffensive": 2.0,
        "riskAppetite": 1.0,
        "shootProgressThreshold": 0.7454000115394592,
        "tackleChance": 0.04179999977350235
      },
      "gk": null,
      "spatial": {
        "ball": {
          "max": 154.29449462890625,
          "min": 82.33679962158203,
          "preferred": 82.33679962158203
        },
        "opponent": {
          "max": 291.7033996582031,
          "min": 0.5250999927520752,
          "preferred": 66.2426986694336
        },
        "ownGoal": {
          "max": 417.12750244140625,
          "min": 391.7557067871094,
          "preferred": 391.7557067871094
        },
        "side": {
          "max": 334.2738037109375,
          "min": 149.46929931640625,
          "preferred": 327.0328063964844
        },
        "teammate": {
          "max": 127.4761962890625,
          "min": 73.7208023071289,
          "preferred": 93.12580108642578
        }
      }
    },
    {
      "decisions": {
        "aggression": 1.5556000471115112,
        "forwardPassMinGain": 13.146400451660156,
        "markDistance": 46.00680160522461,
        "passChanceDefault": 0.004999999888241291,
        "passChanceForward": 0.09279999881982803,
        "passChancePressured": 0.029600000008940697,
        "passChanceWing": 0.012199999764561653,
        "passDirDefensive": 0.5116999745368958,
        "passDirNeutral": 0.9200999736785889,
        "passDirOffensive": 0.5799999833106995,
        "riskAppetite": 0.48829999566078186,
        "shootProgressThreshold": 0.5879999995231628,
        "tackleChance": 0.2013999968767166
      },
      "gk": null,
      "spatial": {
        "ball": {
          "max": 69.21289825439453,
          "min": 4.363500118255615,
          "preferred": 69.21289825439453
        },
        "opponent": {
          "max": 115.28829956054688,
          "min": 19.715299606323242,
          "preferred": 91.04019927978516
        },
        "ownGoal": {
          "max": 765.62109375,
          "min": 17.086999893188477,
          "preferred": 383.16400146484375
        },
        "side": {
          "max": 427.0788879394531,
          "min": 161.9958953857422,
          "preferred": 322.8830871582031
        },
        "teammate": {
          "max": 219.9770050048828,
          "min": 119.5562973022461,
          "preferred": 189.88429260253906
        }
      }
    },
    {
      "decisions": {
        "aggression": 1.136299967765808,
        "forwardPassMinGain": 0.0,
        "markDistance": 31.062599182128906,
        "passChanceDefault": 0.11389999836683273,
        "passChanceForward": 0.03420000150799751,
        "passChancePressured": 0.05180000141263008,
        "passChanceWing": 0.1526000052690506,
        "passDirDefensive": 0.3086000084877014,
        "passDirNeutral": 1.5927000045776367,
        "passDirOffensive": 1.7777999639511108,
        "riskAppetite": 0.7243000268936157,
        "shootProgressThreshold": 0.550000011920929,
        "tackleChance": 0.2092999964952469
      },
      "gk": null,
      "spatial": {
        "ball": {
          "max": 0.0,
          "min": 0.0,
          "preferred": 0.0
        },
        "opponent": {
          "max": 181.29559326171875,
          "min": 7.394800186157227,
          "preferred": 102.31230163574219
        },
        "ownGoal": {
          "max": 187.24769592285156,
          "min": 182.69970703125,
          "preferred": 187.24769592285156
        },
        "side": {
          "max": 353.9560852050781,
          "min": 233.86410522460938,
          "preferred": 253.8115997314453
        },
        "teammate": {
          "max": 393.7702941894531,
          "min": 0.0,
          "preferred": 292.87078857421875
        }
      }
    },
    {
      "decisions": {
        "aggression": 1.468000054359436,
        "forwardPassMinGain": 9.967499732971191,
        "markDistance": 32.60219955444336,
        "passChanceDefault": 0.05609999969601631,
        "passChanceForward": 0.10459999740123749,
        "passChancePressured": 0.3961000144481659,
        "passChanceWing": 0.1720000058412552,
        "passDirDefensive": 1.5902999639511108,
        "passDirNeutral": 1.6366000175476074,
        "passDirOffensive": 1.5827000141143799,
        "riskAppetite": 0.6833000183105469,
        "shootProgressThreshold": 0.6384999752044678,
        "tackleChance": 0.03590000048279762
      },
      "gk": null,
      "spatial": {
        "ball": {
          "max": 61.37699890136719,
          "min": 15.23490047454834,
          "preferred": 35.68159866333008
        },
        "opponent": {
          "max": 197.16819763183594,
          "min": 46.3302001953125,
          "preferred": 73.9800033569336
        },
        "ownGoal": {
          "max": 564.4102172851562,
          "min": 12.713000297546387,
          "preferred": 321.4045104980469
        },
        "side": {
          "max": 415.29949951171875,
          "min": 29.438400268554688,
          "preferred": 74.76580047607422
        },
        "teammate": {
          "max": 323.0856018066406,
          "min": 0.0,
          "preferred": 192.50149536132812
        }
      }
    },
    {
      "decisions": {
        "aggression": 0.8227999806404114,
        "forwardPassMinGain": 7.785299777984619,
        "markDistance": 77.96189880371094,
        "passChanceDefault": 0.043699998408555984,
        "passChanceForward": 0.022199999541044235,
        "passChancePressured": 0.34220001101493835,
        "passChanceWing": 0.19529999792575836,
        "passDirDefensive": 0.5604000091552734,
        "passDirNeutral": 1.8381999731063843,
        "passDirOffensive": 1.5464999675750732,
        "riskAppetite": 0.10530000180006027,
        "shootProgressThreshold": 0.5993000268936157,
        "tackleChance": 0.2199999988079071
      },
      "gk": {
        "gkDistributionZone": 0.26330000162124634,
        "gkDiveChance": 0.7831000089645386,
        "gkDiveCommitDist": 210.52870178222656,
        "gkPassTargetDist": 203.2799072265625,
        "gkRiskClearance": 0.5834000110626221
      },
      "spatial": {
        "ball": {
          "max": 515.5772094726562,
          "min": 457.6875915527344,
          "preferred": 496.3882141113281
        },
        "opponent": {
          "max": 145.55450439453125,
          "min": 64.17259979248047,
          "preferred": 114.6624984741211
        },
        "ownGoal": {
          "max": 73.67019653320312,
          "min": 22.6427001953125,
          "preferred": 73.67019653320312
        },
        "side": {
          "max": 475.96630859375,
          "min": 384.1662902832031,
          "preferred": 384.1662902832031
        },
        "teammate": {
          "max": 400.0,
          "min": 80.76370239257812,
          "preferred": 203.2541046142578
        }
      }
    }
  ],
  "sourceEpoch": 16,
  "sourceSession": "s9-anneal-stage-2-20ep-5000g",
  "type": "team-policy-v6",
  "version": 1
}
