{
  "name": "session-4-best",
  "parameters": {
    "forwardPassMinGain": 18.0,
    "markDistance": 62.0,
    "passChanceDefault": 0.12549999356269836,
    "passChanceForward": 0.08219999819993973,
    "passChancePressured": 0.4000000059604645,
    "passChanceWing": 0.009999999776482582,
    "shootProgressThreshold": 0.8101999759674072,
    "tackleChance": 0.21089999377727509
  },
  "sourceEpoch": 997,
  "sourceSession": "session-4",
  "type": "rule-policy",
  "version": 1
}
