{
  "accepted": false,
  "candidate": {
    "playerParams": [
      {
        "aggression": 1.0,
        "base": {
          "forwardPassMinGain": 12.0,
          "markDistance": 52.0,
          "passChanceDefault": 0.04740000143647194,
          "passChanceForward": 0.18000000715255737,
          "passChancePressured": 0.4000000059604645,
          "passChanceWing": 0.07419999688863754,
          "shootProgressThreshold": 0.7838000059127808,
          "tackleChance": 0.2199999988079071
        },
        "blockAvoidance": 0.5778695940971375,
        "blockDistance": 20.896276473999023,
        "chemistryBonus": 0.0,
        "chemistryTargetId": -1,
        "clearShotBonus": 0.14536301791667938,
        "corridorPreference": 0,
        "edgeAvoidance": 0.0,
        "goalAttraction": 0.0,
        "pressureRadius": 67.49098205566406,
        "riskAppetite": 0.5960817337036133,
        "visionRadius": 1000000000.0,
        "zoneAggression": [
          1.099288821220398,
          1.0071758031845093,
          0.9295132160186768,
          1.114699125289917,
          0.9443688988685608
        ]
      },
      {
        "aggression": 1.115707516670227,
        "base": {
          "forwardPassMinGain": 16.0,
          "markDistance": 55.0,
          "passChanceDefault": 0.03739999979734421,
          "passChanceForward": 0.1664000004529953,
          "passChancePressured": 0.3765000104904175,
          "passChanceWing": 0.009999999776482582,
          "shootProgressThreshold": 0.8113999962806702,
          "tackleChance": 0.18400000035762787
        },
        "blockAvoidance": 0.6612468957901001,
        "blockDistance": 26.179946899414062,
        "chemistryBonus": 0.0,
        "chemistryTargetId": -1,
        "clearShotBonus": 0.01217556931078434,
        "corridorPreference": 0,
        "edgeAvoidance": 0.0,
        "goalAttraction": 0.0,
        "pressureRadius": 71.05439758300781,
        "riskAppetite": 0.5324204564094543,
        "visionRadius": 1000000000.0,
        "zoneAggression": [
          0.8644769191741943,
          1.0,
          1.0,
          1.0229206085205078,
          1.0072076320648193
        ]
      },
      {
        "aggression": 1.0,
        "base": {
          "forwardPassMinGain": 18.0,
          "markDistance": 73.0,
          "passChanceDefault": 0.013199999928474426,
          "passChanceForward": 0.15389999747276306,
          "passChancePressured": 0.36070001125335693,
          "passChanceWing": 0.009999999776482582,
          "shootProgressThreshold": 0.8435999751091003,
          "tackleChance": 0.1932000070810318
        },
        "blockAvoidance": 0.3816969394683838,
        "blockDistance": 25.0,
        "chemistryBonus": 0.0,
        "chemistryTargetId": -1,
        "clearShotBonus": 0.0,
        "corridorPreference": 0,
        "edgeAvoidance": 0.1772325485944748,
        "goalAttraction": 0.0,
        "pressureRadius": 72.0,
        "riskAppetite": 0.5,
        "visionRadius": 1000000000.0,
        "zoneAggression": [
          0.9900231957435608,
          1.0,
          0.856765627861023,
          1.0,
          0.9954978227615356
        ]
      },
      {
        "aggression": 0.8281083106994629,
        "base": {
          "forwardPassMinGain": 6.0,
          "markDistance": 85.0,
          "passChanceDefault": 0.10660000145435333,
          "passChanceForward": 0.15440000593662262,
          "passChancePressured": 0.4000000059604645,
          "passChanceWing": 0.019300000742077827,
          "shootProgressThreshold": 0.8999999761581421,
          "tackleChance": 0.19779999554157257
        },
        "blockAvoidance": 0.6866495609283447,
        "blockDistance": 25.741334915161133,
        "chemistryBonus": 0.0,
        "chemistryTargetId": -1,
        "clearShotBonus": 0.0,
        "corridorPreference": 0,
        "edgeAvoidance": 0.0,
        "goalAttraction": 0.06570205837488174,
        "pressureRadius": 74.21531677246094,
        "riskAppetite": 0.59144526720047,
        "visionRadius": 1000000000.0,
        "zoneAggression": [
          0.9256870746612549,
          1.0,
          1.0,
          1.0,
          1.0
        ]
      },
      {
        "aggression": 1.3317724466323853,
        "base": {
          "forwardPassMinGain": 18.0,
          "markDistance": 85.0,
          "passChanceDefault": 0.0714000016450882,
          "passChanceForward": 0.12630000710487366,
          "passChancePressured": 0.3889999985694885,
          "passChanceWing": 0.03880000114440918,
          "shootProgressThreshold": 0.8982999920845032,
          "tackleChance": 0.18060000240802765
        },
        "blockAvoidance": 0.7812423706054688,
        "blockDistance": 25.17750358581543,
        "chemistryBonus": 0.0,
        "chemistryTargetId": -1,
        "clearShotBonus": 0.17458811402320862,
        "corridorPreference": 0,
        "edgeAvoidance": 0.0,
        "goalAttraction": 0.12280675023794174,
        "pressureRadius": 99.27140045166016,
        "riskAppetite": 0.6287183165550232,
        "visionRadius": 1000000000.0,
        "zoneAggression": [
          1.0688737630844116,
          1.039207935333252,
          0.9824602603912354,
          1.0,
          0.9627631306648254
        ]
      }
    ]
  },
  "championEpoch": 35,
  "championPlayerParams": [
    {
      "aggression": 1.0,
      "base": {
        "forwardPassMinGain": 12.0,
        "markDistance": 52.0,
        "passChanceDefault": 0.04740000143647194,
        "passChanceForward": 0.18000000715255737,
        "passChancePressured": 0.4000000059604645,
        "passChanceWing": 0.07419999688863754,
        "shootProgressThreshold": 0.7838000059127808,
        "tackleChance": 0.2199999988079071
      },
      "blockAvoidance": 0.5778695940971375,
      "blockDistance": 20.896276473999023,
      "chemistryBonus": 0.0,
      "chemistryTargetId": -1,
      "clearShotBonus": 0.14536301791667938,
      "corridorPreference": 0,
      "edgeAvoidance": 0.0,
      "goalAttraction": 0.0,
      "pressureRadius": 67.49098205566406,
      "riskAppetite": 0.5960817337036133,
      "visionRadius": 1000000000.0,
      "zoneAggression": [
        1.099288821220398,
        1.0071758031845093,
        0.9295132160186768,
        1.114699125289917,
        0.9443688988685608
      ]
    },
    {
      "aggression": 1.115707516670227,
      "base": {
        "forwardPassMinGain": 16.0,
        "markDistance": 55.0,
        "passChanceDefault": 0.03739999979734421,
        "passChanceForward": 0.1664000004529953,
        "passChancePressured": 0.3765000104904175,
        "passChanceWing": 0.009999999776482582,
        "shootProgressThreshold": 0.8113999962806702,
        "tackleChance": 0.18400000035762787
      },
      "blockAvoidance": 0.6612468957901001,
      "blockDistance": 26.179946899414062,
      "chemistryBonus": 0.0,
      "chemistryTargetId": -1,
      "clearShotBonus": 0.01217556931078434,
      "corridorPreference": 0,
      "edgeAvoidance": 0.0,
      "goalAttraction": 0.0,
      "pressureRadius": 71.05439758300781,
      "riskAppetite": 0.5324204564094543,
      "visionRadius": 1000000000.0,
      "zoneAggression": [
        0.8644769191741943,
        1.0,
        1.0,
        1.0229206085205078,
        1.0072076320648193
      ]
    },
    {
      "aggression": 1.0,
      "base": {
        "forwardPassMinGain": 18.0,
        "markDistance": 73.0,
        "passChanceDefault": 0.013199999928474426,
        "passChanceForward": 0.15389999747276306,
        "passChancePressured": 0.4000000059604645,
        "passChanceWing": 0.009999999776482582,
        "shootProgressThreshold": 0.8125,
        "tackleChance": 0.18960000574588776
      },
      "blockAvoidance": 0.39073124527931213,
      "blockDistance": 25.0,
      "chemistryBonus": 0.0,
      "chemistryTargetId": -1,
      "clearShotBonus": 0.0,
      "corridorPreference": 0,
      "edgeAvoidance": 0.1772325485944748,
      "goalAttraction": 0.0,
      "pressureRadius": 72.0,