{
  "accepted": true,
  "candidate": {
    "playerParams": [
      {
        "aggression": 1.083411455154419,
        "base": {
          "forwardPassMinGain": 7.0,
          "markDistance": 52.0,
          "passChanceDefault": 0.03920000046491623,
          "passChanceForward": 0.18000000715255737,
          "passChancePressured": 0.4000000059604645,
          "passChanceWing": 0.046300001442432404,
          "shootProgressThreshold": 0.7710000276565552,
          "tackleChance": 0.2168000042438507
        },
        "blockAvoidance": 0.22744710743427277,
        "blockDistance": 21.59912872314453,
        "chemistryBonus": 0.0,
        "chemistryTargetId": -1,
        "clearShotBonus": 0.0,
        "corridorPreference": 0,
        "edgeAvoidance": 0.1591143012046814,
        "goalAttraction": 0.0,
        "pressureRadius": 68.20966339111328,
        "riskAppetite": 0.5501826405525208,
        "visionRadius": 1000000000.0,
        "zoneAggression": [
          1.013263463973999,
          0.8464256525039673,
          0.9295132160186768,
          1.2684178352355957,
          0.9443688988685608
        ]
      },
      {
        "aggression": 1.115707516670227,
        "base": {
          "forwardPassMinGain": 14.0,
          "markDistance": 55.0,
          "passChanceDefault": 0.012299999594688416,
          "passChanceForward": 0.15230000019073486,
          "passChancePressured": 0.3025999963283539,
          "passChanceWing": 0.009999999776482582,
          "shootProgressThreshold": 0.8180000185966492,
          "tackleChance": 0.15800000727176666
        },
        "blockAvoidance": 0.6612468957901001,
        "blockDistance": 26.179946899414062,
        "chemistryBonus": 0.0,
        "chemistryTargetId": -1,
        "clearShotBonus": 0.17958016693592072,
        "corridorPreference": -1,
        "edgeAvoidance": 0.04160543531179428,
        "goalAttraction": 0.18644316494464874,
        "pressureRadius": 67.03868865966797,
        "riskAppetite": 0.4816054403781891,
        "visionRadius": 1000000000.0,
        "zoneAggression": [
          1.2115174531936646,
          1.1407222747802734,
          1.0,
          0.9440956711769104,
          1.0072076320648193
        ]
      },
      {
        "aggression": 0.9758427739143372,
        "base": {
          "forwardPassMinGain": 18.0,
          "markDistance": 73.0,
          "passChanceDefault": 0.004999999888241291,
          "passChanceForward": 0.15389999747276306,
          "passChancePressured": 0.35850000381469727,
          "passChanceWing": 0.009999999776482582,
          "shootProgressThreshold": 0.8125,
          "tackleChance": 0.18960000574588776
        },
        "blockAvoidance": 0.39073124527931213,
        "blockDistance": 26.264806747436523,
        "chemistryBonus": 0.0,
        "chemistryTargetId": -1,
        "clearShotBonus": 0.04474450647830963,
        "corridorPreference": 1,
        "edgeAvoidance": 0.16669988632202148,
        "goalAttraction": 0.26279374957084656,
        "pressureRadius": 59.83725357055664,
        "riskAppetite": 0.5624072551727295,
        "visionRadius": 1000000000.0,
        "zoneAggression": [
          1.0281102657318115,
          1.1006484031677246,
          1.0436060428619385,
          1.02288818359375,
          1.0816596746444702
        ]
      },
      {
        "aggression": 0.8120585680007935,
        "base": {
          "forwardPassMinGain": 7.0,
          "markDistance": 77.0,
          "passChanceDefault": 0.0908999964594841,
          "passChanceForward": 0.13040000200271606,
          "passChancePressured": 0.4000000059604645,
          "passChanceWing": 0.009999999776482582,
          "shootProgressThreshold": 0.8490999937057495,
          "tackleChance": 0.19760000705718994
        },
        "blockAvoidance": 0.6700146794319153,
        "blockDistance": 18.5658016204834,
        "chemistryBonus": 0.0,
        "chemistryTargetId": -1,
        "clearShotBonus": 0.0,
        "corridorPreference": -1,
        "edgeAvoidance": 0.17144930362701416,
        "goalAttraction": 0.17372830212116241,
        "pressureRadius": 52.26848602294922,
        "riskAppetite": 0.6159339547157288,
        "visionRadius": 1000000000.0,
        "zoneAggression": [
          0.8224959373474121,
          0.8665475845336914,
          1.1608508825302124,
          0.7360215187072754,
          1.0
        ]
      },
      {
        "aggression": 1.1962909698486328,
        "base": {
          "forwardPassMinGain": 18.0,
          "markDistance": 80.0,
          "passChanceDefault": 0.07800000160932541,
          "passChanceForward": 0.10809999704360962,
          "passChancePressured": 0.4000000059604645,
          "passChanceWing": 0.009999999776482582,
          "shootProgressThreshold": 0.885200023651123,
          "tackleChance": 0.2199999988079071
        },
        "blockAvoidance": 0.8409239649772644,
        "blockDistance": 25.520009994506836,
        "chemistryBonus": 0.0,
        "chemistryTargetId": -1,
        "clearShotBonus": 0.16452577710151672,
        "corridorPreference": 1,
        "edgeAvoidance": 0.04448684677481651,
        "goalAttraction": 0.0,
        "pressureRadius": 121.0501708984375,
        "riskAppetite": 0.6326014399528503,
        "visionRadius": 1000000000.0,
        "zoneAggression": [
          1.0688737630844116,
          1.076546311378479,
          1.0514358282089233,
          1.3601226806640625,
          1.2494486570358276
        ]
      }
    ]
  },
  "championEpoch": 76,
  "championPlayerParams": [
    {
      "aggression": 1.083411455154419,
      "base": {
        "forwardPassMinGain": 7.0,
        "markDistance": 52.0,
        "passChanceDefault": 0.03920000046491623,
        "passChanceForward": 0.18000000715255737,
        "passChancePressured": 0.4000000059604645,
        "passChanceWing": 0.046300001442432404,
        "shootProgressThreshold": 0.7710000276565552,
        "tackleChance": 0.2168000042438507
      },
      "blockAvoidance": 0.22744710743427277,
      "blockDistance": 21.59912872314453,
      "chemistryBonus": 0.0,
      "chemistryTargetId": -1,
      "clearShotBonus": 0.0,
      "corridorPreference": 0,
      "edgeAvoidance": 0.1591143012046814,
      "goalAttraction": 0.0,
      "pressureRadius": 68.20966339111328,
      "riskAppetite": 0.5501826405525208,
      "visionRadius": 1000000000.0,
      "zoneAggression": [
        1.013263463973999,
        0.8464256525039673,
        0.9295132160186768,
        1.2684178352355957,
        0.9443688988685608
      ]
    },
    {
      "aggression": 1.115707516670227,
      "base": {
        "forwardPassMinGain": 14.0,
        "markDistance": 55.0,
        "passChanceDefault": 0.012299999594688416,
        "passChanceForward": 0.15230000019073486,
        "passChancePressured": 0.3025999963283539,
        "passChanceWing": 0.009999999776482582,
        "shootProgressThreshold": 0.8180000185966492,
        "tackleChance": 0.15800000727176666
      },
      "blockAvoidance": 0.6612468957901001,
      "blockDistance": 26.179946899414062,
      "chemistryBonus": 0.0,
      "chemistryTargetId": -1,
      "clearShotBonus": 0.17958016693592072,
      "corridorPreference": -1,
      "edgeAvoidance": 0.04160543531179428,
      "goalAttraction": 0.18644316494464874,
      "pressureRadius": 67.03868865966797,
      "riskAppetite": 0.4816054403781891,
      "visionRadius": 1000000000.0,
      "zoneAggression": [
        1.2115174531936646,
        1.1407222747802734,
        1.0,
        0.9440956711769104,
        1.0072076320648193
      ]
    },
    {
      "aggression": 0.9758427739143372,
      "base": {
        "forwardPassMinGain": 18.0,
        "markDistance": 73.0,
        "passChanceDefault": 0.004999999888241291,
        "passChanceForward": 0.15389999747276306,
        "passChancePressured": 0.35850000381469727,
        "passChanceWing": 0.009999999776482582,
        "shootProgressThreshold": 0.8125,