{
  "accepted": false,
  "candidate": {
    "playerParams": [
      {
        "aggression": 1.0,
        "base": {
          "forwardPassMinGain": 13.0,
          "markDistance": 52.0,
          "passChanceDefault": 0.07119999825954437,
          "passChanceForward": 0.18000000715255737,
          "passChancePressured": 0.4000000059604645,
          "passChanceWing": 0.07419999688863754,
          "shootProgressThreshold": 0.7858999967575073,
          "tackleChance": 0.2199999988079071
        },
        "blockAvoidance": 0.6257858872413635,
        "blockDistance": 25.0,
        "chemistryBonus": 0.0,
        "chemistryTargetId": -1,
        "clearShotBonus": 0.0,
        "corridorPreference": 0,
        "edgeAvoidance": 0.0,
        "goalAttraction": 0.0018808291060850024,
        "pressureRadius": 81.56703186035156,
        "riskAppetite": 0.602983295917511,
        "visionRadius": 1000000000.0,
        "zoneAggression": [
          1.0,
          1.0,
          1.0764809846878052,
          1.0,
          1.0880341529846191
        ]
      },
      {
        "aggression": 1.174580454826355,
        "base": {
          "forwardPassMinGain": 18.0,
          "markDistance": 54.0,
          "passChanceDefault": 0.03739999979734421,
          "passChanceForward": 0.1664000004529953,
          "passChancePressured": 0.4000000059604645,
          "passChanceWing": 0.009999999776482582,
          "shootProgressThreshold": 0.8113999962806702,
          "tackleChance": 0.1736000031232834
        },
        "blockAvoidance": 0.5,
        "blockDistance": 24.356395721435547,
        "chemistryBonus": 0.0,
        "chemistryTargetId": -1,
        "clearShotBonus": 0.0,
        "corridorPreference": -1,
        "edgeAvoidance": 0.09335490316152573,
        "goalAttraction": 0.0,
        "pressureRadius": 72.0,
        "riskAppetite": 0.5,
        "visionRadius": 1000000000.0,
        "zoneAggression": [
          1.0,
          1.0,
          1.0,
          1.0,
          1.0230555534362793
        ]
      },
      {
        "aggression": 1.0,
        "base": {
          "forwardPassMinGain": 18.0,
          "markDistance": 73.0,
          "passChanceDefault": 0.013199999928474426,
          "passChanceForward": 0.15389999747276306,
          "passChancePressured": 0.4000000059604645,
          "passChanceWing": 0.009999999776482582,
          "shootProgressThreshold": 0.8125,
          "tackleChance": 0.18960000574588776
        },
        "blockAvoidance": 0.5,
        "blockDistance": 25.0,
        "chemistryBonus": 0.0,
        "chemistryTargetId": -1,
        "clearShotBonus": 0.0,
        "corridorPreference": 0,
        "edgeAvoidance": 0.0,
        "goalAttraction": 0.0,
        "pressureRadius": 72.0,
        "riskAppetite": 0.5,
        "visionRadius": 1000000000.0,
        "zoneAggression": [
          1.0,
          1.0,
          1.0,
          1.0,
          1.0
        ]
      },
      {
        "aggression": 1.0,
        "base": {
          "forwardPassMinGain": 6.0,
          "markDistance": 85.0,
          "passChanceDefault": 0.10740000009536743,
          "passChanceForward": 0.15440000593662262,
          "passChancePressured": 0.4000000059604645,
          "passChanceWing": 0.009999999776482582,
          "shootProgressThreshold": 0.8999999761581421,
          "tackleChance": 0.19779999554157257
        },
        "blockAvoidance": 0.5,
        "blockDistance": 25.0,
        "chemistryBonus": 0.0,
        "chemistryTargetId": -1,
        "clearShotBonus": 0.0,
        "corridorPreference": 0,
        "edgeAvoidance": 0.0,
        "goalAttraction": 0.0,
        "pressureRadius": 72.0,
        "riskAppetite": 0.5,
        "visionRadius": 1000000000.0,
        "zoneAggression": [
          1.0,
          1.0,
          1.0,
          1.0,
          1.0
        ]
      },
      {
        "aggression": 1.0,
        "base": {
          "forwardPassMinGain": 18.0,
          "markDistance": 85.0,
          "passChanceDefault": 0.061500001698732376,
          "passChanceForward": 0.1356000006198883,
          "passChancePressured": 0.3889999985694885,
          "passChanceWing": 0.03759999945759773,
          "shootProgressThreshold": 0.8626000285148621,
          "tackleChance": 0.14949999749660492
        },
        "blockAvoidance": 0.5,
        "blockDistance": 25.0,
        "chemistryBonus": 0.0,
        "chemistryTargetId": -1,
        "clearShotBonus": 0.0,
        "corridorPreference": 0,
        "edgeAvoidance": 0.0,
        "goalAttraction": 0.0,
        "pressureRadius": 72.0,
        "riskAppetite": 0.5,
        "visionRadius": 1000000000.0,
        "zoneAggression": [
          1.0,
          1.0,
          1.0,
          1.0,
          1.0
        ]
      }
    ]
  },
  "championEpoch": 0,
  "championPlayerParams": [
    {
      "aggression": 1.0,
      "base": {
        "forwardPassMinGain": 13.0,
        "markDistance": 52.0,
        "passChanceDefault": 0.07119999825954437,
        "passChanceForward": 0.18000000715255737,
        "passChancePressured": 0.4000000059604645,
        "passChanceWing": 0.07419999688863754,
        "shootProgressThreshold": 0.7858999967575073,
        "tackleChance": 0.2199999988079071
      },
      "blockAvoidance": 0.5,
      "blockDistance": 25.0,
      "chemistryBonus": 0.0,
      "chemistryTargetId": -1,
      "clearShotBonus": 0.0,
      "corridorPreference": 0,
      "edgeAvoidance": 0.0,
      "goalAttraction": 0.0,
      "pressureRadius": 72.0,
      "riskAppetite": 0.5,
      "visionRadius": 1000000000.0,
      "zoneAggression": [
        1.0,
        1.0,
        1.0,
        1.0,
        1.0
      ]
    },
    {
      "aggression": 1.0,
      "base": {
        "forwardPassMinGain": 18.0,
        "markDistance": 54.0,
        "passChanceDefault": 0.03739999979734421,
        "passChanceForward": 0.1664000004529953,
        "passChancePressured": 0.4000000059604645,
        "passChanceWing": 0.009999999776482582,
        "shootProgressThreshold": 0.8113999962806702,
        "tackleChance": 0.1736000031232834
      },
      "blockAvoidance": 0.5,
      "blockDistance": 25.0,
      "chemistryBonus": 0.0,
      "chemistryTargetId": -1,
      "clearShotBonus": 0.0,
      "corridorPreference": 0,
      "edgeAvoidance": 0.0,
      "goalAttraction": 0.0,
      "pressureRadius": 72.0,
      "riskAppetite": 0.5,
      "visionRadius": 1000000000.0,
      "zoneAggression": [
        1.0,
        1.0,
        1.0,
        1.0,
        1.0
      ]
    },
    {
      "aggression": 1.0,
      "base": {
        "forwardPassMinGain": 18.0,
        "markDistance": 73.0,
        "passChanceDefault": 0.013199999928474426,
        "passChanceForward": 0.15389999747276306,
        "passChancePressured": 0.4000000059604645,
        "passChanceWing": 0.009999999776482582,
        "shootProgressThreshold": 0.8125,
        "tackleChance": 0.18960000574588776
      },
      "blockAvoidance": 0.5,
      "blockDistance": 25.0,
      "chemistryBonus": 0.0,
      "chemistryTargetId": -1,
      "clearShotBonus": 0.0,
      "corridorPreference": 0,
      "edgeAvoidance": 0.0,
      "goalAttraction": 0.0,
      "pressureRadius": 72.0,
      "riskAppetite": 0.5,
      "visionRadius": 1000000000.0,
      "zoneAggression": [
        1.0,
        1.0,
        1.0,
        1.0,
        1.0
      ]
    },
    {
      "aggression": 1.0,
      "base": {
        "forwardPassMinGain": 6.0,
        "markDistance": 85.0,
        "passChanceDefault": 0.10740000009536743,
        "passChanceForward": 0.15440000593662262,
        "passChancePressured": 0.4000000059604645,
        "passChanceWing": 0.009999999776482582,
        "shootProgressThreshold": 0.8999999761581421,
        "tackleChance": 0.19779999554157257
      },
      "blockAvoidance": 0.5,
      "blockDistance": 25.0,
      "chemistryBonus": 0.0,
      "chemistryTargetId": -1,
      "clearShotBonus": 0.0,
      "corridorPreference": 0,
      "edgeAvoidance": 0.0,