{
  "accepted": false,
  "candidate": {
    "playerParams": [
      {
        "aggression": 0.9818021059036255,
        "base": {
          "forwardPassMinGain": 7.0,
          "markDistance": 52.0,
          "passChanceDefault": 0.03920000046491623,
          "passChanceForward": 0.18000000715255737,
          "passChancePressured": 0.4000000059604645,
          "passChanceWing": 0.046300001442432404,
          "shootProgressThreshold": 0.7710000276565552,
          "tackleChance": 0.2168000042438507
        },
        "blockAvoidance": 0.22744710743427277,
        "blockDistance": 21.59844970703125,
        "chemistryBonus": 0.0,
        "chemistryTargetId": -1,
        "clearShotBonus": 0.0,
        "corridorPreference": 0,
        "edgeAvoidance": 0.1591143012046814,
        "goalAttraction": 0.0,
        "pressureRadius": 68.20966339111328,
        "riskAppetite": 0.5501826405525208,
        "visionRadius": 1000000000.0,
        "zoneAggression": [
          1.013263463973999,
          1.0036778450012207,
          0.9295132160186768,
          1.2684178352355957,
          0.9443688988685608
        ]
      },
      {
        "aggression": 0.9773991107940674,
        "base": {
          "forwardPassMinGain": 14.0,
          "markDistance": 54.0,
          "passChanceDefault": 0.012299999594688416,
          "passChanceForward": 0.120899997651577,
          "passChancePressured": 0.30390000343322754,
          "passChanceWing": 0.009999999776482582,
          "shootProgressThreshold": 0.8398000001907349,
          "tackleChance": 0.14589999616146088
        },
        "blockAvoidance": 0.6612468957901001,
        "blockDistance": 25.864648818969727,
        "chemistryBonus": 0.0,
        "chemistryTargetId": -1,
        "clearShotBonus": 0.17958016693592072,
        "corridorPreference": -1,
        "edgeAvoidance": 0.04160543531179428,
        "goalAttraction": 0.15317469835281372,
        "pressureRadius": 72.9731674194336,
        "riskAppetite": 0.6702855825424194,
        "visionRadius": 1000000000.0,
        "zoneAggression": [
          1.2115174531936646,
          1.1407222747802734,
          1.0777909755706787,
          0.9440956711769104,
          0.9393153786659241
        ]
      },
      {
        "aggression": 1.0958664417266846,
        "base": {
          "forwardPassMinGain": 18.0,
          "markDistance": 73.0,
          "passChanceDefault": 0.004999999888241291,
          "passChanceForward": 0.15389999747276306,
          "passChancePressured": 0.35850000381469727,
          "passChanceWing": 0.009999999776482582,
          "shootProgressThreshold": 0.8125,
          "tackleChance": 0.18960000574588776
        },
        "blockAvoidance": 0.39073124527931213,
        "blockDistance": 26.264806747436523,
        "chemistryBonus": 0.0,
        "chemistryTargetId": -1,
        "clearShotBonus": 0.04474450647830963,
        "corridorPreference": 1,
        "edgeAvoidance": 0.29417091608047485,
        "goalAttraction": 0.3165866732597351,
        "pressureRadius": 59.83725357055664,
        "riskAppetite": 0.514519453048706,
        "visionRadius": 1000000000.0,
        "zoneAggression": [
          1.0281102657318115,
          1.1006484031677246,
          1.0436060428619385,
          0.9915491342544556,
          1.0816596746444702
        ]
      },
      {
        "aggression": 0.8120585680007935,
        "base": {
          "forwardPassMinGain": 7.0,
          "markDistance": 77.0,
          "passChanceDefault": 0.0908999964594841,
          "passChanceForward": 0.13040000200271606,
          "passChancePressured": 0.4000000059604645,
          "passChanceWing": 0.009999999776482582,
          "shootProgressThreshold": 0.8490999937057495,
          "tackleChance": 0.19760000705718994
        },
        "blockAvoidance": 0.6700146794319153,
        "blockDistance": 18.5658016204834,
        "chemistryBonus": 0.0,
        "chemistryTargetId": -1,
        "clearShotBonus": 0.0,
        "corridorPreference": -1,
        "edgeAvoidance": 0.17144930362701416,
        "goalAttraction": 0.17372830212116241,
        "pressureRadius": 52.26848602294922,
        "riskAppetite": 0.6159339547157288,
        "visionRadius": 1000000000.0,
        "zoneAggression": [
          0.8224959373474121,
          0.8665475845336914,
          1.1608508825302124,
          0.7360215187072754,
          1.0
        ]
      },
      {
        "aggression": 1.512640118598938,
        "base": {
          "forwardPassMinGain": 18.0,
          "markDistance": 80.0,
          "passChanceDefault": 0.07800000160932541,
          "passChanceForward": 0.10809999704360962,
          "passChancePressured": 0.4000000059604645,
          "passChanceWing": 0.009999999776482582,
          "shootProgressThreshold": 0.885200023651123,
          "tackleChance": 0.21539999544620514
        },
        "blockAvoidance": 0.8409239649772644,
        "blockDistance": 25.520009994506836,
        "chemistryBonus": 0.0,
        "chemistryTargetId": -1,
        "clearShotBonus": 0.16452577710151672,
        "corridorPreference": 1,
        "edgeAvoidance": 0.04448684677481651,
        "goalAttraction": 0.0,
        "pressureRadius": 128.0177001953125,
        "riskAppetite": 0.5902059078216553,
        "visionRadius": 1000000000.0,
        "zoneAggression": [
          0.9570685029029846,
          1.076546311378479,
          1.0514358282089233,
          1.3601226806640625,
          1.2494486570358276
        ]
      }
    ]
  },
  "championEpoch": 80,
  "championPlayerParams": [
    {
      "aggression": 0.9818021059036255,
      "base": {
        "forwardPassMinGain": 7.0,
        "markDistance": 52.0,
        "passChanceDefault": 0.03920000046491623,
        "passChanceForward": 0.18000000715255737,
        "passChancePressured": 0.4000000059604645,
        "passChanceWing": 0.046300001442432404,
        "shootProgressThreshold": 0.7710000276565552,
        "tackleChance": 0.2168000042438507
      },
      "blockAvoidance": 0.22744710743427277,
      "blockDistance": 21.59844970703125,
      "chemistryBonus": 0.0,
      "chemistryTargetId": -1,
      "clearShotBonus": 0.0,
      "corridorPreference": 0,
      "edgeAvoidance": 0.1591143012046814,
      "goalAttraction": 0.0,
      "pressureRadius": 68.20966339111328,
      "riskAppetite": 0.5501826405525208,
      "visionRadius": 1000000000.0,
      "zoneAggression": [
        1.013263463973999,
        1.0036778450012207,
        0.9295132160186768,
        1.2684178352355957,
        0.9443688988685608
      ]
    },
    {
      "aggression": 0.9773991107940674,
      "base": {
        "forwardPassMinGain": 14.0,
        "markDistance": 55.0,
        "passChanceDefault": 0.012299999594688416,
        "passChanceForward": 0.15230000019073486,
        "passChancePressured": 0.30820000171661377,
        "passChanceWing": 0.009999999776482582,
        "shootProgressThreshold": 0.8180000185966492,
        "tackleChance": 0.15800000727176666
      },
      "blockAvoidance": 0.6612468957901001,
      "blockDistance": 26.179946899414062,
      "chemistryBonus": 0.0,
      "chemistryTargetId": -1,
      "clearShotBonus": 0.17958016693592072,
      "corridorPreference": -1,
      "edgeAvoidance": 0.04160543531179428,
      "goalAttraction": 0.15317469835281372,
      "pressureRadius": 67.03868865966797,
      "riskAppetite": 0.5138035416603088,
      "visionRadius": 1000000000.0,
      "zoneAggression": [
        1.2115174531936646,
        1.1407222747802734,
        1.0777909755706787,
        0.9440956711769104,
        0.9393153786659241
      ]
    },
    {
      "aggression": 1.0958664417266846,
      "base": {
        "forwardPassMinGain": 18.0,
        "markDistance": 73.0,
        "passChanceDefault": 0.004999999888241291,
        "passChanceForward": 0.15389999747276306,
        "passChancePressured": 0.35850000381469727,
        "passChanceWing": 0.009999999776482582,
        "shootProgressThreshold": 0.8125,