{
  "accepted": false,
  "candidate": {
    "playerParams": [
      {
        "aggression": 1.0,
        "base": {
          "forwardPassMinGain": 12.0,
          "markDistance": 52.0,
          "passChanceDefault": 0.07119999825954437,
          "passChanceForward": 0.18000000715255737,
          "passChancePressured": 0.4000000059604645,
          "passChanceWing": 0.07419999688863754,
          "shootProgressThreshold": 0.7858999967575073,
          "tackleChance": 0.2199999988079071
        },
        "blockAvoidance": 0.7129013538360596,
        "blockDistance": 24.983444213867188,
        "chemistryBonus": 0.0,
        "chemistryTargetId": -1,
        "clearShotBonus": 0.0,
        "corridorPreference": 0,
        "edgeAvoidance": 0.0,
        "goalAttraction": 0.0,
        "pressureRadius": 72.0,
        "riskAppetite": 0.6519221067428589,
        "visionRadius": 1000000000.0,
        "zoneAggression": [
          1.099288821220398,
          1.0,
          0.9295132160186768,
          1.114699125289917,
          0.9443688988685608
        ]
      },
      {
        "aggression": 1.1199580430984497,
        "base": {
          "forwardPassMinGain": 18.0,
          "markDistance": 54.0,
          "passChanceDefault": 0.03739999979734421,
          "passChanceForward": 0.1664000004529953,
          "passChancePressured": 0.4000000059604645,
          "passChanceWing": 0.009999999776482582,
          "shootProgressThreshold": 0.8113999962806702,
          "tackleChance": 0.1736000031232834
        },
        "blockAvoidance": 0.5,
        "blockDistance": 26.179946899414062,
        "chemistryBonus": 0.0,
        "chemistryTargetId": -1,
        "clearShotBonus": 0.01217556931078434,
        "corridorPreference": 0,
        "edgeAvoidance": 0.0,
        "goalAttraction": 0.0,
        "pressureRadius": 72.0,
        "riskAppetite": 0.5324204564094543,
        "visionRadius": 1000000000.0,
        "zoneAggression": [
          0.8644769191741943,
          1.0,
          1.0,
          1.0229206085205078,
          1.0072076320648193
        ]
      },
      {
        "aggression": 1.0,
        "base": {
          "forwardPassMinGain": 18.0,
          "markDistance": 73.0,
          "passChanceDefault": 0.013199999928474426,
          "passChanceForward": 0.15389999747276306,
          "passChancePressured": 0.4000000059604645,
          "passChanceWing": 0.009999999776482582,
          "shootProgressThreshold": 0.8125,
          "tackleChance": 0.18960000574588776
        },
        "blockAvoidance": 0.5,
        "blockDistance": 25.0,
        "chemistryBonus": 0.0,
        "chemistryTargetId": -1,
        "clearShotBonus": 0.0,
        "corridorPreference": 0,
        "edgeAvoidance": 0.0,
        "goalAttraction": 0.0,
        "pressureRadius": 72.0,
        "riskAppetite": 0.5,
        "visionRadius": 1000000000.0,
        "zoneAggression": [
          1.0,
          1.0,
          1.0,
          1.0,
          1.0
        ]
      },
      {
        "aggression": 1.0,
        "base": {
          "forwardPassMinGain": 6.0,
          "markDistance": 85.0,
          "passChanceDefault": 0.10740000009536743,
          "passChanceForward": 0.1273999959230423,
          "passChancePressured": 0.4000000059604645,
          "passChanceWing": 0.009999999776482582,
          "shootProgressThreshold": 0.8999999761581421,
          "tackleChance": 0.18719999492168427
        },
        "blockAvoidance": 0.5,
        "blockDistance": 25.0,
        "chemistryBonus": 0.0,
        "chemistryTargetId": -1,
        "clearShotBonus": 0.0,
        "corridorPreference": 0,
        "edgeAvoidance": 0.17636851966381073,
        "goalAttraction": 0.0,
        "pressureRadius": 71.18504333496094,
        "riskAppetite": 0.59144526720047,
        "visionRadius": 1000000000.0,
        "zoneAggression": [
          0.8696548342704773,
          1.0,
          1.0,
          0.904334306716919,
          1.0
        ]
      },
      {
        "aggression": 1.0651437044143677,
        "base": {
          "forwardPassMinGain": 18.0,
          "markDistance": 85.0,
          "passChanceDefault": 0.061500001698732376,
          "passChanceForward": 0.1356000006198883,
          "passChancePressured": 0.3889999985694885,
          "passChanceWing": 0.03759999945759773,
          "shootProgressThreshold": 0.878600001335144,
          "tackleChance": 0.14949999749660492
        },
        "blockAvoidance": 0.5858511924743652,
        "blockDistance": 25.0,
        "chemistryBonus": 0.0,
        "chemistryTargetId": -1,
        "clearShotBonus": 0.08090335130691528,
        "corridorPreference": 0,
        "edgeAvoidance": 0.0,
        "goalAttraction": 0.12280675023794174,
        "pressureRadius": 79.42858123779297,
        "riskAppetite": 0.5,
        "visionRadius": 1000000000.0,
        "zoneAggression": [
          1.0,
          0.984718918800354,
          1.0,
          1.0,
          1.0
        ]
      }
    ]
  },
  "championEpoch": 9,
  "championPlayerParams": [
    {
      "aggression": 1.0,
      "base": {
        "forwardPassMinGain": 12.0,
        "markDistance": 52.0,
        "passChanceDefault": 0.07119999825954437,
        "passChanceForward": 0.18000000715255737,
        "passChancePressured": 0.4000000059604645,
        "passChanceWing": 0.07419999688863754,
        "shootProgressThreshold": 0.7858999967575073,
        "tackleChance": 0.2199999988079071
      },
      "blockAvoidance": 0.7129013538360596,
      "blockDistance": 24.983444213867188,
      "chemistryBonus": 0.0,
      "chemistryTargetId": -1,
      "clearShotBonus": 0.0,
      "corridorPreference": 0,
      "edgeAvoidance": 0.0,
      "goalAttraction": 0.0,
      "pressureRadius": 72.0,
      "riskAppetite": 0.6519221067428589,
      "visionRadius": 1000000000.0,
      "zoneAggression": [
        1.099288821220398,
        1.0,
        0.9295132160186768,
        1.114699125289917,
        0.9443688988685608
      ]
    },
    {
      "aggression": 1.1199580430984497,
      "base": {
        "forwardPassMinGain": 18.0,
        "markDistance": 54.0,
        "passChanceDefault": 0.03739999979734421,
        "passChanceForward": 0.1664000004529953,
        "passChancePressured": 0.4000000059604645,
        "passChanceWing": 0.009999999776482582,
        "shootProgressThreshold": 0.8113999962806702,
        "tackleChance": 0.1736000031232834
      },
      "blockAvoidance": 0.5,
      "blockDistance": 26.179946899414062,
      "chemistryBonus": 0.0,
      "chemistryTargetId": -1,
      "clearShotBonus": 0.01217556931078434,
      "corridorPreference": 0,
      "edgeAvoidance": 0.0,
      "goalAttraction": 0.0,
      "pressureRadius": 72.0,
      "riskAppetite": 0.5324204564094543,
      "visionRadius": 1000000000.0,
      "zoneAggression": [
        0.8644769191741943,
        1.0,
        1.0,
        1.0229206085205078,
        1.0072076320648193
      ]
    },
    {
      "aggression": 1.0,
      "base": {
        "forwardPassMinGain": 18.0,
        "markDistance": 73.0,
        "passChanceDefault": 0.013199999928474426,
        "passChanceForward": 0.15389999747276306,
        "passChancePressured": 0.4000000059604645,
        "passChanceWing": 0.009999999776482582,
        "shootProgressThreshold": 0.8125,
        "tackleChance": 0.18960000574588776
      },
      "blockAvoidance": 0.5,
      "blockDistance": 25.0,
      "chemistryBonus": 0.0,
      "chemistryTargetId": -1,
      "clearShotBonus": 0.0,
      "corridorPreference": 0,
      "edgeAvoidance": 0.0,
      "goalAttraction": 0.0,
      "pressureRadius": 72.0,
      "riskAppetite": 0.5,
      "visionRadius": 1000000000.0,
      "zoneAggression": [
        1.0,
        1.0,
        1.0,
        1.0,
        1.0
      ]
    },
    {
      "aggression": 1.0,
      "base": {
        "forwardPassMinGain": 6.0,
        "markDistance": 85.0,
        "passChanceDefault": 0.10740000009536743,
        "passChanceForward": 0.15440000593662262,