{
  "accepted": true,
  "candidate": {
    "playerParams": [
      {
        "aggression": 0.9062538146972656,
        "base": {
          "forwardPassMinGain": 10.0,
          "markDistance": 52.0,
          "passChanceDefault": 0.04149999842047691,
          "passChanceForward": 0.18000000715255737,
          "passChancePressured": 0.4000000059604645,
          "passChanceWing": 0.046300001442432404,
          "shootProgressThreshold": 0.7710000276565552,
          "tackleChance": 0.2199999988079071
        },
        "blockAvoidance": 0.22744710743427277,
        "blockDistance": 20.133262634277344,
        "chemistryBonus": 0.0,
        "chemistryTargetId": -1,
        "clearShotBonus": 0.016329588368535042,
        "corridorPreference": -1,
        "edgeAvoidance": 0.12948115170001984,
        "goalAttraction": 0.0,
        "pressureRadius": 68.20966339111328,
        "riskAppetite": 0.5960817337036133,
        "visionRadius": 1000000000.0,
        "zoneAggression": [
          1.0649089813232422,
          1.0071758031845093,
          0.9295132160186768,
          1.2684178352355957,
          0.9443688988685608
        ]
      },
      {
        "aggression": 1.115707516670227,
        "base": {
          "forwardPassMinGain": 16.0,
          "markDistance": 51.0,
          "passChanceDefault": 0.015200000256299973,
          "passChanceForward": 0.15230000019073486,
          "passChancePressured": 0.3765000104904175,
          "passChanceWing": 0.009999999776482582,
          "shootProgressThreshold": 0.8070999979972839,
          "tackleChance": 0.15800000727176666
        },
        "blockAvoidance": 0.6612468957901001,
        "blockDistance": 26.179946899414062,
        "chemistryBonus": 0.0,
        "chemistryTargetId": -1,
        "clearShotBonus": 0.01217556931078434,
        "corridorPreference": 0,
        "edgeAvoidance": 0.0006297690561041236,
        "goalAttraction": 0.0,
        "pressureRadius": 71.05439758300781,
        "riskAppetite": 0.5324204564094543,
        "visionRadius": 1000000000.0,
        "zoneAggression": [
          1.0116089582443237,
          1.0,
          1.0,
          1.0229206085205078,
          1.0072076320648193
        ]
      },
      {
        "aggression": 0.8919590711593628,
        "base": {
          "forwardPassMinGain": 18.0,
          "markDistance": 73.0,
          "passChanceDefault": 0.004999999888241291,
          "passChanceForward": 0.15389999747276306,
          "passChancePressured": 0.35850000381469727,
          "passChanceWing": 0.009999999776482582,
          "shootProgressThreshold": 0.8125,
          "tackleChance": 0.18960000574588776
        },
        "blockAvoidance": 0.39073124527931213,
        "blockDistance": 23.2388916015625,
        "chemistryBonus": 0.0,
        "chemistryTargetId": -1,
        "clearShotBonus": 0.04474450647830963,
        "corridorPreference": 0,
        "edgeAvoidance": 0.16669988632202148,
        "goalAttraction": 0.26279374957084656,
        "pressureRadius": 61.42026138305664,
        "riskAppetite": 0.5131032466888428,
        "visionRadius": 1000000000.0,
        "zoneAggression": [
          0.9900231957435608,
          1.1006484031677246,
          1.0,
          1.02288818359375,
          1.0816596746444702
        ]
      },
      {
        "aggression": 0.676995038986206,
        "base": {
          "forwardPassMinGain": 6.0,
          "markDistance": 85.0,
          "passChanceDefault": 0.10660000145435333,
          "passChanceForward": 0.15440000593662262,
          "passChancePressured": 0.4000000059604645,
          "passChanceWing": 0.019300000742077827,
          "shootProgressThreshold": 0.8999999761581421,
          "tackleChance": 0.19779999554157257
        },
        "blockAvoidance": 0.6700146794319153,
        "blockDistance": 23.0943660736084,
        "chemistryBonus": 0.0,
        "chemistryTargetId": -1,
        "clearShotBonus": 0.0,
        "corridorPreference": 0,
        "edgeAvoidance": 0.08008559793233871,
        "goalAttraction": 0.14299075305461884,
        "pressureRadius": 68.11943817138672,
        "riskAppetite": 0.6371897459030151,
        "visionRadius": 1000000000.0,
        "zoneAggression": [
          0.7551065683364868,
          0.8665475845336914,
          1.0,
          0.8980580568313599,
          1.0
        ]
      },
      {
        "aggression": 1.1962909698486328,
        "base": {
          "forwardPassMinGain": 16.0,
          "markDistance": 80.0,
          "passChanceDefault": 0.05260000005364418,
          "passChanceForward": 0.10809999704360962,
          "passChancePressured": 0.4000000059604645,
          "passChanceWing": 0.009999999776482582,
          "shootProgressThreshold": 0.8748999834060669,
          "tackleChance": 0.20340000092983246
        },
        "blockAvoidance": 0.8228946328163147,
        "blockDistance": 25.520009994506836,
        "chemistryBonus": 0.0,
        "chemistryTargetId": -1,
        "clearShotBonus": 0.16452577710151672,
        "corridorPreference": 1,
        "edgeAvoidance": 0.1061415895819664,
        "goalAttraction": 0.03368835151195526,
        "pressureRadius": 122.60372924804688,
        "riskAppetite": 0.6287183165550232,
        "visionRadius": 1000000000.0,
        "zoneAggression": [
          1.0688737630844116,
          1.039207935333252,
          1.0514358282089233,
          1.3601226806640625,
          1.1168185472488403
        ]
      }
    ]
  },
  "championEpoch": 67,
  "championPlayerParams": [
    {
      "aggression": 0.9062538146972656,
      "base": {
        "forwardPassMinGain": 10.0,
        "markDistance": 52.0,
        "passChanceDefault": 0.04149999842047691,
        "passChanceForward": 0.18000000715255737,
        "passChancePressured": 0.4000000059604645,
        "passChanceWing": 0.046300001442432404,
        "shootProgressThreshold": 0.7710000276565552,
        "tackleChance": 0.2199999988079071
      },
      "blockAvoidance": 0.22744710743427277,
      "blockDistance": 20.133262634277344,
      "chemistryBonus": 0.0,
      "chemistryTargetId": -1,
      "clearShotBonus": 0.016329588368535042,
      "corridorPreference": -1,
      "edgeAvoidance": 0.12948115170001984,
      "goalAttraction": 0.0,
      "pressureRadius": 68.20966339111328,
      "riskAppetite": 0.5960817337036133,
      "visionRadius": 1000000000.0,
      "zoneAggression": [
        1.0649089813232422,
        1.0071758031845093,
        0.9295132160186768,
        1.2684178352355957,
        0.9443688988685608
      ]
    },
    {
      "aggression": 1.115707516670227,
      "base": {
        "forwardPassMinGain": 16.0,
        "markDistance": 51.0,
        "passChanceDefault": 0.015200000256299973,
        "passChanceForward": 0.15230000019073486,
        "passChancePressured": 0.3765000104904175,
        "passChanceWing": 0.009999999776482582,
        "shootProgressThreshold": 0.8070999979972839,
        "tackleChance": 0.15800000727176666
      },
      "blockAvoidance": 0.6612468957901001,
      "blockDistance": 26.179946899414062,
      "chemistryBonus": 0.0,
      "chemistryTargetId": -1,
      "clearShotBonus": 0.01217556931078434,
      "corridorPreference": 0,
      "edgeAvoidance": 0.0006297690561041236,
      "goalAttraction": 0.0,
      "pressureRadius": 71.05439758300781,
      "riskAppetite": 0.5324204564094543,
      "visionRadius": 1000000000.0,
      "zoneAggression": [
        1.0116089582443237,
        1.0,
        1.0,
        1.0229206085205078,
        1.0072076320648193
      ]
    },
    {
      "aggression": 0.8919590711593628,
      "base": {
        "forwardPassMinGain": 18.0,
        "markDistance": 73.0,
        "passChanceDefault": 0.004999999888241291,
        "passChanceForward": 0.15389999747276306,
        "passChancePressured": 0.35850000381469727,
        "passChanceWing": 0.009999999776482582,
        "shootProgressThreshold": 0.8125,
        "tackleChance": 0.18960000574588776
      },