{
  "name": "anneal-stage-3-5ep-50000g-best",
  "playerParams": [
    {
      "decisions": {
        "aggression": 1.9586000442504883,
        "forwardPassMinGain": 4.6707000732421875,
        "markDistance": 71.533203125,
        "passChanceDefault": 0.0640999972820282,
        "passChanceForward": 0.026200000196695328,
        "passChancePressured": 0.2565999925136566,
        "passChanceWing": 0.25,
        "passDirDefensive": 1.1115000247955322,
        "passDirNeutral": 1.2711999416351318,
        "passDirOffensive": 0.5713000297546387,
        "riskAppetite": 0.644599974155426,
        "shootProgressThreshold": 0.6294999718666077,
        "tackleChance": 0.21330000460147858
      },
      "spatial": {
        "ball": {
          "max": 0.0,
          "min": 0.0,
          "preferred": 0.0
        },
        "opponent": {
          "max": 150.04080200195312,
          "min": 40.4822998046875,
          "preferred": 142.09539794921875
        },
        "ownGoal": {
          "max": 777.7498168945312,
          "min": 366.8075866699219,
          "preferred": 718.7008056640625
        },
        "side": {
          "max": 177.8011016845703,
          "min": 0.0,
          "preferred": 67.62539672851562
        },
        "teammate": {
          "max": 302.5220031738281,
          "min": 179.02310180664062,
          "preferred": 290.0928039550781
        }
      }
    },
    {
      "decisions": {
        "aggression": 1.5879000425338745,
        "forwardPassMinGain": 8.53689956665039,
        "markDistance": 25.0,
        "passChanceDefault": 0.09679999947547913,
        "passChanceForward": 0.04639999940991402,
        "passChancePressured": 0.019999999552965164,
        "passChanceWing": 0.059300001710653305,
        "passDirDefensive": 1.807800054550171,
        "passDirNeutral": 0.23109999299049377,
        "passDirOffensive": 2.0,
        "riskAppetite": 0.34310001134872437,
        "shootProgressThreshold": 0.6789000034332275,
        "tackleChance": 0.09030000120401382
      },
      "spatial": {
        "ball": {
          "max": 675.6807861328125,
          "min": 4.54449987411499,
          "preferred": 74.32060241699219
        },
        "opponent": {
          "max": 268.84130859375,
          "min": 0.0,
          "preferred": 146.93569946289062
        },
        "ownGoal": {
          "max": 347.4309997558594,
          "min": 115.3125991821289,
          "preferred": 326.4783020019531
        },
        "side": {
          "max": 363.1495056152344,
          "min": 100.53910064697266,
          "preferred": 345.44110107421875
        },
        "teammate": {
          "max": 76.02580261230469,
          "min": 62.66389846801758,
          "preferred": 62.66389846801758
        }
      }
    },
    {
      "decisions": {
        "aggression": 1.061900019645691,
        "forwardPassMinGain": 7.881100177764893,
        "markDistance": 40.161399841308594,
        "passChanceDefault": 0.19059999287128448,
        "passChanceForward": 0.004999999888241291,
        "passChancePressured": 0.32100000977516174,
        "passChanceWing": 0.05869999900460243,
        "passDirDefensive": 1.141700029373169,
        "passDirNeutral": 0.11190000176429749,
        "passDirOffensive": 1.0750000476837158,
        "riskAppetite": 0.8823999762535095,
        "shootProgressThreshold": 0.550000011920929,
        "tackleChance": 0.2199999988079071
      },
      "spatial": {
        "ball": {
          "max": 32.20669937133789,
          "min": 2.7388999462127686,
          "preferred": 6.229100227355957
        },
        "opponent": {
          "max": 41.39950180053711,
          "min": 0.0,
          "preferred": 41.39950180053711
        },
        "ownGoal": {
          "max": 593.9129028320312,
          "min": 0.0,
          "preferred": 431.1575012207031
        },
        "side": {
          "max": 493.8507080078125,
          "min": 378.6777038574219,
          "preferred": 402.1611022949219
        },
        "teammate": {
          "max": 60.028499603271484,
          "min": 0.0,
          "preferred": 60.028499603271484
        }
      }
    },
    {
      "decisions": {
        "aggression": 1.7058000564575195,
        "forwardPassMinGain": 15.374799728393555,
        "markDistance": 63.89189910888672,
        "passChanceDefault": 0.15770000219345093,
        "passChanceForward": 0.11309999972581863,
        "passChancePressured": 0.10859999805688858,
        "passChanceWing": 0.010499999858438969,
        "passDirDefensive": 0.0,
        "passDirNeutral": 1.5647000074386597,
        "passDirOffensive": 1.7828999757766724,
        "riskAppetite": 0.038100000470876694,
        "shootProgressThreshold": 0.550000011920929,
        "tackleChance": 0.05480000004172325
      },
      "spatial": {
        "ball": {
          "max": 42.93239974975586,
          "min": 16.554899215698242,
          "preferred": 16.554899215698242
        },
        "opponent": {
          "max": 141.3094024658203,
          "min": 19.50979995727539,
          "preferred": 73.01899719238281
        },
        "ownGoal": {
          "max": 499.048095703125,
          "min": 407.67510986328125,
          "preferred": 421.4984130859375
        },
        "side": {
          "max": 305.6908874511719,
          "min": 13.037300109863281,
          "preferred": 298.748291015625
        },
        "teammate": {
          "max": 70.1572036743164,
          "min": 23.216999053955078,
          "preferred": 53.54140090942383
        }
      }
    },
    {
      "decisions": {
        "aggression": 1.853600025177002,
        "forwardPassMinGain": 6.0081000328063965,
        "markDistance": 35.46730041503906,
        "passChanceDefault": 0.14190000295639038,
        "passChanceForward": 0.025200000032782555,
        "passChancePressured": 0.16200000047683716,
        "passChanceWing": 0.17790000140666962,
        "passDirDefensive": 0.6901000142097473,
        "passDirNeutral": 1.3499000072479248,
        "passDirOffensive": 1.479599952697754,
        "riskAppetite": 0.5917999744415283,
        "shootProgressThreshold": 0.7815999984741211,
        "tackleChance": 0.035999998450279236
      },
      "spatial": {
        "ball": {
          "max": 673.9215698242188,
          "min": 169.43899536132812,
          "preferred": 371.9466857910156
        },
        "opponent": {
          "max": 266.4978942871094,
          "min": 179.32640075683594,
          "preferred": 195.43359375
        },
        "ownGoal": {
          "max": 824.9962158203125,
          "min": 60.24209976196289,
          "preferred": 386.04510498046875
        },
        "side": {
          "max": 309.6658020019531,
          "min": 222.11900329589844,
          "preferred": 241.4709014892578
        },
        "teammate": {
          "max": 400.0,
          "min": 139.79490661621094,
          "preferred": 343.79400634765625
        }
      }
    }
  ],
  "sourceEpoch": 0,
  "sourceSession": "anneal-stage-3-5ep-50000g",
  "type": "team-policy-v6",
  "version": 1
}
