{
  "accepted": false,
  "candidate": {
    "parameters": {
      "forwardPassMinGain": 18.0,
      "markDistance": 68.0,
      "passChanceDefault": 0.017000000923871994,
      "passChanceForward": 0.18000000715255737,
      "passChancePressured": 0.34619998931884766,
      "passChanceWing": 0.009999999776482582,
      "shootProgressThreshold": 0.8047000169754028,
      "tackleChance": 0.2199999988079071
    }
  },
  "championEpoch": 10,
  "championParameters": {
    "forwardPassMinGain": 17.0,
    "markDistance": 64.0,
    "passChanceDefault": 0.017000000923871994,
    "passChanceForward": 0.18000000715255737,
    "passChancePressured": 0.4000000059604645,
    "passChanceWing": 0.009999999776482582,
    "shootProgressThreshold": 0.8133999705314636,
    "tackleChance": 0.2199999988079071
  },
  "createdAt": "2026-04-30T10:45:48Z",
  "epoch": 12,
  "evaluation": {
    "avgGoals": 12.3,
    "avgOutOfBounds": 0.01,
    "avgPasses": 129.87,
    "avgShots": 38.89,
    "avgTackles": 6.03,
    "baselineAvgGoals": 6.218,
    "candidateAvgGoals": 6.085,
    "candidateWon": false,
    "earlyStop": null,
    "elapsedMs": 1412,
    "games": 5000,
    "gamesPerSecond": 3541.08,
    "goalDiff": -667.0,
    "maxGames": 5000,
    "passCompletionRate": 0.906,
    "tackleSuccessRate": 1.0,
    "zScore": -1.492
  },
  "gamesPerEpoch": 5000,
  "name": "epoch-012",
  "opponent": {
    "parameters": {
      "forwardPassMinGain": 17.0,
      "markDistance": 64.0,
      "passChanceDefault": 0.017000000923871994,
      "passChanceForward": 0.18000000715255737,
      "passChancePressured": 0.4000000059604645,
      "passChanceWing": 0.009999999776482582,
      "shootProgressThreshold": 0.8133999705314636,
      "tackleChance": 0.2199999988079071
    },
    "sourceEpoch": 10
  },
  "session": "session-11"
}
