{
  "accepted": true,
  "candidate": {
    "parameters": {
      "forwardPassMinGain": 18.0,
      "markDistance": 63.0,
      "passChanceDefault": 0.008100000210106373,
      "passChanceForward": 0.1664000004529953,
      "passChancePressured": 0.4000000059604645,
      "passChanceWing": 0.009999999776482582,
      "shootProgressThreshold": 0.8133999705314636,
      "tackleChance": 0.2199999988079071
    }
  },
  "championEpoch": 92,
  "championParameters": {
    "forwardPassMinGain": 18.0,
    "markDistance": 63.0,
    "passChanceDefault": 0.008100000210106373,
    "passChanceForward": 0.1664000004529953,
    "passChancePressured": 0.4000000059604645,
    "passChanceWing": 0.009999999776482582,
    "shootProgressThreshold": 0.8133999705314636,
    "tackleChance": 0.2199999988079071
  },
  "createdAt": "2026-04-30T10:46:50Z",
  "epoch": 92,
  "evaluation": {
    "avgGoals": 12.35,
    "avgOutOfBounds": 0.01,
    "avgPasses": 133.32,
    "avgShots": 38.82,
    "avgTackles": 5.46,
    "baselineAvgGoals": 6.146,
    "candidateAvgGoals": 6.201,
    "candidateWon": true,
    "earlyStop": null,
    "elapsedMs": 1474,
    "games": 5000,
    "gamesPerSecond": 3392.13,
    "goalDiff": 274.0,
    "maxGames": 5000,
    "passCompletionRate": 0.904,
    "tackleSuccessRate": 1.0,
    "zScore": 0.629
  },
  "gamesPerEpoch": 5000,
  "name": "epoch-092",
  "opponent": {
    "parameters": {
      "forwardPassMinGain": 17.0,
      "markDistance": 63.0,
      "passChanceDefault": 0.008100000210106373,
      "passChanceForward": 0.1664000004529953,
      "passChancePressured": 0.3806999921798706,
      "passChanceWing": 0.009999999776482582,
      "shootProgressThreshold": 0.8133999705314636,
      "tackleChance": 0.2199999988079071
    },
    "sourceEpoch": 89
  },
  "session": "session-11"
}
