{
  "accepted": true,
  "candidate": {
    "parameters": {
      "forwardPassMinGain": 16.0,
      "markDistance": 64.0,
      "passChanceDefault": 0.09139999747276306,
      "passChanceForward": 0.18000000715255737,
      "passChancePressured": 0.4000000059604645,
      "passChanceWing": 0.009999999776482582,
      "shootProgressThreshold": 0.8133999705314636,
      "tackleChance": 0.21439999341964722
    }
  },
  "championEpoch": 158,
  "championParameters": {
    "forwardPassMinGain": 16.0,
    "markDistance": 64.0,
    "passChanceDefault": 0.09139999747276306,
    "passChanceForward": 0.18000000715255737,
    "passChancePressured": 0.4000000059604645,
    "passChanceWing": 0.009999999776482582,
    "shootProgressThreshold": 0.8133999705314636,
    "tackleChance": 0.21439999341964722
  },
  "createdAt": "2026-04-30T10:47:56Z",
  "epoch": 158,
  "evaluation": {
    "avgGoals": 12.06,
    "avgOutOfBounds": 0.01,
    "avgPasses": 137.81,
    "avgShots": 37.55,
    "avgTackles": 5.36,
    "baselineAvgGoals": 6.03,
    "candidateAvgGoals": 6.034,
    "candidateWon": true,
    "earlyStop": null,
    "elapsedMs": 1517,
    "games": 5000,
    "gamesPerSecond": 3295.98,
    "goalDiff": 18.0,
    "maxGames": 5000,
    "passCompletionRate": 0.91,
    "tackleSuccessRate": 1.0,
    "zScore": 0.041
  },
  "gamesPerEpoch": 5000,
  "name": "epoch-158",
  "opponent": {
    "parameters": {
      "forwardPassMinGain": 16.0,
      "markDistance": 64.0,
      "passChanceDefault": 0.06679999828338623,
      "passChanceForward": 0.18000000715255737,
      "passChancePressured": 0.4000000059604645,
      "passChanceWing": 0.009999999776482582,
      "shootProgressThreshold": 0.8133999705314636,
      "tackleChance": 0.2079000025987625
    },
    "sourceEpoch": 143
  },
  "session": "session-11"
}
