{
  "accepted": false,
  "candidate": {
    "parameters": {
      "forwardPassMinGain": 18.0,
      "markDistance": 67.0,
      "passChanceDefault": 0.004999999888241291,
      "passChanceForward": 0.17579999566078186,
      "passChancePressured": 0.36899998784065247,
      "passChanceWing": 0.009999999776482582,
      "shootProgressThreshold": 0.7802000045776367,
      "tackleChance": 0.20800000429153442
    }
  },
  "championEpoch": 0,
  "championParameters": {
    "forwardPassMinGain": 18.0,
    "markDistance": 67.0,
    "passChanceDefault": 0.004999999888241291,
    "passChanceForward": 0.18000000715255737,
    "passChancePressured": 0.36899998784065247,
    "passChanceWing": 0.009999999776482582,
    "shootProgressThreshold": 0.8133999705314636,
    "tackleChance": 0.21739999949932098
  },
  "createdAt": "2026-04-30T10:45:36Z",
  "epoch": 2,
  "evaluation": {
    "avgGoals": 4.13,
    "avgOutOfBounds": 0.0,
    "avgPasses": 105.56,
    "avgShots": 126.71,
    "avgTackles": 2.72,
    "baselineAvgGoals": 2.79,
    "candidateAvgGoals": 1.34,
    "candidateWon": false,
    "earlyStop": "worse",
    "elapsedMs": 31,
    "games": 100,
    "gamesPerSecond": 3225.81,
    "goalDiff": -145.0,
    "maxGames": 5000,
    "passCompletionRate": 0.957,
    "tackleSuccessRate": 1.0,
    "zScore": -4.268
  },
  "gamesPerEpoch": 5000,
  "name": "epoch-002",
  "opponent": {
    "parameters": {
      "forwardPassMinGain": 18.0,
      "markDistance": 67.0,
      "passChanceDefault": 0.004999999888241291,
      "passChanceForward": 0.18000000715255737,
      "passChancePressured": 0.36899998784065247,
      "passChanceWing": 0.009999999776482582,
      "shootProgressThreshold": 0.8133999705314636,
      "tackleChance": 0.21739999949932098
    },
    "sourceEpoch": 0
  },
  "session": "session-11"
}
