{
  "accepted": false,
  "candidate": {
    "parameters": {
      "forwardPassMinGain": 15.0,
      "markDistance": 68.0,
      "passChanceDefault": 0.09549999982118607,
      "passChanceForward": 0.18000000715255737,
      "passChancePressured": 0.4000000059604645,
      "passChanceWing": 0.009999999776482582,
      "shootProgressThreshold": 0.8133999705314636,
      "tackleChance": 0.17970000207424164
    }
  },
  "championEpoch": 170,
  "championParameters": {
    "forwardPassMinGain": 16.0,
    "markDistance": 66.0,
    "passChanceDefault": 0.1096000000834465,
    "passChanceForward": 0.18000000715255737,
    "passChancePressured": 0.4000000059604645,
    "passChanceWing": 0.009999999776482582,
    "shootProgressThreshold": 0.8133999705314636,
    "tackleChance": 0.21439999341964722
  },
  "createdAt": "2026-04-30T10:48:21Z",
  "epoch": 180,
  "evaluation": {
    "avgGoals": 12.03,
    "avgOutOfBounds": 0.01,
    "avgPasses": 134.75,
    "avgShots": 37.1,
    "avgTackles": 5.64,
    "baselineAvgGoals": 6.079,
    "candidateAvgGoals": 5.948,
    "candidateWon": false,
    "earlyStop": null,
    "elapsedMs": 1474,
    "games": 5000,
    "gamesPerSecond": 3392.13,
    "goalDiff": -657.0,
    "maxGames": 5000,
    "passCompletionRate": 0.908,
    "tackleSuccessRate": 1.0,
    "zScore": -1.466
  },
  "gamesPerEpoch": 5000,
  "name": "epoch-180",
  "opponent": {
    "parameters": {
      "forwardPassMinGain": 16.0,
      "markDistance": 66.0,
      "passChanceDefault": 0.1096000000834465,
      "passChanceForward": 0.18000000715255737,
      "passChancePressured": 0.4000000059604645,
      "passChanceWing": 0.009999999776482582,
      "shootProgressThreshold": 0.8133999705314636,
      "tackleChance": 0.21439999341964722
    },
    "sourceEpoch": 170
  },
  "session": "session-11"
}
