{
  "accepted": false,
  "candidate": {
    "parameters": {
      "forwardPassMinGain": 14.0,
      "markDistance": 64.0,
      "passChanceDefault": 0.09139999747276306,
      "passChanceForward": 0.18000000715255737,
      "passChancePressured": 0.4000000059604645,
      "passChanceWing": 0.009999999776482582,
      "shootProgressThreshold": 0.8133999705314636,
      "tackleChance": 0.21439999341964722
    }
  },
  "championEpoch": 158,
  "championParameters": {
    "forwardPassMinGain": 16.0,
    "markDistance": 64.0,
    "passChanceDefault": 0.09139999747276306,
    "passChanceForward": 0.18000000715255737,
    "passChancePressured": 0.4000000059604645,
    "passChanceWing": 0.009999999776482582,
    "shootProgressThreshold": 0.8133999705314636,
    "tackleChance": 0.21439999341964722
  },
  "createdAt": "2026-04-30T10:48:01Z",
  "epoch": 162,
  "evaluation": {
    "avgGoals": 11.99,
    "avgOutOfBounds": 0.01,
    "avgPasses": 138.95,
    "avgShots": 37.23,
    "avgTackles": 5.33,
    "baselineAvgGoals": 6.021,
    "candidateAvgGoals": 5.967,
    "candidateWon": false,
    "earlyStop": null,
    "elapsedMs": 1497,
    "games": 5000,
    "gamesPerSecond": 3340.01,
    "goalDiff": -273.0,
    "maxGames": 5000,
    "passCompletionRate": 0.91,
    "tackleSuccessRate": 1.0,
    "zScore": -0.642
  },
  "gamesPerEpoch": 5000,
  "name": "epoch-162",
  "opponent": {
    "parameters": {
      "forwardPassMinGain": 16.0,
      "markDistance": 64.0,
      "passChanceDefault": 0.09139999747276306,
      "passChanceForward": 0.18000000715255737,
      "passChancePressured": 0.4000000059604645,
      "passChanceWing": 0.009999999776482582,
      "shootProgressThreshold": 0.8133999705314636,
      "tackleChance": 0.21439999341964722
    },
    "sourceEpoch": 158
  },
  "session": "session-11"
}
