{
  "accepted": false,
  "candidate": {
    "parameters": {
      "forwardPassMinGain": 18.0,
      "markDistance": 61.0,
      "passChanceDefault": 0.008799999952316284,
      "passChanceForward": 0.18000000715255737,
      "passChancePressured": 0.4000000059604645,
      "passChanceWing": 0.03799999877810478,
      "shootProgressThreshold": 0.8133999705314636,
      "tackleChance": 0.2199999988079071
    }
  },
  "championEpoch": 25,
  "championParameters": {
    "forwardPassMinGain": 18.0,
    "markDistance": 64.0,
    "passChanceDefault": 0.008799999952316284,
    "passChanceForward": 0.18000000715255737,
    "passChancePressured": 0.4000000059604645,
    "passChanceWing": 0.009999999776482582,
    "shootProgressThreshold": 0.8133999705314636,
    "tackleChance": 0.2199999988079071
  },
  "createdAt": "2026-04-30T10:46:02Z",
  "epoch": 34,
  "evaluation": {
    "avgGoals": 11.88,
    "avgOutOfBounds": 0.01,
    "avgPasses": 141.67,
    "avgShots": 36.76,
    "avgTackles": 5.19,
    "baselineAvgGoals": 6.072,
    "candidateAvgGoals": 5.809,
    "candidateWon": false,
    "earlyStop": "worse",
    "elapsedMs": 928,
    "games": 3225,
    "gamesPerSecond": 3475.22,
    "goalDiff": -848.0,
    "maxGames": 5000,
    "passCompletionRate": 0.911,
    "tackleSuccessRate": 1.0,
    "zScore": -2.54
  },
  "gamesPerEpoch": 5000,
  "name": "epoch-034",
  "opponent": {
    "parameters": {
      "forwardPassMinGain": 18.0,
      "markDistance": 64.0,
      "passChanceDefault": 0.008799999952316284,
      "passChanceForward": 0.18000000715255737,
      "passChancePressured": 0.4000000059604645,
      "passChanceWing": 0.009999999776482582,
      "shootProgressThreshold": 0.8133999705314636,
      "tackleChance": 0.2199999988079071
    },
    "sourceEpoch": 25
  },
  "session": "session-11"
}
