{
  "accepted": false,
  "candidate": {
    "parameters": {
      "forwardPassMinGain": 18.0,
      "markDistance": 63.0,
      "passChanceDefault": 0.03790000081062317,
      "passChanceForward": 0.18000000715255737,
      "passChancePressured": 0.3614000082015991,
      "passChanceWing": 0.009999999776482582,
      "shootProgressThreshold": 0.7558000087738037,
      "tackleChance": 0.19259999692440033
    }
  },
  "championEpoch": 58,
  "championParameters": {
    "forwardPassMinGain": 18.0,
    "markDistance": 63.0,
    "passChanceDefault": 0.01860000006854534,
    "passChanceForward": 0.18000000715255737,
    "passChancePressured": 0.3806999921798706,
    "passChanceWing": 0.009999999776482582,
    "shootProgressThreshold": 0.8133999705314636,
    "tackleChance": 0.21359999477863312
  },
  "createdAt": "2026-04-30T10:46:32Z",
  "epoch": 67,
  "evaluation": {
    "avgGoals": 1.88,
    "avgOutOfBounds": 0.0,
    "avgPasses": 100.93,
    "avgShots": 148.63,
    "avgTackles": 2.32,
    "baselineAvgGoals": 1.82,
    "candidateAvgGoals": 0.06,
    "candidateWon": false,
    "earlyStop": "worse",
    "elapsedMs": 31,
    "games": 100,
    "gamesPerSecond": 3225.81,
    "goalDiff": -176.0,
    "maxGames": 5000,
    "passCompletionRate": 0.982,
    "tackleSuccessRate": 1.0,
    "zScore": -7.359
  },
  "gamesPerEpoch": 5000,
  "name": "epoch-067",
  "opponent": {
    "parameters": {
      "forwardPassMinGain": 18.0,
      "markDistance": 63.0,
      "passChanceDefault": 0.01860000006854534,
      "passChanceForward": 0.18000000715255737,
      "passChancePressured": 0.3806999921798706,
      "passChanceWing": 0.009999999776482582,
      "shootProgressThreshold": 0.8133999705314636,
      "tackleChance": 0.21359999477863312
    },
    "sourceEpoch": 58
  },
  "session": "session-11"
}
