{
  "accepted": false,
  "candidate": {
    "parameters": {
      "forwardPassMinGain": 17.0,
      "markDistance": 58.0,
      "passChanceDefault": 0.01860000006854534,
      "passChanceForward": 0.18000000715255737,
      "passChancePressured": 0.3806999921798706,
      "passChanceWing": 0.01860000006854534,
      "shootProgressThreshold": 0.8133999705314636,
      "tackleChance": 0.2199999988079071
    }
  },
  "championEpoch": 47,
  "championParameters": {
    "forwardPassMinGain": 17.0,
    "markDistance": 61.0,
    "passChanceDefault": 0.01860000006854534,
    "passChanceForward": 0.18000000715255737,
    "passChancePressured": 0.3806999921798706,
    "passChanceWing": 0.009999999776482582,
    "shootProgressThreshold": 0.8133999705314636,
    "tackleChance": 0.2199999988079071
  },
  "createdAt": "2026-04-30T10:46:17Z",
  "epoch": 48,
  "evaluation": {
    "avgGoals": 12.15,
    "avgOutOfBounds": 0.01,
    "avgPasses": 141.21,
    "avgShots": 37.87,
    "avgTackles": 5.07,
    "baselineAvgGoals": 6.148,
    "candidateAvgGoals": 5.999,
    "candidateWon": false,
    "earlyStop": null,
    "elapsedMs": 1472,
    "games": 5000,
    "gamesPerSecond": 3396.74,
    "goalDiff": -742.0,
    "maxGames": 5000,
    "passCompletionRate": 0.906,
    "tackleSuccessRate": 1.0,
    "zScore": -1.862
  },
  "gamesPerEpoch": 5000,
  "name": "epoch-048",
  "opponent": {
    "parameters": {
      "forwardPassMinGain": 17.0,
      "markDistance": 61.0,
      "passChanceDefault": 0.01860000006854534,
      "passChanceForward": 0.18000000715255737,
      "passChancePressured": 0.3806999921798706,
      "passChanceWing": 0.009999999776482582,
      "shootProgressThreshold": 0.8133999705314636,
      "tackleChance": 0.2199999988079071
    },
    "sourceEpoch": 47
  },
  "session": "session-11"
}
