{
  "accepted": false,
  "candidate": {
    "playerParams": [
      {
        "aggression": 2.0,
        "base": {
          "forwardPassMinGain": 14.0,
          "markDistance": 52.0,
          "passChanceDefault": 0.08349999785423279,
          "passChanceForward": 0.18000000715255737,
          "passChancePressured": 0.4000000059604645,
          "passChanceWing": 0.12240000069141388,
          "shootProgressThreshold": 0.7613000273704529,
          "tackleChance": 0.2199999988079071
        },
        "blockAvoidance": 0.6231521964073181,
        "blockDistance": 23.034549713134766,
        "chemistryBonus": 0.0,
        "chemistryTargetId": -1,
        "clearShotBonus": 0.0015340987592935562,
        "corridorPreference": 1,
        "edgeAvoidance": 0.26562318205833435,
        "goalAttraction": 0.26488593220710754,
        "pressureRadius": 76.17980194091797,
        "riskAppetite": 0.28636661171913147,
        "visionRadius": 1000000000.0,
        "zoneAggression": [
          1.2304810285568237,
          0.7728832364082336,
          1.4487766027450562,
          0.5696296095848083,
          1.042911171913147
        ]
      },
      {
        "aggression": 0.9119268655776978,
        "base": {
          "forwardPassMinGain": 15.0,
          "markDistance": 52.0,
          "passChanceDefault": 0.008100000210106373,
          "passChanceForward": 0.1453000009059906,
          "passChancePressured": 0.4000000059604645,
          "passChanceWing": 0.009999999776482582,
          "shootProgressThreshold": 0.8162999749183655,
          "tackleChance": 0.2199999988079071
        },
        "blockAvoidance": 0.23441211879253387,
        "blockDistance": 24.12726593017578,
        "chemistryBonus": 0.0,
        "chemistryTargetId": -1,
        "clearShotBonus": 0.06375373154878616,
        "corridorPreference": 1,
        "edgeAvoidance": 0.0,
        "goalAttraction": 0.25698596239089966,
        "pressureRadius": 95.31826782226562,
        "riskAppetite": 0.6814075708389282,
        "visionRadius": 1000000000.0,
        "zoneAggression": [
          0.8120741844177246,
          1.1268608570098877,
          1.0274022817611694,
          1.1917575597763062,
          1.0093317031860352
        ]
      },
      {
        "aggression": 1.8602350950241089,
        "base": {
          "forwardPassMinGain": 18.0,
          "markDistance": 74.0,
          "passChanceDefault": 0.004999999888241291,
          "passChanceForward": 0.1599999964237213,
          "passChancePressured": 0.4000000059604645,
          "passChanceWing": 0.009999999776482582,
          "shootProgressThreshold": 0.8125,
          "tackleChance": 0.19050000607967377
        },
        "blockAvoidance": 0.20702996850013733,
        "blockDistance": 38.63507080078125,
        "chemistryBonus": 0.0,
        "chemistryTargetId": -1,
        "clearShotBonus": 0.35173556208610535,
        "corridorPreference": 1,
        "edgeAvoidance": 0.01824093796312809,
        "goalAttraction": 0.24962568283081055,
        "pressureRadius": 46.033935546875,
        "riskAppetite": 0.7287124991416931,
        "visionRadius": 1000000000.0,
        "zoneAggression": [
          1.0749595165252686,
          1.4303590059280396,
          0.6424878239631653,
          0.6968450546264648,
          1.085485816001892
        ]
      },
      {
        "aggression": 0.9609870314598083,
        "base": {
          "forwardPassMinGain": 13.0,
          "markDistance": 69.0,
          "passChanceDefault": 0.13179999589920044,
          "passChanceForward": 0.15150000154972076,
          "passChancePressured": 0.4000000059604645,
          "passChanceWing": 0.042899999767541885,
          "shootProgressThreshold": 0.6597999930381775,
          "tackleChance": 0.06710000336170197
        },
        "blockAvoidance": 0.3412342071533203,
        "blockDistance": 38.30232238769531,
        "chemistryBonus": 0.0,
        "chemistryTargetId": -1,
        "clearShotBonus": 0.27462002635002136,
        "corridorPreference": 0,
        "edgeAvoidance": 0.7833164930343628,
        "goalAttraction": 0.0973711684346199,
        "pressureRadius": 90.59664154052734,
        "riskAppetite": 0.0,
        "visionRadius": 1000000000.0,
        "zoneAggression": [
          1.2757760286331177,
          1.0087579488754272,
          0.689176082611084,
          1.6200491189956665,
          0.8029693961143494
        ]
      },
      {
        "aggression": 1.0348912477493286,
        "base": {
          "forwardPassMinGain": 13.0,
          "markDistance": 78.0,
          "passChanceDefault": 0.04270000010728836,
          "passChanceForward": 0.15299999713897705,
          "passChancePressured": 0.4000000059604645,
          "passChanceWing": 0.06589999794960022,
          "shootProgressThreshold": 0.8607000112533569,
          "tackleChance": 0.1282999962568283
        },
        "blockAvoidance": 0.6943467855453491,
        "blockDistance": 13.98510456085205,
        "chemistryBonus": 0.0,
        "chemistryTargetId": -1,
        "clearShotBonus": 0.4391512870788574,
        "corridorPreference": -1,
        "edgeAvoidance": 0.6046556234359741,
        "goalAttraction": 0.3334565758705139,
        "pressureRadius": 38.513702392578125,
        "riskAppetite": 0.18984930217266083,
        "visionRadius": 1000000000.0,
        "zoneAggression": [
          1.1172020435333252,
          1.050950050354004,
          1.2071350812911987,
          1.055994987487793,
          0.7032451629638672
        ]
      }
    ]
  },
  "championEpoch": 93,
  "championPlayerParams": [
    {
      "aggression": 2.0,
      "base": {
        "forwardPassMinGain": 14.0,
        "markDistance": 52.0,
        "passChanceDefault": 0.08349999785423279,
        "passChanceForward": 0.18000000715255737,
        "passChancePressured": 0.4000000059604645,
        "passChanceWing": 0.12240000069141388,
        "shootProgressThreshold": 0.7613000273704529,
        "tackleChance": 0.2199999988079071
      },
      "blockAvoidance": 0.6231521964073181,
      "blockDistance": 23.034549713134766,
      "chemistryBonus": 0.0,
      "chemistryTargetId": -1,
      "clearShotBonus": 0.0015340987592935562,
      "corridorPreference": 1,
      "edgeAvoidance": 0.26562318205833435,
      "goalAttraction": 0.26488593220710754,
      "pressureRadius": 76.17980194091797,
      "riskAppetite": 0.28636661171913147,
      "visionRadius": 1000000000.0,
      "zoneAggression": [
        1.2304810285568237,
        0.7621784210205078,
        1.4487766027450562,
        0.5696296095848083,
        0.8818357586860657
      ]
    },
    {
      "aggression": 0.9119268655776978,
      "base": {
        "forwardPassMinGain": 15.0,
        "markDistance": 52.0,
        "passChanceDefault": 0.008100000210106373,
        "passChanceForward": 0.1453000009059906,
        "passChancePressured": 0.4000000059604645,
        "passChanceWing": 0.009999999776482582,
        "shootProgressThreshold": 0.8162999749183655,
        "tackleChance": 0.2199999988079071
      },
      "blockAvoidance": 0.23441211879253387,
      "blockDistance": 24.12726593017578,
      "chemistryBonus": 0.0,
      "chemistryTargetId": -1,
      "clearShotBonus": 0.06375373154878616,
      "corridorPreference": 1,
      "edgeAvoidance": 0.0,
      "goalAttraction": 0.25698596239089966,
      "pressureRadius": 95.31826782226562,
      "riskAppetite": 0.6814075708389282,
      "visionRadius": 1000000000.0,
      "zoneAggression": [
        0.8120741844177246,
        1.1268608570098877,
        1.0274022817611694,
        1.1917575597763062,
        1.0093317031860352
      ]
    },
    {
      "aggression": 1.8027966022491455,
      "base": {
        "forwardPassMinGain": 18.0,
        "markDistance": 74.0,
        "passChanceDefault": 0.004999999888241291,
        "passChanceForward": 0.1599999964237213,
        "passChancePressured": 0.4000000059604645,
        "passChanceWing": 0.009999999776482582,