{
  "accepted": false,
  "candidate": {
    "playerParams": [
      {
        "aggression": 1.8758946657180786,
        "base": {
          "forwardPassMinGain": 10.0,
          "markDistance": 52.0,
          "passChanceDefault": 0.10140000283718109,
          "passChanceForward": 0.17080000042915344,
          "passChancePressured": 0.4000000059604645,
          "passChanceWing": 0.1680999994277954,
          "shootProgressThreshold": 0.739300012588501,
          "tackleChance": 0.2199999988079071
        },
        "blockAvoidance": 0.6170167326927185,
        "blockDistance": 24.3356876373291,
        "chemistryBonus": 0.0,
        "chemistryTargetId": -1,
        "clearShotBonus": 0.053597480058670044,
        "corridorPreference": 1,
        "edgeAvoidance": 0.27494946122169495,
        "goalAttraction": 0.0934133231639862,
        "pressureRadius": 88.71614837646484,
        "riskAppetite": 0.32049626111984253,
        "visionRadius": 1000000000.0,
        "zoneAggression": [
          1.2331346273422241,
          0.8730491995811462,
          1.3566988706588745,
          0.6233887076377869,
          0.8818357586860657
        ]
      },
      {
        "aggression": 0.9074494242668152,
        "base": {
          "forwardPassMinGain": 18.0,
          "markDistance": 53.0,
          "passChanceDefault": 0.004999999888241291,
          "passChanceForward": 0.14429999887943268,
          "passChancePressured": 0.4000000059604645,
          "passChanceWing": 0.009999999776482582,
          "shootProgressThreshold": 0.815500020980835,
          "tackleChance": 0.2199999988079071
        },
        "blockAvoidance": 0.48128101229667664,
        "blockDistance": 25.72054672241211,
        "chemistryBonus": 0.0,
        "chemistryTargetId": -1,
        "clearShotBonus": 0.06375373154878616,
        "corridorPreference": 0,
        "edgeAvoidance": 0.0,
        "goalAttraction": 0.22065964341163635,
        "pressureRadius": 79.58619689941406,
        "riskAppetite": 0.5823724269866943,
        "visionRadius": 1000000000.0,
        "zoneAggression": [
          0.8120741844177246,
          0.9085901379585266,
          1.0274022817611694,
          1.0363329648971558,
          1.1601442098617554
        ]
      },
      {
        "aggression": 1.8623296022415161,
        "base": {
          "forwardPassMinGain": 18.0,
          "markDistance": 74.0,
          "passChanceDefault": 0.004999999888241291,
          "passChanceForward": 0.1599999964237213,
          "passChancePressured": 0.4000000059604645,
          "passChanceWing": 0.009999999776482582,
          "shootProgressThreshold": 0.8125,
          "tackleChance": 0.19050000607967377
        },
        "blockAvoidance": 0.20702996850013733,
        "blockDistance": 27.604965209960938,
        "chemistryBonus": 0.0,
        "chemistryTargetId": -1,
        "clearShotBonus": 0.15168464183807373,
        "corridorPreference": 1,
        "edgeAvoidance": 0.08784957230091095,
        "goalAttraction": 0.6371784210205078,
        "pressureRadius": 65.4293441772461,
        "riskAppetite": 0.4824705123901367,
        "visionRadius": 1000000000.0,
        "zoneAggression": [
          1.086510419845581,
          1.5088210105895996,
          0.7344033718109131,
          0.9188264012336731,
          0.8769993782043457
        ]
      },
      {
        "aggression": 1.0858871936798096,
        "base": {
          "forwardPassMinGain": 11.0,
          "markDistance": 80.0,
          "passChanceDefault": 0.13979999721050262,
          "passChanceForward": 0.1687999963760376,
          "passChancePressured": 0.33379998803138733,
          "passChanceWing": 0.009999999776482582,
          "shootProgressThreshold": 0.7781999707221985,
          "tackleChance": 0.1543000042438507
        },
        "blockAvoidance": 0.5951409339904785,
        "blockDistance": 35.2830810546875,
        "chemistryBonus": 0.0,
        "chemistryTargetId": -1,
        "clearShotBonus": 0.22118732333183289,
        "corridorPreference": 0,
        "edgeAvoidance": 0.7821962237358093,
        "goalAttraction": 0.08913081139326096,
        "pressureRadius": 77.86649322509766,
        "riskAppetite": 0.04928247258067131,
        "visionRadius": 1000000000.0,
        "zoneAggression": [
          1.2757760286331177,
          1.0497030019760132,
          0.7732864022254944,
          1.4844814538955688,
          0.6060535907745361
        ]
      },
      {
        "aggression": 1.271427869796753,
        "base": {
          "forwardPassMinGain": 12.0,
          "markDistance": 77.0,
          "passChanceDefault": 0.045499999076128006,
          "passChanceForward": 0.1543000042438507,
          "passChancePressured": 0.397599995136261,
          "passChanceWing": 0.05270000174641609,
          "shootProgressThreshold": 0.85589998960495,
          "tackleChance": 0.1216999962925911
        },
        "blockAvoidance": 0.4122375249862671,
        "blockDistance": 18.552549362182617,
        "chemistryBonus": 0.0,
        "chemistryTargetId": -1,
        "clearShotBonus": 0.4391512870788574,
        "corridorPreference": -1,
        "edgeAvoidance": 0.4507863521575928,
        "goalAttraction": 0.19854560494422913,
        "pressureRadius": 38.513702392578125,
        "riskAppetite": 0.3128581643104553,
        "visionRadius": 1000000000.0,
        "zoneAggression": [
          1.1172020435333252,
          0.9545609951019287,
          1.1811184883117676,
          1.055994987487793,
          0.7032451629638672
        ]
      }
    ]
  },
  "championEpoch": 49,
  "championPlayerParams": [
    {
      "aggression": 2.0,
      "base": {
        "forwardPassMinGain": 14.0,
        "markDistance": 52.0,
        "passChanceDefault": 0.08349999785423279,
        "passChanceForward": 0.18000000715255737,
        "passChancePressured": 0.4000000059604645,
        "passChanceWing": 0.14100000262260437,
        "shootProgressThreshold": 0.7613000273704529,
        "tackleChance": 0.2199999988079071
      },
      "blockAvoidance": 0.6170167326927185,
      "blockDistance": 24.3356876373291,
      "chemistryBonus": 0.0,
      "chemistryTargetId": -1,
      "clearShotBonus": 0.006922255735844374,
      "corridorPreference": 1,
      "edgeAvoidance": 0.27494946122169495,
      "goalAttraction": 0.0934133231639862,
      "pressureRadius": 88.71614837646484,
      "riskAppetite": 0.32049626111984253,
      "visionRadius": 1000000000.0,
      "zoneAggression": [
        1.2429702281951904,
        0.8730491995811462,
        1.424804449081421,
        0.5696296095848083,
        0.8818357586860657
      ]
    },
    {
      "aggression": 0.9348825216293335,
      "base": {
        "forwardPassMinGain": 18.0,
        "markDistance": 53.0,
        "passChanceDefault": 0.004999999888241291,
        "passChanceForward": 0.14429999887943268,
        "passChancePressured": 0.4000000059604645,
        "passChanceWing": 0.009999999776482582,
        "shootProgressThreshold": 0.815500020980835,
        "tackleChance": 0.2199999988079071
      },
      "blockAvoidance": 0.37391412258148193,
      "blockDistance": 25.72054672241211,
      "chemistryBonus": 0.0,
      "chemistryTargetId": -1,
      "clearShotBonus": 0.06375373154878616,
      "corridorPreference": 0,
      "edgeAvoidance": 0.0,
      "goalAttraction": 0.26878899335861206,
      "pressureRadius": 89.9940185546875,
      "riskAppetite": 0.5823724269866943,
      "visionRadius": 1000000000.0,
      "zoneAggression": [
        0.8120741844177246,
        0.9085901379585266,
        1.0274022817611694,
        1.0363329648971558,
        1.1601442098617554
      ]
    },
    {
      "aggression": 1.8623296022415161,
      "base": {
        "forwardPassMinGain": 18.0,
        "markDistance": 74.0,
        "passChanceDefault": 0.004999999888241291,
        "passChanceForward": 0.1599999964237213,
        "passChancePressured": 0.4000000059604645,