{
  "accepted": false,
  "candidate": {
    "playerParams": [
      {
        "aggression": 2.0,
        "base": {
          "forwardPassMinGain": 14.0,
          "markDistance": 52.0,
          "passChanceDefault": 0.08349999785423279,
          "passChanceForward": 0.18000000715255737,
          "passChancePressured": 0.4000000059604645,
          "passChanceWing": 0.14100000262260437,
          "shootProgressThreshold": 0.7613000273704529,
          "tackleChance": 0.2199999988079071
        },
        "blockAvoidance": 0.6170167326927185,
        "blockDistance": 30.913433074951172,
        "chemistryBonus": 0.0,
        "chemistryTargetId": -1,
        "clearShotBonus": 0.006922255735844374,
        "corridorPreference": 1,
        "edgeAvoidance": 0.2231491655111313,
        "goalAttraction": 0.0934133231639862,
        "pressureRadius": 88.71614837646484,
        "riskAppetite": 0.32049626111984253,
        "visionRadius": 1000000000.0,
        "zoneAggression": [
          1.2429702281951904,
          1.0772408246994019,
          1.424804449081421,
          0.5696296095848083,
          0.8818357586860657
        ]
      },
      {
        "aggression": 0.9348825216293335,
        "base": {
          "forwardPassMinGain": 18.0,
          "markDistance": 53.0,
          "passChanceDefault": 0.004999999888241291,
          "passChanceForward": 0.14980000257492065,
          "passChancePressured": 0.4000000059604645,
          "passChanceWing": 0.009999999776482582,
          "shootProgressThreshold": 0.8138999938964844,
          "tackleChance": 0.21459999680519104
        },
        "blockAvoidance": 0.5277044177055359,
        "blockDistance": 25.72054672241211,
        "chemistryBonus": 0.0,
        "chemistryTargetId": -1,
        "clearShotBonus": 0.023511245846748352,
        "corridorPreference": 0,
        "edgeAvoidance": 0.0,
        "goalAttraction": 0.12380728870630264,
        "pressureRadius": 89.9940185546875,
        "riskAppetite": 0.5761180520057678,
        "visionRadius": 1000000000.0,
        "zoneAggression": [
          0.8906775116920471,
          0.9085901379585266,
          1.0274022817611694,
          1.000197410583496,
          1.1601442098617554
        ]
      },
      {
        "aggression": 1.8623296022415161,
        "base": {
          "forwardPassMinGain": 18.0,
          "markDistance": 80.0,
          "passChanceDefault": 0.018799999728798866,
          "passChanceForward": 0.1599999964237213,
          "passChancePressured": 0.3880999982357025,
          "passChanceWing": 0.009999999776482582,
          "shootProgressThreshold": 0.8069000244140625,
          "tackleChance": 0.19539999961853027
        },
        "blockAvoidance": 0.20702996850013733,
        "blockDistance": 25.400259017944336,
        "chemistryBonus": 0.0,
        "chemistryTargetId": -1,
        "clearShotBonus": 0.15168464183807373,
        "corridorPreference": 1,
        "edgeAvoidance": 0.08784957230091095,
        "goalAttraction": 0.5838058590888977,
        "pressureRadius": 65.4293441772461,
        "riskAppetite": 0.4824705123901367,
        "visionRadius": 1000000000.0,
        "zoneAggression": [
          1.086510419845581,
          1.721571922302246,
          0.7344033718109131,
          0.9188264012336731,
          0.8769993782043457
        ]
      },
      {
        "aggression": 1.0858871936798096,
        "base": {
          "forwardPassMinGain": 11.0,
          "markDistance": 80.0,
          "passChanceDefault": 0.09239999949932098,
          "passChanceForward": 0.1687999963760376,
          "passChancePressured": 0.33379998803138733,
          "passChanceWing": 0.010700000450015068,
          "shootProgressThreshold": 0.8345999717712402,
          "tackleChance": 0.12250000238418579
        },
        "blockAvoidance": 0.5951409339904785,
        "blockDistance": 35.2830810546875,
        "chemistryBonus": 0.0,
        "chemistryTargetId": -1,
        "clearShotBonus": 0.15527687966823578,
        "corridorPreference": 0,
        "edgeAvoidance": 0.7166845798492432,
        "goalAttraction": 0.08913081139326096,
        "pressureRadius": 77.86649322509766,
        "riskAppetite": 0.08690929412841797,
        "visionRadius": 1000000000.0,
        "zoneAggression": [
          1.2757760286331177,
          0.938873827457428,
          0.689176082611084,
          1.4844814538955688,
          0.7986208200454712
        ]
      },
      {
        "aggression": 0.9748007655143738,
        "base": {
          "forwardPassMinGain": 12.0,
          "markDistance": 77.0,
          "passChanceDefault": 0.025800000876188278,
          "passChanceForward": 0.1518000066280365,
          "passChancePressured": 0.397599995136261,
          "passChanceWing": 0.05270000174641609,
          "shootProgressThreshold": 0.85589998960495,
          "tackleChance": 0.1216999962925911
        },
        "blockAvoidance": 0.4391670525074005,
        "blockDistance": 22.986278533935547,
        "chemistryBonus": 0.0,
        "chemistryTargetId": -1,
        "clearShotBonus": 0.5084761381149292,
        "corridorPreference": -1,
        "edgeAvoidance": 0.3860180377960205,
        "goalAttraction": 0.19854560494422913,
        "pressureRadius": 51.52932357788086,
        "riskAppetite": 0.3128581643104553,
        "visionRadius": 1000000000.0,
        "zoneAggression": [
          1.0357625484466553,
          0.8858844041824341,
          1.1344293355941772,
          1.0886459350585938,
          0.9397554397583008
        ]
      }
    ]
  },
  "championEpoch": 34,
  "championPlayerParams": [
    {
      "aggression": 2.0,
      "base": {
        "forwardPassMinGain": 14.0,
        "markDistance": 52.0,
        "passChanceDefault": 0.08349999785423279,
        "passChanceForward": 0.18000000715255737,
        "passChancePressured": 0.4000000059604645,
        "passChanceWing": 0.14100000262260437,
        "shootProgressThreshold": 0.7613000273704529,
        "tackleChance": 0.2199999988079071
      },
      "blockAvoidance": 0.6170167326927185,
      "blockDistance": 24.3356876373291,
      "chemistryBonus": 0.0,
      "chemistryTargetId": -1,
      "clearShotBonus": 0.006922255735844374,
      "corridorPreference": 1,
      "edgeAvoidance": 0.27494946122169495,
      "goalAttraction": 0.0934133231639862,
      "pressureRadius": 88.71614837646484,
      "riskAppetite": 0.32049626111984253,
      "visionRadius": 1000000000.0,
      "zoneAggression": [
        1.2429702281951904,
        0.8730491995811462,
        1.424804449081421,
        0.5696296095848083,
        0.8818357586860657
      ]
    },
    {
      "aggression": 0.9348825216293335,
      "base": {
        "forwardPassMinGain": 18.0,
        "markDistance": 53.0,
        "passChanceDefault": 0.004999999888241291,
        "passChanceForward": 0.14980000257492065,
        "passChancePressured": 0.4000000059604645,
        "passChanceWing": 0.009999999776482582,
        "shootProgressThreshold": 0.8138999938964844,
        "tackleChance": 0.21459999680519104
      },
      "blockAvoidance": 0.5277044177055359,
      "blockDistance": 25.72054672241211,
      "chemistryBonus": 0.0,
      "chemistryTargetId": -1,
      "clearShotBonus": 0.023511245846748352,
      "corridorPreference": 0,
      "edgeAvoidance": 0.0,
      "goalAttraction": 0.12380728870630264,
      "pressureRadius": 89.9940185546875,
      "riskAppetite": 0.5761180520057678,
      "visionRadius": 1000000000.0,
      "zoneAggression": [
        0.8906775116920471,
        0.9085901379585266,
        1.0274022817611694,
        1.000197410583496,
        1.1601442098617554
      ]
    },
    {
      "aggression": 1.8623296022415161,
      "base": {
        "forwardPassMinGain": 18.0,
        "markDistance": 74.0,
        "passChanceDefault": 0.004999999888241291,
        "passChanceForward": 0.1599999964237213,
        "passChancePressured": 0.4000000059604645,