{
  "accepted": false,
  "candidate": {
    "playerParams": [
      {
        "aggression": 2.0,
        "base": {
          "forwardPassMinGain": 14.0,
          "markDistance": 52.0,
          "passChanceDefault": 0.08349999785423279,
          "passChanceForward": 0.18000000715255737,
          "passChancePressured": 0.4000000059604645,
          "passChanceWing": 0.14100000262260437,
          "shootProgressThreshold": 0.7613000273704529,
          "tackleChance": 0.2199999988079071
        },
        "blockAvoidance": 0.6170167326927185,
        "blockDistance": 24.3356876373291,
        "chemistryBonus": 0.0,
        "chemistryTargetId": -1,
        "clearShotBonus": 0.006922255735844374,
        "corridorPreference": 1,
        "edgeAvoidance": 0.27494946122169495,
        "goalAttraction": 0.0934133231639862,
        "pressureRadius": 88.71614837646484,
        "riskAppetite": 0.32049626111984253,
        "visionRadius": 1000000000.0,
        "zoneAggression": [
          1.2429702281951904,
          0.8730491995811462,
          1.424804449081421,
          0.5696296095848083,
          0.8818357586860657
        ]
      },
      {
        "aggression": 0.9348825216293335,
        "base": {
          "forwardPassMinGain": 18.0,
          "markDistance": 53.0,
          "passChanceDefault": 0.004999999888241291,
          "passChanceForward": 0.14980000257492065,
          "passChancePressured": 0.4000000059604645,
          "passChanceWing": 0.009999999776482582,
          "shootProgressThreshold": 0.8138999938964844,
          "tackleChance": 0.21459999680519104
        },
        "blockAvoidance": 0.5277044177055359,
        "blockDistance": 25.72054672241211,
        "chemistryBonus": 0.0,
        "chemistryTargetId": -1,
        "clearShotBonus": 0.023511245846748352,
        "corridorPreference": 0,
        "edgeAvoidance": 0.0,
        "goalAttraction": 0.12380728870630264,
        "pressureRadius": 89.9940185546875,
        "riskAppetite": 0.5761180520057678,
        "visionRadius": 1000000000.0,
        "zoneAggression": [
          0.8906775116920471,
          0.9085901379585266,
          1.0274022817611694,
          1.000197410583496,
          1.1601442098617554
        ]
      },
      {
        "aggression": 1.9482135772705078,
        "base": {
          "forwardPassMinGain": 16.0,
          "markDistance": 71.0,
          "passChanceDefault": 0.016200000420212746,
          "passChanceForward": 0.17249999940395355,
          "passChancePressured": 0.39579999446868896,
          "passChanceWing": 0.03240000084042549,
          "shootProgressThreshold": 0.8125,
          "tackleChance": 0.19050000607967377
        },
        "blockAvoidance": 0.25606897473335266,
        "blockDistance": 27.604965209960938,
        "chemistryBonus": 0.0,
        "chemistryTargetId": -1,
        "clearShotBonus": 0.2411881983280182,
        "corridorPreference": 1,
        "edgeAvoidance": 0.04474669694900513,
        "goalAttraction": 0.5444585084915161,
        "pressureRadius": 80.81295776367188,
        "riskAppetite": 0.2887228727340698,
        "visionRadius": 1000000000.0,
        "zoneAggression": [
          1.086510419845581,
          1.3899602890014648,
          0.7344033718109131,
          0.9188264012336731,
          0.8769993782043457
        ]
      },
      {
        "aggression": 1.1858116388320923,
        "base": {
          "forwardPassMinGain": 10.0,
          "markDistance": 85.0,
          "passChanceDefault": 0.09239999949932098,
          "passChanceForward": 0.1687999963760376,
          "passChancePressured": 0.31790000200271606,
          "passChanceWing": 0.009999999776482582,
          "shootProgressThreshold": 0.8345999717712402,
          "tackleChance": 0.10189999639987946
        },
        "blockAvoidance": 0.6805171966552734,
        "blockDistance": 33.04772186279297,
        "chemistryBonus": 0.0,
        "chemistryTargetId": -1,
        "clearShotBonus": 0.11961138248443604,
        "corridorPreference": 0,
        "edgeAvoidance": 0.7166845798492432,
        "goalAttraction": 0.0,
        "pressureRadius": 77.86649322509766,
        "riskAppetite": 0.14654085040092468,
        "visionRadius": 1000000000.0,
        "zoneAggression": [
          1.403603196144104,
          0.938873827457428,
          0.8389369249343872,
          1.561905026435852,
          0.7807227373123169
        ]
      },
      {
        "aggression": 1.5819650888442993,
        "base": {
          "forwardPassMinGain": 13.0,
          "markDistance": 85.0,
          "passChanceDefault": 0.004999999888241291,
          "passChanceForward": 0.1518000066280365,
          "passChancePressured": 0.397599995136261,
          "passChanceWing": 0.05270000174641609,
          "shootProgressThreshold": 0.8817999958992004,
          "tackleChance": 0.1216999962925911
        },
        "blockAvoidance": 0.4391670525074005,
        "blockDistance": 22.986278533935547,
        "chemistryBonus": 0.0,
        "chemistryTargetId": -1,
        "clearShotBonus": 0.5660923719406128,
        "corridorPreference": -1,
        "edgeAvoidance": 0.4969808757305145,
        "goalAttraction": 0.19854560494422913,
        "pressureRadius": 52.453102111816406,
        "riskAppetite": 0.3128581643104553,
        "visionRadius": 1000000000.0,
        "zoneAggression": [
          1.0357625484466553,
          0.9282926321029663,
          1.1344293355941772,
          1.0886459350585938,
          1.016731858253479
        ]
      }
    ]
  },
  "championEpoch": 19,
  "championPlayerParams": [
    {
      "aggression": 2.0,
      "base": {
        "forwardPassMinGain": 14.0,
        "markDistance": 52.0,
        "passChanceDefault": 0.08349999785423279,
        "passChanceForward": 0.18000000715255737,
        "passChancePressured": 0.4000000059604645,
        "passChanceWing": 0.14100000262260437,
        "shootProgressThreshold": 0.7613000273704529,
        "tackleChance": 0.2199999988079071
      },
      "blockAvoidance": 0.6170167326927185,
      "blockDistance": 24.3356876373291,
      "chemistryBonus": 0.0,
      "chemistryTargetId": -1,
      "clearShotBonus": 0.006922255735844374,
      "corridorPreference": 1,
      "edgeAvoidance": 0.27494946122169495,
      "goalAttraction": 0.0934133231639862,
      "pressureRadius": 88.71614837646484,
      "riskAppetite": 0.32049626111984253,
      "visionRadius": 1000000000.0,
      "zoneAggression": [
        1.2429702281951904,
        0.8730491995811462,
        1.424804449081421,
        0.5696296095848083,
        0.8818357586860657
      ]
    },
    {
      "aggression": 0.9348825216293335,
      "base": {
        "forwardPassMinGain": 18.0,
        "markDistance": 53.0,
        "passChanceDefault": 0.004999999888241291,
        "passChanceForward": 0.14980000257492065,
        "passChancePressured": 0.4000000059604645,
        "passChanceWing": 0.009999999776482582,
        "shootProgressThreshold": 0.8138999938964844,
        "tackleChance": 0.21459999680519104
      },
      "blockAvoidance": 0.5277044177055359,
      "blockDistance": 25.72054672241211,
      "chemistryBonus": 0.0,
      "chemistryTargetId": -1,
      "clearShotBonus": 0.023511245846748352,
      "corridorPreference": 0,
      "edgeAvoidance": 0.0,
      "goalAttraction": 0.12380728870630264,
      "pressureRadius": 89.9940185546875,
      "riskAppetite": 0.5761180520057678,
      "visionRadius": 1000000000.0,
      "zoneAggression": [
        0.8906775116920471,
        0.9085901379585266,
        1.0274022817611694,
        1.000197410583496,
        1.1601442098617554
      ]
    },
    {
      "aggression": 1.9046647548675537,
      "base": {
        "forwardPassMinGain": 18.0,
        "markDistance": 74.0,
        "passChanceDefault": 0.004999999888241291,
        "passChanceForward": 0.1599999964237213,
        "passChancePressured": 0.4000000059604645,
        "passChanceWing": 0.009999999776482582,