{
  "accepted": false,
  "candidate": {
    "playerParams": [
      {
        "aggression": 2.0,
        "base": {
          "forwardPassMinGain": 14.0,
          "markDistance": 52.0,
          "passChanceDefault": 0.08349999785423279,
          "passChanceForward": 0.18000000715255737,
          "passChancePressured": 0.4000000059604645,
          "passChanceWing": 0.14100000262260437,
          "shootProgressThreshold": 0.7613000273704529,
          "tackleChance": 0.2199999988079071
        },
        "blockAvoidance": 0.6170167326927185,
        "blockDistance": 20.274198532104492,
        "chemistryBonus": 0.0,
        "chemistryTargetId": -1,
        "clearShotBonus": 0.006922255735844374,
        "corridorPreference": 1,
        "edgeAvoidance": 0.3245193064212799,
        "goalAttraction": 0.0,
        "pressureRadius": 88.71614837646484,
        "riskAppetite": 0.32049626111984253,
        "visionRadius": 1000000000.0,
        "zoneAggression": [
          1.2429702281951904,
          0.8730491995811462,
          1.424804449081421,
          0.5696296095848083,
          0.8818357586860657
        ]
      },
      {
        "aggression": 0.733730137348175,
        "base": {
          "forwardPassMinGain": 15.0,
          "markDistance": 52.0,
          "passChanceDefault": 0.008100000210106373,
          "passChanceForward": 0.1453000009059906,
          "passChancePressured": 0.4000000059604645,
          "passChanceWing": 0.009999999776482582,
          "shootProgressThreshold": 0.8162999749183655,
          "tackleChance": 0.2199999988079071
        },
        "blockAvoidance": 0.3191189467906952,
        "blockDistance": 25.72054672241211,
        "chemistryBonus": 0.0,
        "chemistryTargetId": -1,
        "clearShotBonus": 0.10551668703556061,
        "corridorPreference": 0,
        "edgeAvoidance": 0.0,
        "goalAttraction": 0.26878899335861206,
        "pressureRadius": 111.97560119628906,
        "riskAppetite": 0.5440529584884644,
        "visionRadius": 1000000000.0,
        "zoneAggression": [
          0.8120741844177246,
          0.9085901379585266,
          1.2548327445983887,
          1.1917575597763062,
          1.1601442098617554
        ]
      },
      {
        "aggression": 2.0,
        "base": {
          "forwardPassMinGain": 18.0,
          "markDistance": 76.0,
          "passChanceDefault": 0.012600000016391277,
          "passChanceForward": 0.1624000072479248,
          "passChancePressured": 0.37040001153945923,
          "passChanceWing": 0.009999999776482582,
          "shootProgressThreshold": 0.8449000120162964,
          "tackleChance": 0.20880000293254852
        },
        "blockAvoidance": 0.20702996850013733,
        "blockDistance": 28.949831008911133,
        "chemistryBonus": 0.0,
        "chemistryTargetId": -1,
        "clearShotBonus": 0.15168464183807373,
        "corridorPreference": 1,
        "edgeAvoidance": 0.08784957230091095,
        "goalAttraction": 0.6483641266822815,
        "pressureRadius": 61.78904342651367,
        "riskAppetite": 0.4824705123901367,
        "visionRadius": 1000000000.0,
        "zoneAggression": [
          1.086510419845581,
          1.5088210105895996,
          0.7344033718109131,
          0.7904089689254761,
          0.9453805685043335
        ]
      },
      {
        "aggression": 1.0858871936798096,
        "base": {
          "forwardPassMinGain": 11.0,
          "markDistance": 80.0,
          "passChanceDefault": 0.13979999721050262,
          "passChanceForward": 0.17810000479221344,
          "passChancePressured": 0.34950000047683716,
          "passChanceWing": 0.009999999776482582,
          "shootProgressThreshold": 0.7781999707221985,
          "tackleChance": 0.10719999670982361
        },
        "blockAvoidance": 0.5951409339904785,
        "blockDistance": 38.675392150878906,
        "chemistryBonus": 0.0,
        "chemistryTargetId": -1,
        "clearShotBonus": 0.17819565534591675,
        "corridorPreference": 1,
        "edgeAvoidance": 0.7821962237358093,
        "goalAttraction": 0.28523531556129456,
        "pressureRadius": 91.16018676757812,
        "riskAppetite": 0.0,
        "visionRadius": 1000000000.0,
        "zoneAggression": [
          1.2757760286331177,
          0.938873827457428,
          0.689176082611084,
          1.5029226541519165,
          0.8029693961143494
        ]
      },
      {
        "aggression": 1.271427869796753,
        "base": {
          "forwardPassMinGain": 9.0,
          "markDistance": 79.0,
          "passChanceDefault": 0.05350000038743019,
          "passChanceForward": 0.1662999987602234,
          "passChancePressured": 0.3995000123977661,
          "passChanceWing": 0.02329999953508377,
          "shootProgressThreshold": 0.8948000073432922,
          "tackleChance": 0.12099999934434891
        },
        "blockAvoidance": 0.6717095375061035,
        "blockDistance": 18.552549362182617,
        "chemistryBonus": 0.0,
        "chemistryTargetId": -1,
        "clearShotBonus": 0.4391512870788574,
        "corridorPreference": -1,
        "edgeAvoidance": 0.4507863521575928,
        "goalAttraction": 0.36678391695022583,
        "pressureRadius": 38.513702392578125,
        "riskAppetite": 0.3163248300552368,
        "visionRadius": 1000000000.0,
        "zoneAggression": [
          1.1172020435333252,
          0.9545609951019287,
          1.1811184883117676,
          1.055994987487793,
          0.7032451629638672
        ]
      }
    ]
  },
  "championEpoch": 61,
  "championPlayerParams": [
    {
      "aggression": 2.0,
      "base": {
        "forwardPassMinGain": 14.0,
        "markDistance": 52.0,
        "passChanceDefault": 0.08349999785423279,
        "passChanceForward": 0.18000000715255737,
        "passChancePressured": 0.4000000059604645,
        "passChanceWing": 0.14100000262260437,
        "shootProgressThreshold": 0.7613000273704529,
        "tackleChance": 0.2199999988079071
      },
      "blockAvoidance": 0.6170167326927185,
      "blockDistance": 20.274198532104492,
      "chemistryBonus": 0.0,
      "chemistryTargetId": -1,
      "clearShotBonus": 0.006922255735844374,
      "corridorPreference": 1,
      "edgeAvoidance": 0.3245193064212799,
      "goalAttraction": 0.0,
      "pressureRadius": 88.71614837646484,
      "riskAppetite": 0.32049626111984253,
      "visionRadius": 1000000000.0,
      "zoneAggression": [
        1.2429702281951904,
        0.8730491995811462,
        1.424804449081421,
        0.5696296095848083,
        0.8818357586860657
      ]
    },
    {
      "aggression": 0.7067928910255432,
      "base": {
        "forwardPassMinGain": 15.0,
        "markDistance": 52.0,
        "passChanceDefault": 0.008100000210106373,
        "passChanceForward": 0.1453000009059906,
        "passChancePressured": 0.4000000059604645,
        "passChanceWing": 0.009999999776482582,
        "shootProgressThreshold": 0.8162999749183655,
        "tackleChance": 0.2199999988079071
      },
      "blockAvoidance": 0.37391412258148193,
      "blockDistance": 25.72054672241211,
      "chemistryBonus": 0.0,
      "chemistryTargetId": -1,
      "clearShotBonus": 0.06375373154878616,
      "corridorPreference": 0,
      "edgeAvoidance": 0.0,
      "goalAttraction": 0.26878899335861206,
      "pressureRadius": 95.31826782226562,
      "riskAppetite": 0.5823724269866943,
      "visionRadius": 1000000000.0,
      "zoneAggression": [
        0.8120741844177246,
        0.9085901379585266,
        1.0274022817611694,
        1.1917575597763062,
        1.1601442098617554
      ]
    },
    {
      "aggression": 1.8623296022415161,
      "base": {
        "forwardPassMinGain": 18.0,
        "markDistance": 74.0,
        "passChanceDefault": 0.004999999888241291,
        "passChanceForward": 0.1599999964237213,
        "passChancePressured": 0.4000000059604645,
        "passChanceWing": 0.009999999776482582,
        "shootProgressThreshold": 0.8125,