{
  "createdAt": "2026-05-01T02:27:58Z",
  "epoch": 0,
  "name": "epoch-000-baseline",
  "playerParams": [
    {
      "aggression": 2.0,
      "base": {
        "forwardPassMinGain": 14.0,
        "markDistance": 52.0,
        "passChanceDefault": 0.08349999785423279,
        "passChanceForward": 0.18000000715255737,
        "passChancePressured": 0.4000000059604645,
        "passChanceWing": 0.14100000262260437,
        "shootProgressThreshold": 0.7613000273704529,
        "tackleChance": 0.2199999988079071
      },
      "blockAvoidance": 0.6170167326927185,
      "blockDistance": 24.3356876373291,
      "chemistryBonus": 0.0,
      "chemistryTargetId": -1,
      "clearShotBonus": 0.006922255735844374,
      "corridorPreference": 1,
      "edgeAvoidance": 0.27494946122169495,
      "goalAttraction": 0.0934133231639862,
      "pressureRadius": 88.71614837646484,
      "riskAppetite": 0.32049626111984253,
      "visionRadius": 1000000000.0,
      "zoneAggression": [
        1.2429702281951904,
        0.8730491995811462,
        1.424804449081421,
        0.5696296095848083,
        0.8818357586860657
      ]
    },
    {
      "aggression": 1.086707353591919,
      "base": {
        "forwardPassMinGain": 18.0,
        "markDistance": 53.0,
        "passChanceDefault": 0.004999999888241291,
        "passChanceForward": 0.14980000257492065,
        "passChancePressured": 0.4000000059604645,
        "passChanceWing": 0.009999999776482582,
        "shootProgressThreshold": 0.8138999938964844,
        "tackleChance": 0.21459999680519104
      },
      "blockAvoidance": 0.5277044177055359,
      "blockDistance": 25.87899398803711,
      "chemistryBonus": 0.0,
      "chemistryTargetId": -1,
      "clearShotBonus": 0.023511245846748352,
      "corridorPreference": 0,
      "edgeAvoidance": 0.0,
      "goalAttraction": 0.12380728870630264,
      "pressureRadius": 89.9940185546875,
      "riskAppetite": 0.5761180520057678,
      "visionRadius": 1000000000.0,
      "zoneAggression": [
        0.7590702772140503,
        0.9085901379585266,
        1.0274022817611694,
        0.9702624082565308,
        1.011064052581787
      ]
    },
    {
      "aggression": 1.5064529180526733,
      "base": {
        "forwardPassMinGain": 17.0,
        "markDistance": 73.0,
        "passChanceDefault": 0.004999999888241291,
        "passChanceForward": 0.13330000638961792,
        "passChancePressured": 0.3463999927043915,
        "passChanceWing": 0.009999999776482582,
        "shootProgressThreshold": 0.8125,
        "tackleChance": 0.19050000607967377
      },
      "blockAvoidance": 0.25606897473335266,
      "blockDistance": 29.476964950561523,
      "chemistryBonus": 0.0,
      "chemistryTargetId": -1,
      "clearShotBonus": 0.30892762541770935,
      "corridorPreference": 1,
      "edgeAvoidance": 0.179475337266922,
      "goalAttraction": 0.4191717505455017,
      "pressureRadius": 82.60613250732422,
      "riskAppetite": 0.4824705123901367,
      "visionRadius": 1000000000.0,
      "zoneAggression": [
        0.965503990650177,
        1.0186867713928223,
        0.7344033718109131,
        1.010825753211975,
        0.8769993782043457
      ]
    },
    {
      "aggression": 1.1858116388320923,
      "base": {
        "forwardPassMinGain": 10.0,
        "markDistance": 85.0,
        "passChanceDefault": 0.10440000146627426,
        "passChanceForward": 0.16099999845027924,
        "passChancePressured": 0.31790000200271606,
        "passChanceWing": 0.009999999776482582,
        "shootProgressThreshold": 0.8561999797821045,
        "tackleChance": 0.10189999639987946
      },
      "blockAvoidance": 0.5360816717147827,
      "blockDistance": 31.809911727905273,
      "chemistryBonus": 0.0,
      "chemistryTargetId": -1,
      "clearShotBonus": 0.11961138248443604,
      "corridorPreference": -1,
      "edgeAvoidance": 0.8287966847419739,
      "goalAttraction": 0.09052279591560364,
      "pressureRadius": 87.44117736816406,
      "riskAppetite": 0.16191372275352478,
      "visionRadius": 1000000000.0,
      "zoneAggression": [
        1.2757760286331177,
        0.938873827457428,
        0.900353193283081,
        1.2941087484359741,
        0.7986208200454712
      ]
    },
    {
      "aggression": 1.4842572212219238,
      "base": {
        "forwardPassMinGain": 15.0,
        "markDistance": 85.0,
        "passChanceDefault": 0.004999999888241291,
        "passChanceForward": 0.14560000598430634,
        "passChancePressured": 0.397599995136261,
        "passChanceWing": 0.05270000174641609,
        "shootProgressThreshold": 0.8730000257492065,
        "tackleChance": 0.1216999962925911
      },
      "blockAvoidance": 0.45788976550102234,
      "blockDistance": 22.444719314575195,
      "chemistryBonus": 0.0,
      "chemistryTargetId": -1,
      "clearShotBonus": 0.7474619150161743,
      "corridorPreference": -1,
      "edgeAvoidance": 0.4229166805744171,
      "goalAttraction": 0.2229919135570526,
      "pressureRadius": 52.453102111816406,
      "riskAppetite": 0.3128581643104553,
      "visionRadius": 1000000000.0,
      "zoneAggression": [
        1.0357625484466553,
        1.0374996662139893,
        1.1344293355941772,
        1.0886459350585938,
        0.9648220539093018
      ]
    }
  ],
  "role": "initial-baseline",
  "session": "session-6"
}
