{
  "name": "anneal-stage-1-10000ep-100g-best",
  "playerParams": [
    {
      "decisions": {
        "aggression": 0.9254000186920166,
        "forwardPassMinGain": 3.6087000370025635,
        "markDistance": 56.61130142211914,
        "passChanceDefault": 0.09200000017881393,
        "passChanceForward": 0.038100000470876694,
        "passChancePressured": 0.2257000058889389,
        "passChanceWing": 0.009999999776482582,
        "passDirDefensive": 0.015799999237060547,
        "passDirNeutral": 1.382200002670288,
        "passDirOffensive": 0.9081000089645386,
        "riskAppetite": 0.42250001430511475,
        "shootProgressThreshold": 0.5723000168800354,
        "tackleChance": 0.14139999449253082
      },
      "spatial": {
        "ball": {
          "max": 197.57879638671875,
          "min": 7.877699851989746,
          "preferred": 59.5432014465332
        },
        "opponent": {
          "max": 381.4142150878906,
          "min": 0.27059999108314514,
          "preferred": 21.666200637817383
        },
        "ownGoal": {
          "max": 604.42919921875,
          "min": 146.81930541992188,
          "preferred": 584.819580078125
        },
        "side": {
          "max": 509.037109375,
          "min": 108.08560180664062,
          "preferred": 296.37078857421875
        },
        "teammate": {
          "max": 180.24009704589844,
          "min": 2.6442999839782715,
          "preferred": 144.0417022705078
        }
      }
    },
    {
      "decisions": {
        "aggression": 1.6080000400543213,
        "forwardPassMinGain": 14.262800216674805,
        "markDistance": 40.10380172729492,
        "passChanceDefault": 0.06069999933242798,
        "passChanceForward": 0.09210000187158585,
        "passChancePressured": 0.13230000436306,
        "passChanceWing": 0.1800999939441681,
        "passDirDefensive": 0.4986000061035156,
        "passDirNeutral": 0.5863000154495239,
        "passDirOffensive": 1.5736000537872314,
        "riskAppetite": 0.8252000212669373,
        "shootProgressThreshold": 0.6243000030517578,
        "tackleChance": 0.19820000231266022
      },
      "spatial": {
        "ball": {
          "max": 7.4355998039245605,
          "min": 0.0,
          "preferred": 0.7110999822616577
        },
        "opponent": {
          "max": 21.782499313354492,
          "min": 0.0,
          "preferred": 15.577199935913086
        },
        "ownGoal": {
          "max": 531.648193359375,
          "min": 0.0,
          "preferred": 365.556884765625
        },
        "side": {
          "max": 425.6429138183594,
          "min": 166.9304962158203,
          "preferred": 184.48080444335938
        },
        "teammate": {
          "max": 205.4998016357422,
          "min": 24.587200164794922,
          "preferred": 153.6829071044922
        }
      }
    },
    {
      "decisions": {
        "aggression": 1.0978000164031982,
        "forwardPassMinGain": 15.987899780273438,
        "markDistance": 32.833900451660156,
        "passChanceDefault": 0.12219999730587006,
        "passChanceForward": 0.048500001430511475,
        "passChancePressured": 0.0869000032544136,
        "passChanceWing": 0.037700001150369644,
        "passDirDefensive": 0.31220000982284546,
        "passDirNeutral": 1.108199954032898,
        "passDirOffensive": 1.9459999799728394,
        "riskAppetite": 0.6093999743461609,
        "shootProgressThreshold": 0.6212999820709229,
        "tackleChance": 0.15459999442100525
      },
      "spatial": {
        "ball": {
          "max": 58.22800064086914,
          "min": 0.5257999897003174,
          "preferred": 9.564200401306152
        },
        "opponent": {
          "max": 142.71339416503906,
          "min": 20.852500915527344,
          "preferred": 136.6466064453125
        },
        "ownGoal": {
          "max": 507.23431396484375,
          "min": 120.51830291748047,
          "preferred": 186.5028076171875
        },
        "side": {
          "max": 479.99749755859375,
          "min": 158.74429321289062,
          "preferred": 351.9757995605469
        },
        "teammate": {
          "max": 382.3656921386719,
          "min": 5.543700218200684,
          "preferred": 180.38729858398438
        }
      }
    },
    {
      "decisions": {
        "aggression": 0.9375,
        "forwardPassMinGain": 7.111700057983398,
        "markDistance": 30.47610092163086,
        "passChanceDefault": 0.0052999998442828655,
        "passChanceForward": 0.005100000184029341,
        "passChancePressured": 0.2092999964952469,
        "passChanceWing": 0.03420000150799751,
        "passDirDefensive": 1.3657000064849854,
        "passDirNeutral": 1.173799991607666,
        "passDirOffensive": 1.2475999593734741,
        "riskAppetite": 0.9243000149726868,
        "shootProgressThreshold": 0.7031999826431274,
        "tackleChance": 0.17520000040531158
      },
      "spatial": {
        "ball": {
          "max": 344.61138916015625,
          "min": 81.87629699707031,
          "preferred": 86.96929931640625
        },
        "opponent": {
          "max": 218.34530639648438,
          "min": 42.88019943237305,
          "preferred": 55.87289810180664
        },
        "ownGoal": {
          "max": 368.41241455078125,
          "min": 233.48899841308594,
          "preferred": 264.1184997558594
        },
        "side": {
          "max": 470.4183044433594,
          "min": 93.43900299072266,
          "preferred": 294.33990478515625
        },
        "teammate": {
          "max": 301.544189453125,
          "min": 21.50029945373535,
          "preferred": 198.90390014648438
        }
      }
    },
    {
      "decisions": {
        "aggression": 1.0096999406814575,
        "forwardPassMinGain": 7.161799907684326,
        "markDistance": 69.16449737548828,
        "passChanceDefault": 0.07900000363588333,
        "passChanceForward": 0.03849999979138374,
        "passChancePressured": 0.24490000307559967,
        "passChanceWing": 0.010099999606609344,
        "passDirDefensive": 1.316499948501587,
        "passDirNeutral": 1.2862000465393066,
        "passDirOffensive": 0.8255000114440918,
        "riskAppetite": 0.3652999997138977,
        "shootProgressThreshold": 0.7745000123977661,
        "tackleChance": 0.2199999988079071
      },
      "spatial": {
        "ball": {
          "max": 603.5452880859375,
          "min": 148.47779846191406,
          "preferred": 523.3120727539062
        },
        "opponent": {
          "max": 276.81939697265625,
          "min": 0.0,
          "preferred": 251.00250244140625
        },
        "ownGoal": {
          "max": 132.32350158691406,
          "min": 64.36519622802734,
          "preferred": 71.331298828125
        },
        "side": {
          "max": 376.2543029785156,
          "min": 198.92469787597656,
          "preferred": 314.2641906738281
        },
        "teammate": {
          "max": 380.1875,
          "min": 0.0,
          "preferred": 156.8321075439453
        }
      }
    }
  ],
  "sourceEpoch": 5050,
  "sourceSession": "anneal-stage-1-10000ep-100g",
  "type": "team-policy-v6",
  "version": 1
}
