{
  "name": "s20-anneal-stage-1-50ep-500g-best",
  "playerParams": [
    {
      "decisions": {
        "aggression": 1.3148000240325928,
        "forwardPassMinGain": 5.775100231170654,
        "markDistance": 81.42659759521484,
        "passChanceDefault": 0.1200999990105629,
        "passChanceForward": 0.05979999899864197,
        "passChancePressured": 0.2542000114917755,
        "passChanceWing": 0.11180000007152557,
        "passDirDefensive": 0.0,
        "passDirNeutral": 1.9248000383377075,
        "passDirOffensive": 1.0578999519348145,
        "riskAppetite": 0.7671999931335449,
        "shootProgressThreshold": 0.6726999878883362,
        "tackleChance": 0.14910000562667847
      },
      "gk": null,
      "spatial": {
        "ball": {
          "max": 497.2148132324219,
          "min": 29.377500534057617,
          "preferred": 348.8258056640625
        },
        "opponent": {
          "max": 271.2810974121094,
          "min": 52.54439926147461,
          "preferred": 57.20759963989258
        },
        "ownGoal": {
          "max": 732.905517578125,
          "min": 537.3983154296875,
          "preferred": 727.5848999023438
        },
        "side": {
          "max": 259.4472961425781,
          "min": 218.02549743652344,
          "preferred": 252.0428009033203
        },
        "teammate": {
          "max": 340.4187927246094,
          "min": 130.35330200195312,
          "preferred": 269.56170654296875
        }
      }
    },
    {
      "decisions": {
        "aggression": 0.6567000150680542,
        "forwardPassMinGain": 18.0,
        "markDistance": 38.681800842285156,
        "passChanceDefault": 0.004999999888241291,
        "passChanceForward": 0.12449999898672104,
        "passChancePressured": 0.17399999499320984,
        "passChanceWing": 0.18569999933242798,
        "passDirDefensive": 0.16380000114440918,
        "passDirNeutral": 1.7621999979019165,
        "passDirOffensive": 1.2750999927520752,
        "riskAppetite": 0.9699000120162964,
        "shootProgressThreshold": 0.6700999736785889,
        "tackleChance": 0.13979999721050262
      },
      "gk": null,
      "spatial": {
        "ball": {
          "max": 28.05109977722168,
          "min": 0.0,
          "preferred": 0.0
        },
        "opponent": {
          "max": 92.1436996459961,
          "min": 50.419898986816406,
          "preferred": 50.419898986816406
        },
        "ownGoal": {
          "max": 737.4666137695312,
          "min": 178.9844970703125,
          "preferred": 287.5138854980469
        },
        "side": {
          "max": 344.1622009277344,
          "min": 134.0930938720703,
          "preferred": 272.34320068359375
        },
        "teammate": {
          "max": 328.2251892089844,
          "min": 206.69039916992188,
          "preferred": 238.2427978515625
        }
      }
    },
    {
      "decisions": {
        "aggression": 1.8205000162124634,
        "forwardPassMinGain": 11.268500328063965,
        "markDistance": 27.872900009155273,
        "passChanceDefault": 0.16200000047683716,
        "passChanceForward": 0.1737000048160553,
        "passChancePressured": 0.2320999950170517,
        "passChanceWing": 0.009999999776482582,
        "passDirDefensive": 0.0,
        "passDirNeutral": 1.3761999607086182,
        "passDirOffensive": 1.2922999858856201,
        "riskAppetite": 0.40299999713897705,
        "shootProgressThreshold": 0.824400007724762,
        "tackleChance": 0.2199999988079071
      },
      "gk": null,
      "spatial": {
        "ball": {
          "max": 18.69409942626953,
          "min": 0.0,
          "preferred": 7.419899940490723
        },
        "opponent": {
          "max": 281.2853088378906,
          "min": 17.238300323486328,
          "preferred": 145.6678009033203
        },
        "ownGoal": {
          "max": 299.6238098144531,
          "min": 289.71978759765625,
          "preferred": 299.6238098144531
        },
        "side": {
          "max": 427.7952880859375,
          "min": 200.38929748535156,
          "preferred": 323.1890869140625
        },
        "teammate": {
          "max": 146.0897979736328,
          "min": 34.28459930419922,
          "preferred": 93.76190185546875
        }
      }
    },
    {
      "decisions": {
        "aggression": 0.8633000254631042,
        "forwardPassMinGain": 16.383399963378906,
        "markDistance": 31.8710994720459,
        "passChanceDefault": 0.17990000545978546,
        "passChanceForward": 0.004999999888241291,
        "passChancePressured": 0.14920000731945038,
        "passChanceWing": 0.11159999668598175,
        "passDirDefensive": 1.6467000246047974,
        "passDirNeutral": 0.43720000982284546,
        "passDirOffensive": 1.3910000324249268,
        "riskAppetite": 0.0,
        "shootProgressThreshold": 0.7264000177383423,
        "tackleChance": 0.2037999927997589
      },
      "gk": null,
      "spatial": {
        "ball": {
          "max": 514.2135009765625,
          "min": 167.0657958984375,
          "preferred": 222.8592071533203
        },
        "opponent": {
          "max": 342.4635925292969,
          "min": 70.53980255126953,
          "preferred": 252.6634979248047
        },
        "ownGoal": {
          "max": 473.4111022949219,
          "min": 406.8044128417969,
          "preferred": 429.718505859375
        },
        "side": {
          "max": 210.67840576171875,
          "min": 111.43840026855469,
          "preferred": 154.6042938232422
        },
        "teammate": {
          "max": 168.297607421875,
          "min": 0.0,
          "preferred": 81.04920196533203
        }
      }
    },
    {
      "decisions": {
        "aggression": 0.5266000032424927,
        "forwardPassMinGain": 4.054900169372559,
        "markDistance": 78.98400115966797,
        "passChanceDefault": 0.20000000298023224,
        "passChanceForward": 0.04769999906420708,
        "passChancePressured": 0.3725999891757965,
        "passChanceWing": 0.18369999527931213,
        "passDirDefensive": 0.6363000273704529,
        "passDirNeutral": 0.325300008058548,
        "passDirOffensive": 1.3034000396728516,
        "riskAppetite": 0.9434000253677368,
        "shootProgressThreshold": 0.7803999781608582,
        "tackleChance": 0.07970000058412552
      },
      "gk": {
        "gkDistributionZone": 0.9818999767303467,
        "gkDiveChance": 1.0,
        "gkDiveCommitDist": 125.96640014648438,
        "gkPassTargetDist": 121.2864990234375,
        "gkRiskClearance": 0.3440999984741211
      },
      "spatial": {
        "ball": {
          "max": 433.5270080566406,
          "min": 29.004600524902344,
          "preferred": 130.91749572753906
        },
        "opponent": {
          "max": 395.77789306640625,
          "min": 246.8824005126953,
          "preferred": 280.89190673828125
        },
        "ownGoal": {
          "max": 755.1304931640625,
          "min": 558.2760009765625,
          "preferred": 638.2803955078125
        },
        "side": {
          "max": 256.847412109375,
          "min": 251.6696014404297,
          "preferred": 251.6696014404297
        },
        "teammate": {
          "max": 278.2276916503906,
          "min": 183.93800354003906,
          "preferred": 232.89190673828125
        }
      }
    }
  ],
  "sourceEpoch": 48,
  "sourceSession": "s20-anneal-stage-1-50ep-500g",
  "type": "team-policy-v6",
  "version": 1
}
