{
  "createdAt": "2026-05-07T07:33:20Z",
  "epoch": 0,
  "name": "epoch-000-baseline",
  "playerParams": [
    {
      "decisions": {
        "aggression": 1.4615999460220337,
        "forwardPassMinGain": 17.93199920654297,
        "markDistance": 51.484901428222656,
        "passChanceDefault": 0.1257999986410141,
        "passChanceForward": 0.05730000138282776,
        "passChancePressured": 0.20819999277591705,
        "passChanceWing": 0.05999999865889549,
        "passDirDefensive": 1.7062000036239624,
        "passDirNeutral": 0.0,
        "passDirOffensive": 1.7510000467300415,
        "riskAppetite": 0.33869999647140503,
        "shootProgressThreshold": 0.7705000042915344,
        "tackleChance": 0.21050000190734863
      },
      "gk": null,
      "spatial": {
        "ball": {
          "max": 57.496498107910156,
          "min": 55.17559814453125,
          "preferred": 55.17559814453125
        },
        "opponent": {
          "max": 228.63270568847656,
          "min": 127.53230285644531,
          "preferred": 194.36880493164062
        },
        "ownGoal": {
          "max": 719.3685913085938,
          "min": 716.364501953125,
          "preferred": 716.364501953125
        },
        "side": {
          "max": 474.2637023925781,
          "min": 0.0,
          "preferred": 204.98829650878906
        },
        "teammate": {
          "max": 301.4739990234375,
          "min": 170.27720642089844,
          "preferred": 262.1695861816406
        }
      }
    },
    {
      "decisions": {
        "aggression": 0.5800999999046326,
        "forwardPassMinGain": 18.0,
        "markDistance": 75.43669891357422,
        "passChanceDefault": 0.07959999889135361,
        "passChanceForward": 0.004999999888241291,
        "passChancePressured": 0.28769999742507935,
        "passChanceWing": 0.08070000261068344,
        "passDirDefensive": 0.2777000069618225,
        "passDirNeutral": 0.19939999282360077,
        "passDirOffensive": 0.22110000252723694,
        "riskAppetite": 1.0,
        "shootProgressThreshold": 0.6829000115394592,
        "tackleChance": 0.15369999408721924
      },
      "gk": null,
      "spatial": {
        "ball": {
          "max": 36.348201751708984,
          "min": 8.887900352478027,
          "preferred": 8.887900352478027
        },
        "opponent": {
          "max": 312.8222961425781,
          "min": 11.908100128173828,
          "preferred": 205.1414031982422
        },
        "ownGoal": {
          "max": 292.6687927246094,
          "min": 280.9767150878906,
          "preferred": 280.9767150878906
        },
        "side": {
          "max": 347.14410400390625,
          "min": 154.95889282226562,
          "preferred": 347.14410400390625
        },
        "teammate": {
          "max": 397.6806945800781,
          "min": 92.13020324707031,
          "preferred": 115.44760131835938
        }
      }
    },
    {
      "decisions": {
        "aggression": 1.8828999996185303,
        "forwardPassMinGain": 9.32979965209961,
        "markDistance": 42.822601318359375,
        "passChanceDefault": 0.1200999990105629,
        "passChanceForward": 0.1242000013589859,
        "passChancePressured": 0.23309999704360962,
        "passChanceWing": 0.17419999837875366,
        "passDirDefensive": 1.4407999515533447,
        "passDirNeutral": 1.5117000341415405,
        "passDirOffensive": 1.7039999961853027,
        "riskAppetite": 0.8212000131607056,
        "shootProgressThreshold": 0.8428999781608582,
        "tackleChance": 0.11699999868869781
      },
      "gk": null,
      "spatial": {
        "ball": {
          "max": 52.630001068115234,
          "min": 8.004899978637695,
          "preferred": 8.004899978637695
        },
        "opponent": {
          "max": 246.00360107421875,
          "min": 9.277000427246094,
          "preferred": 111.73699951171875
        },
        "ownGoal": {
          "max": 882.6760864257812,
          "min": 65.4574966430664,
          "preferred": 429.910400390625
        },
        "side": {
          "max": 486.1485900878906,
          "min": 243.78359985351562,
          "preferred": 318.3752136230469
        },
        "teammate": {
          "max": 376.2986145019531,
          "min": 32.04610061645508,
          "preferred": 134.86619567871094
        }
      }
    },
    {
      "decisions": {
        "aggression": 1.7847000360488892,
        "forwardPassMinGain": 0.0,
        "markDistance": 25.0,
        "passChanceDefault": 0.03709999844431877,
        "passChanceForward": 0.031099999323487282,
        "passChancePressured": 0.21490000188350677,
        "passChanceWing": 0.19480000436306,
        "passDirDefensive": 0.2955000102519989,
        "passDirNeutral": 0.815500020980835,
        "passDirOffensive": 0.8737999796867371,
        "riskAppetite": 0.0,
        "shootProgressThreshold": 0.7838000059127808,
        "tackleChance": 0.06909999996423721
      },
      "gk": null,
      "spatial": {
        "ball": {
          "max": 521.1719970703125,
          "min": 0.0,
          "preferred": 335.8008117675781
        },
        "opponent": {
          "max": 360.3367919921875,
          "min": 16.353099822998047,
          "preferred": 129.48300170898438
        },
        "ownGoal": {
          "max": 799.2745971679688,
          "min": 458.5603942871094,
          "preferred": 624.2506103515625
        },
        "side": {
          "max": 194.5207061767578,
          "min": 82.65119934082031,
          "preferred": 188.15280151367188
        },
        "teammate": {
          "max": 219.03860473632812,
          "min": 108.34519958496094,
          "preferred": 139.48399353027344
        }
      }
    },
    {
      "decisions": {
        "aggression": 1.0621000528335571,
        "forwardPassMinGain": 0.0,
        "markDistance": 26.292499542236328,
        "passChanceDefault": 0.004999999888241291,
        "passChanceForward": 0.1582999974489212,
        "passChancePressured": 0.387800008058548,
        "passChanceWing": 0.18310000002384186,
        "passDirDefensive": 0.7465999722480774,
        "passDirNeutral": 0.02199999988079071,
        "passDirOffensive": 0.8305000066757202,
        "riskAppetite": 0.4180999994277954,
        "shootProgressThreshold": 0.6908000111579895,
        "tackleChance": 0.1590999960899353
      },
      "gk": {
        "gkDistributionZone": 0.37450000643730164,
        "gkDiveChance": 0.8828999996185303,
        "gkDiveCommitDist": 197.27239990234375,
        "gkPassTargetDist": 87.19239807128906,
        "gkRiskClearance": 0.5824000239372253
      },
      "spatial": {
        "ball": {
          "max": 588.9794921875,
          "min": 468.6368103027344,
          "preferred": 549.5015869140625
        },
        "opponent": {
          "max": 249.39649963378906,
          "min": 15.633199691772461,
          "preferred": 138.9761962890625
        },
        "ownGoal": {
          "max": 389.930908203125,
          "min": 99.73590087890625,
          "preferred": 170.57980346679688
        },
        "side": {
          "max": 97.91169738769531,
          "min": 0.0,
          "preferred": 49.40800094604492
        },
        "teammate": {
          "max": 391.40069580078125,
          "min": 81.57209777832031,
          "preferred": 218.37420654296875
        }
      }
    }
  ],
  "role": "initial-baseline",
  "session": "s28-anneal-stage-2-20ep-5000g"
}
