{
  "acceptedCount": 4,
  "acceptedEpochs": [
    8,
    9,
    14,
    16
  ],
  "averageEpochElapsedMs": 528,
  "bestGoalDiff": 176.0,
  "epochs": 20,
  "finalChampionEpoch": 16,
  "finalChampionPlayerParams": [
    {
      "decisions": {
        "aggression": 1.4388999938964844,
        "forwardPassMinGain": 18.0,
        "markDistance": 51.484901428222656,
        "passChanceDefault": 0.1257999986410141,
        "passChanceForward": 0.06239999830722809,
        "passChancePressured": 0.20819999277591705,
        "passChanceWing": 0.06120000034570694,
        "passDirDefensive": 1.780900001525879,
        "passDirNeutral": 0.06870000064373016,
        "passDirOffensive": 1.7101999521255493,
        "riskAppetite": 0.38749998807907104,
        "shootProgressThreshold": 0.7705000042915344,
        "tackleChance": 0.21050000190734863
      },
      "gk": null,
      "spatial": {
        "ball": {
          "max": 85.05760192871094,
          "min": 74.63159942626953,
          "preferred": 74.63159942626953
        },
        "opponent": {
          "max": 223.11390686035156,
          "min": 127.53230285644531,
          "preferred": 173.24560546875
        },
        "ownGoal": {
          "max": 750.3060913085938,
          "min": 716.364501953125,
          "preferred": 716.364501953125
        },
        "side": {
          "max": 474.2637023925781,
          "min": 0.0,
          "preferred": 180.87440490722656
        },
        "teammate": {
          "max": 301.4739990234375,
          "min": 170.27720642089844,
          "preferred": 262.1695861816406
        }
      }
    },
    {
      "decisions": {
        "aggression": 0.5800999999046326,
        "forwardPassMinGain": 18.0,
        "markDistance": 75.43669891357422,
        "passChanceDefault": 0.07959999889135361,
        "passChanceForward": 0.004999999888241291,
        "passChancePressured": 0.28769999742507935,
        "passChanceWing": 0.08070000261068344,
        "passDirDefensive": 0.2777000069618225,
        "passDirNeutral": 0.19939999282360077,
        "passDirOffensive": 0.22110000252723694,
        "riskAppetite": 1.0,
        "shootProgressThreshold": 0.6829000115394592,
        "tackleChance": 0.15369999408721924
      },
      "gk": null,
      "spatial": {
        "ball": {
          "max": 27.44179916381836,
          "min": 0.0,
          "preferred": 8.887900352478027
        },
        "opponent": {
          "max": 312.8222961425781,
          "min": 27.985700607299805,
          "preferred": 205.1414031982422
        },
        "ownGoal": {
          "max": 292.6687927246094,
          "min": 280.9767150878906,
          "preferred": 280.9767150878906
        },
        "side": {
          "max": 347.14410400390625,
          "min": 198.3094024658203,
          "preferred": 347.14410400390625
        },
        "teammate": {
          "max": 397.6806945800781,
          "min": 81.47830200195312,
          "preferred": 107.69290161132812
        }
      }
    },
    {
      "decisions": {
        "aggression": 1.8828999996185303,
        "forwardPassMinGain": 9.32979965209961,
        "markDistance": 42.822601318359375,
        "passChanceDefault": 0.1200999990105629,
        "passChanceForward": 0.1242000013589859,
        "passChancePressured": 0.23309999704360962,
        "passChanceWing": 0.17419999837875366,
        "passDirDefensive": 1.4407999515533447,
        "passDirNeutral": 1.5117000341415405,
        "passDirOffensive": 1.7039999961853027,
        "riskAppetite": 0.8212000131607056,
        "shootProgressThreshold": 0.8079000115394592,
        "tackleChance": 0.11699999868869781
      },
      "gk": null,
      "spatial": {
        "ball": {
          "max": 52.630001068115234,
          "min": 8.004899978637695,
          "preferred": 8.004899978637695
        },
        "opponent": {
          "max": 246.00360107421875,
          "min": 9.277000427246094,
          "preferred": 111.73699951171875
        },
        "ownGoal": {
          "max": 882.6760864257812,
          "min": 65.4574966430664,
          "preferred": 405.9158020019531
        },
        "side": {
          "max": 486.1485900878906,
          "min": 243.78359985351562,
          "preferred": 318.3752136230469
        },
        "teammate": {
          "max": 376.2986145019531,
          "min": 32.04610061645508,
          "preferred": 128.97720336914062
        }
      }
    },
    {
      "decisions": {
        "aggression": 1.8125,
        "forwardPassMinGain": 0.0,
        "markDistance": 29.967300415039062,
        "passChanceDefault": 0.03709999844431877,
        "passChanceForward": 0.017500000074505806,
        "passChancePressured": 0.2222999930381775,
        "passChanceWing": 0.16670000553131104,
        "passDirDefensive": 0.2955000102519989,
        "passDirNeutral": 0.815500020980835,
        "passDirOffensive": 0.6428999900817871,
        "riskAppetite": 0.09200000017881393,
        "shootProgressThreshold": 0.8421000242233276,
        "tackleChance": 0.06909999996423721
      },
      "gk": null,
      "spatial": {
        "ball": {
          "max": 473.0281982421875,
          "min": 0.0,
          "preferred": 335.8008117675781
        },
        "opponent": {
          "max": 360.95721435546875,
          "min": 0.0,
          "preferred": 138.34750366210938
        },
        "ownGoal": {
          "max": 701.6567993164062,
          "min": 458.5603942871094,
          "preferred": 627.239501953125
        },
        "side": {
          "max": 210.9954071044922,
          "min": 82.65119934082031,
          "preferred": 188.15280151367188
        },
        "teammate": {
          "max": 219.03860473632812,
          "min": 119.4634017944336,
          "preferred": 119.96630096435547
        }
      }
    },
    {
      "decisions": {
        "aggression": 1.0621000528335571,
        "forwardPassMinGain": 0.0,
        "markDistance": 26.292499542236328,
        "passChanceDefault": 0.004999999888241291,
        "passChanceForward": 0.1582999974489212,
        "passChancePressured": 0.387800008058548,
        "passChanceWing": 0.18310000002384186,
        "passDirDefensive": 0.7465999722480774,
        "passDirNeutral": 0.14139999449253082,
        "passDirOffensive": 0.8305000066757202,
        "riskAppetite": 0.4180999994277954,
        "shootProgressThreshold": 0.6908000111579895,
        "tackleChance": 0.17550000548362732
      },
      "gk": {
        "gkDistributionZone": 0.37450000643730164,
        "gkDiveChance": 0.8828999996185303,
        "gkDiveCommitDist": 199.84689331054688,
        "gkPassTargetDist": 95.66320037841797,
        "gkRiskClearance": 0.5270000100135803
      },
      "spatial": {
        "ball": {
          "max": 588.9794921875,
          "min": 468.6368103027344,
          "preferred": 549.5015869140625
        },
        "opponent": {
          "max": 249.39649963378906,
          "min": 16.350099563598633,
          "preferred": 138.9761962890625
        },
        "ownGoal": {
          "max": 402.9956970214844,
          "min": 136.43899536132812,
          "preferred": 173.13330078125
        },
        "side": {
          "max": 97.91169738769531,
          "min": 0.0,
          "preferred": 72.98590087890625
        },
        "teammate": {
          "max": 391.40069580078125,
          "min": 98.15989685058594,
          "preferred": 218.37420654296875
        }
      }
    }
  ],
  "finishedAt": "2026-05-07T07:33:30Z",
  "gamesPerEpoch": 5000,
  "history": [
    {
      "accepted": false,
      "baselineAvgGoals": 2.972,
      "candidateAvgGoals": 2.956,
      "championEpoch": 0,
      "earlyStop": "indecisive",
      "elapsedMs": 2620,
      "epoch": 1,
      "gamesRun": 1475,
      "goalDiff": -24.0,
      "zScore": -0.255
    },
    {
      "accepted": false,
      "baselineAvgGoals": 3.255,
      "candidateAvgGoals": 3.36,
      "championEpoch": 0,
      "earlyStop": "indecisive",
      "elapsedMs": 492,