{
  "accepted": false,
  "candidate": {
    "parameters": {
      "forwardPassMinGain": 18.0,
      "markDistance": 67.0,
      "passChanceDefault": 0.004999999888241291,
      "passChanceForward": 0.18000000715255737,
      "passChancePressured": 0.4000000059604645,
      "passChanceWing": 0.03869999945163727,
      "shootProgressThreshold": 0.8133999705314636,
      "tackleChance": 0.21739999949932098
    }
  },
  "championEpoch": 4,
  "championParameters": {
    "forwardPassMinGain": 18.0,
    "markDistance": 67.0,
    "passChanceDefault": 0.004999999888241291,
    "passChanceForward": 0.18000000715255737,
    "passChancePressured": 0.36899998784065247,
    "passChanceWing": 0.009999999776482582,
    "shootProgressThreshold": 0.8133999705314636,
    "tackleChance": 0.21739999949932098
  },
  "createdAt": "2026-04-30T10:54:02Z",
  "epoch": 5,
  "evaluation": {
    "avgGoals": 11.92,
    "avgOutOfBounds": 0.01,
    "avgPasses": 135.2,
    "avgShots": 36.78,
    "avgTackles": 5.64,
    "baselineAvgGoals": 6.015,
    "candidateAvgGoals": 5.906,
    "candidateWon": false,
    "earlyStop": "worse",
    "elapsedMs": 6178,
    "games": 21375,
    "gamesPerSecond": 3459.86,
    "goalDiff": -2333.0,
    "maxGames": 100000,
    "passCompletionRate": 0.909,
    "tackleSuccessRate": 1.0,
    "zScore": -2.525
  },
  "gamesPerEpoch": 100000,
  "name": "epoch-005",
  "opponent": {
    "parameters": {
      "forwardPassMinGain": 18.0,
      "markDistance": 67.0,
      "passChanceDefault": 0.004999999888241291,
      "passChanceForward": 0.18000000715255737,
      "passChancePressured": 0.36899998784065247,
      "passChanceWing": 0.009999999776482582,
      "shootProgressThreshold": 0.8133999705314636,
      "tackleChance": 0.21739999949932098
    },
    "sourceEpoch": 4
  },
  "session": "session-13"
}
