{
  "acceptedCount": 0,
  "acceptedEpochs": [],
  "averageEpochElapsedMs": 361,
  "bestGoalDiff": -2.0,
  "epochs": 5,
  "finalChampionEpoch": 0,
  "finalChampionPlayerParams": [
    {
      "decisions": {
        "aggression": 2.0,
        "forwardPassMinGain": 5.905700206756592,
        "markDistance": 77.64830017089844,
        "passChanceDefault": 0.08020000159740448,
        "passChanceForward": 0.026200000196695328,
        "passChancePressured": 0.305400013923645,
        "passChanceWing": 0.21780000627040863,
        "passDirDefensive": 1.1131000518798828,
        "passDirNeutral": 1.3186999559402466,
        "passDirOffensive": 0.5713000297546387,
        "riskAppetite": 0.6909000277519226,
        "shootProgressThreshold": 0.6327999830245972,
        "tackleChance": 0.2199999988079071
      },
      "spatial": {
        "ball": {
          "max": 33.00360107421875,
          "min": 28.664899826049805,
          "preferred": 28.664899826049805
        },
        "opponent": {
          "max": 172.02520751953125,
          "min": 50.19369888305664,
          "preferred": 119.2301025390625
        },
        "ownGoal": {
          "max": 719.2772216796875,
          "min": 392.3110046386719,
          "preferred": 711.319091796875
        },
        "side": {
          "max": 199.464599609375,
          "min": 0.0,
          "preferred": 98.11669921875
        },
        "teammate": {
          "max": 296.14471435546875,
          "min": 219.55679321289062,
          "preferred": 296.14471435546875
        }
      }
    },
    {
      "decisions": {
        "aggression": 1.641700029373169,
        "forwardPassMinGain": 7.770899772644043,
        "markDistance": 25.0,
        "passChanceDefault": 0.07810000330209732,
        "passChanceForward": 0.04010000079870224,
        "passChancePressured": 0.019999999552965164,
        "passChanceWing": 0.059300001710653305,
        "passDirDefensive": 1.6247999668121338,
        "passDirNeutral": 0.23109999299049377,
        "passDirOffensive": 1.8646999597549438,
        "riskAppetite": 0.34769999980926514,
        "shootProgressThreshold": 0.6919999718666077,
        "tackleChance": 0.09700000286102295
      },
      "spatial": {
        "ball": {
          "max": 657.4705810546875,
          "min": 0.0,
          "preferred": 102.1593017578125
        },
        "opponent": {
          "max": 275.3905029296875,
          "min": 0.0,
          "preferred": 97.033203125
        },
        "ownGoal": {
          "max": 447.5819091796875,
          "min": 223.08859252929688,
          "preferred": 323.1877136230469
        },
        "side": {
          "max": 341.43218994140625,
          "min": 114.13860321044922,
          "preferred": 338.84039306640625
        },
        "teammate": {
          "max": 83.98600006103516,
          "min": 62.66389846801758,
          "preferred": 62.66389846801758
        }
      }
    },
    {
      "decisions": {
        "aggression": 1.061900019645691,
        "forwardPassMinGain": 1.045699954032898,
        "markDistance": 43.14459991455078,
        "passChanceDefault": 0.20000000298023224,
        "passChanceForward": 0.03139999881386757,
        "passChancePressured": 0.4000000059604645,
        "passChanceWing": 0.0471000000834465,
        "passDirDefensive": 1.2958999872207642,
        "passDirNeutral": 0.0,
        "passDirOffensive": 1.0892000198364258,
        "riskAppetite": 0.7900000214576721,
        "shootProgressThreshold": 0.5501999855041504,
        "tackleChance": 0.21739999949932098
      },
      "spatial": {
        "ball": {
          "max": 56.555301666259766,
          "min": 49.17940139770508,
          "preferred": 49.17940139770508
        },
        "opponent": {
          "max": 64.90640258789062,
          "min": 0.0,
          "preferred": 39.408199310302734
        },
        "ownGoal": {
          "max": 607.0280151367188,
          "min": 55.062801361083984,
          "preferred": 528.2960205078125
        },
        "side": {
          "max": 452.3182067871094,
          "min": 337.2742004394531,
          "preferred": 438.789306640625
        },
        "teammate": {
          "max": 73.77249908447266,
          "min": 0.0,
          "preferred": 5.80709981918335
        }
      }
    },
    {
      "decisions": {
        "aggression": 1.8981000185012817,
        "forwardPassMinGain": 10.66510009765625,
        "markDistance": 68.01339721679688,
        "passChanceDefault": 0.1039000004529953,
        "passChanceForward": 0.1468999981880188,
        "passChancePressured": 0.05490000173449516,
        "passChanceWing": 0.047600001096725464,
        "passDirDefensive": 0.0,
        "passDirNeutral": 1.6943000555038452,
        "passDirOffensive": 1.7273999452590942,
        "riskAppetite": 0.0,
        "shootProgressThreshold": 0.550000011920929,
        "tackleChance": 0.009999999776482582
      },
      "spatial": {
        "ball": {
          "max": 105.83280181884766,
          "min": 2.3475000858306885,
          "preferred": 42.93239974975586
        },
        "opponent": {
          "max": 168.91830444335938,
          "min": 19.50979995727539,
          "preferred": 99.14820098876953
        },
        "ownGoal": {
          "max": 555.8345947265625,
          "min": 484.4197082519531,
          "preferred": 517.764404296875
        },
        "side": {
          "max": 280.6466979980469,
          "min": 19.928499221801758,
          "preferred": 273.7127990722656
        },
        "teammate": {
          "max": 13.280400276184082,
          "min": 0.0478999987244606,
          "preferred": 13.280400276184082
        }
      }
    },
    {
      "decisions": {
        "aggression": 1.7561999559402466,
        "forwardPassMinGain": 1.169800043106079,
        "markDistance": 28.00320053100586,
        "passChanceDefault": 0.12120000272989273,
        "passChanceForward": 0.02810000069439411,
        "passChancePressured": 0.18809999525547028,
        "passChanceWing": 0.16599999368190765,
        "passDirDefensive": 0.7627000212669373,
        "passDirNeutral": 1.3650000095367432,
        "passDirOffensive": 1.2395000457763672,
        "riskAppetite": 0.6915000081062317,
        "shootProgressThreshold": 0.7627999782562256,
        "tackleChance": 0.05829999968409538
      },
      "spatial": {
        "ball": {
          "max": 665.6246948242188,
          "min": 169.9604949951172,
          "preferred": 405.369384765625
        },
        "opponent": {
          "max": 249.4927978515625,
          "min": 196.8896942138672,
          "preferred": 218.3459930419922
        },
        "ownGoal": {
          "max": 772.0023193359375,
          "min": 70.00450134277344,
          "preferred": 406.3825988769531
        },
        "side": {
          "max": 334.427490234375,
          "min": 243.36329650878906,
          "preferred": 243.36329650878906
        },
        "teammate": {
          "max": 400.0,
          "min": 111.91649627685547,
          "preferred": 329.2456970214844
        }
      }
    }
  ],
  "finishedAt": "2026-05-05T08:52:21Z",
  "gamesPerEpoch": 50000,
  "history": [
    {
      "accepted": false,
      "baselineAvgGoals": 9.104,
      "candidateAvgGoals": 9.09,
      "championEpoch": 0,
      "earlyStop": "indecisive",
      "elapsedMs": 1025,
      "epoch": 1,
      "gamesRun": 575,
      "goalDiff": -8.0,
      "zScore": -0.066
    },
    {
      "accepted": false,
      "baselineAvgGoals": 8.43,
      "candidateAvgGoals": 6.9,
      "championEpoch": 0,
      "earlyStop": "worse",
      "elapsedMs": 198,
      "epoch": 2,
      "gamesRun": 100,
      "goalDiff": -153.0,
      "zScore": -3.512
    },
    {
      "accepted": false,
      "baselineAvgGoals": 8.78,
      "candidateAvgGoals": 7.68,
      "championEpoch": 0,
      "earlyStop": "worse",
      "elapsedMs": 178,
      "epoch": 3,
      "gamesRun": 100,
      "goalDiff": -110.0,
      "zScore": -2.525
    },
    {
      "accepted": false,