{
  "accepted": false,
  "candidate": {
    "parameters": {
      "forwardPassMinGain": 11.0,
      "markDistance": 74.0,
      "passChanceDefault": 0.08910000324249268,
      "passChanceForward": 0.11749999970197678,
      "passChancePressured": 0.3391999900341034,
      "passChanceWing": 0.016200000420212746,
      "shootProgressThreshold": 0.8605999946594238,
      "tackleChance": 0.2012999951839447
    }
  },
  "championEpoch": 13,
  "championParameters": {
    "forwardPassMinGain": 11.0,
    "markDistance": 69.0,
    "passChanceDefault": 0.08910000324249268,
    "passChanceForward": 0.10360000282526016,
    "passChancePressured": 0.4000000059604645,
    "passChanceWing": 0.016200000420212746,
    "shootProgressThreshold": 0.8080999851226807,
    "tackleChance": 0.2012999951839447
  },
  "createdAt": "2026-04-30T09:57:55Z",
  "epoch": 24,
  "evaluation": {
    "avgGoals": 9.1,
    "avgOutOfBounds": 0.02,
    "avgPasses": 130.34,
    "avgShots": 49.36,
    "avgTackles": 5.5,
    "baselineAvgGoals": 5.25,
    "candidateAvgGoals": 3.85,
    "candidateWon": false,
    "earlyStop": "worse",
    "elapsedMs": 28,
    "games": 100,
    "gamesPerSecond": 3571.43,
    "goalDiff": -140.0,
    "maxGames": 1000,
    "passCompletionRate": 0.911,
    "tackleSuccessRate": 1.0,
    "zScore": -2.725
  },
  "gamesPerEpoch": 1000,
  "name": "epoch-024",
  "opponent": {
    "parameters": {
      "forwardPassMinGain": 11.0,
      "markDistance": 69.0,
      "passChanceDefault": 0.08910000324249268,
      "passChanceForward": 0.10360000282526016,
      "passChancePressured": 0.4000000059604645,
      "passChanceWing": 0.016200000420212746,
      "shootProgressThreshold": 0.8080999851226807,
      "tackleChance": 0.2012999951839447
    },
    "sourceEpoch": 13
  },
  "session": "session-4"
}
