{
  "accepted": false,
  "candidate": {
    "parameters": {
      "forwardPassMinGain": 14.0,
      "markDistance": 65.0,
      "passChanceDefault": 0.004999999888241291,
      "passChanceForward": 0.14480000734329224,
      "passChancePressured": 0.376800000667572,
      "passChanceWing": 0.024700000882148743,
      "shootProgressThreshold": 0.8483999967575073,
      "tackleChance": 0.2199999988079071
    }
  },
  "championEpoch": 423,
  "championParameters": {
    "forwardPassMinGain": 14.0,
    "markDistance": 65.0,
    "passChanceDefault": 0.004999999888241291,
    "passChanceForward": 0.16290000081062317,
    "passChancePressured": 0.37299999594688416,
    "passChanceWing": 0.010499999858438969,
    "shootProgressThreshold": 0.8141999840736389,
    "tackleChance": 0.2199999988079071
  },
  "createdAt": "2026-04-30T09:59:28Z",
  "epoch": 427,
  "evaluation": {
    "avgGoals": 10.63,
    "avgOutOfBounds": 0.01,
    "avgPasses": 134.05,
    "avgShots": 45.53,
    "avgTackles": 5.01,
    "baselineAvgGoals": 5.611,
    "candidateAvgGoals": 5.021,
    "candidateWon": false,
    "earlyStop": "worse",
    "elapsedMs": 180,
    "games": 625,
    "gamesPerSecond": 3472.22,
    "goalDiff": -369.0,
    "maxGames": 1000,
    "passCompletionRate": 0.915,
    "tackleSuccessRate": 1.0,
    "zScore": -2.611
  },
  "gamesPerEpoch": 1000,
  "name": "epoch-427",
  "opponent": {
    "parameters": {
      "forwardPassMinGain": 14.0,
      "markDistance": 65.0,
      "passChanceDefault": 0.004999999888241291,
      "passChanceForward": 0.16290000081062317,
      "passChancePressured": 0.37299999594688416,
      "passChanceWing": 0.010499999858438969,
      "shootProgressThreshold": 0.8141999840736389,
      "tackleChance": 0.2199999988079071
    },
    "sourceEpoch": 423
  },
  "session": "session-4"
}
