{
  "accepted": false,
  "candidate": {
    "parameters": {
      "forwardPassMinGain": 12.0,
      "markDistance": 63.0,
      "passChanceDefault": 0.20000000298023224,
      "passChanceForward": 0.09600000083446503,
      "passChancePressured": 0.4000000059604645,
      "passChanceWing": 0.009999999776482582,
      "shootProgressThreshold": 0.8015000224113464,
      "tackleChance": 0.1753000020980835
    }
  },
  "championEpoch": 949,
  "championParameters": {
    "forwardPassMinGain": 12.0,
    "markDistance": 63.0,
    "passChanceDefault": 0.19979999959468842,
    "passChanceForward": 0.09600000083446503,
    "passChancePressured": 0.37599998712539673,
    "passChanceWing": 0.009999999776482582,
    "shootProgressThreshold": 0.8015000224113464,
    "tackleChance": 0.1914999932050705
  },
  "createdAt": "2026-04-30T10:01:30Z",
  "epoch": 950,
  "evaluation": {
    "avgGoals": 10.83,
    "avgOutOfBounds": 0.01,
    "avgPasses": 143.63,
    "avgShots": 41.81,
    "avgTackles": 5.35,
    "baselineAvgGoals": 5.464,
    "candidateAvgGoals": 5.367,
    "candidateWon": false,
    "earlyStop": null,
    "elapsedMs": 297,
    "games": 1000,
    "gamesPerSecond": 3367.0,
    "goalDiff": -97.0,
    "maxGames": 1000,
    "passCompletionRate": 0.926,
    "tackleSuccessRate": 1.0,
    "zScore": -0.555
  },
  "gamesPerEpoch": 1000,
  "name": "epoch-950",
  "opponent": {
    "parameters": {
      "forwardPassMinGain": 12.0,
      "markDistance": 63.0,
      "passChanceDefault": 0.19979999959468842,
      "passChanceForward": 0.09600000083446503,
      "passChancePressured": 0.37599998712539673,
      "passChanceWing": 0.009999999776482582,
      "shootProgressThreshold": 0.8015000224113464,
      "tackleChance": 0.1914999932050705
    },
    "sourceEpoch": 949
  },
  "session": "session-4"
}
