{
  "accepted": false,
  "candidate": {
    "parameters": {
      "forwardPassMinGain": 3.0,
      "markDistance": 68.0,
      "passChanceDefault": 0.09319999814033508,
      "passChanceForward": 0.125900000333786,
      "passChancePressured": 0.31869998574256897,
      "passChanceWing": 0.009999999776482582,
      "shootProgressThreshold": 0.8145999908447266,
      "tackleChance": 0.2003999948501587
    }
  },
  "championEpoch": 138,
  "championParameters": {
    "forwardPassMinGain": 5.0,
    "markDistance": 67.0,
    "passChanceDefault": 0.08370000123977661,
    "passChanceForward": 0.15459999442100525,
    "passChancePressured": 0.31869998574256897,
    "passChanceWing": 0.009999999776482582,
    "shootProgressThreshold": 0.8145999908447266,
    "tackleChance": 0.2003999948501587
  },
  "createdAt": "2026-04-30T09:58:23Z",
  "epoch": 146,
  "evaluation": {
    "avgGoals": 11.6,
    "avgOutOfBounds": 0.01,
    "avgPasses": 135.91,
    "avgShots": 37.22,
    "avgTackles": 5.49,
    "baselineAvgGoals": 5.875,
    "candidateAvgGoals": 5.725,
    "candidateWon": false,
    "earlyStop": null,
    "elapsedMs": 284,
    "games": 1000,
    "gamesPerSecond": 3521.13,
    "goalDiff": -150.0,
    "maxGames": 1000,
    "passCompletionRate": 0.911,
    "tackleSuccessRate": 1.0,
    "zScore": -0.767
  },
  "gamesPerEpoch": 1000,
  "name": "epoch-146",
  "opponent": {
    "parameters": {
      "forwardPassMinGain": 5.0,
      "markDistance": 67.0,
      "passChanceDefault": 0.08370000123977661,
      "passChanceForward": 0.15459999442100525,
      "passChancePressured": 0.31869998574256897,
      "passChanceWing": 0.009999999776482582,
      "shootProgressThreshold": 0.8145999908447266,
      "tackleChance": 0.2003999948501587
    },
    "sourceEpoch": 138
  },
  "session": "session-4"
}
