{
  "accepted": false,
  "candidate": {
    "parameters": {
      "forwardPassMinGain": 13.0,
      "markDistance": 63.0,
      "passChanceDefault": 0.02800000086426735,
      "passChanceForward": 0.16220000386238098,
      "passChancePressured": 0.37380000948905945,
      "passChanceWing": 0.009999999776482582,
      "shootProgressThreshold": 0.8483999967575073,
      "tackleChance": 0.1817999929189682
    }
  },
  "championEpoch": 305,
  "championParameters": {
    "forwardPassMinGain": 16.0,
    "markDistance": 63.0,
    "passChanceDefault": 0.039799999445676804,
    "passChanceForward": 0.16220000386238098,
    "passChancePressured": 0.4000000059604645,
    "passChanceWing": 0.009999999776482582,
    "shootProgressThreshold": 0.8137999773025513,
    "tackleChance": 0.19020000100135803
  },
  "createdAt": "2026-04-30T09:59:03Z",
  "epoch": 314,
  "evaluation": {
    "avgGoals": 10.69,
    "avgOutOfBounds": 0.01,
    "avgPasses": 135.07,
    "avgShots": 45.54,
    "avgTackles": 4.93,
    "baselineAvgGoals": 5.606,
    "candidateAvgGoals": 5.085,
    "candidateWon": false,
    "earlyStop": "worse",
    "elapsedMs": 229,
    "games": 775,
    "gamesPerSecond": 3384.28,
    "goalDiff": -404.0,
    "maxGames": 1000,
    "passCompletionRate": 0.913,
    "tackleSuccessRate": 1.0,
    "zScore": -2.676
  },
  "gamesPerEpoch": 1000,
  "name": "epoch-314",
  "opponent": {
    "parameters": {
      "forwardPassMinGain": 16.0,
      "markDistance": 63.0,
      "passChanceDefault": 0.039799999445676804,
      "passChanceForward": 0.16220000386238098,
      "passChancePressured": 0.4000000059604645,
      "passChanceWing": 0.009999999776482582,
      "shootProgressThreshold": 0.8137999773025513,
      "tackleChance": 0.19020000100135803
    },
    "sourceEpoch": 305
  },
  "session": "session-4"
}
