{
  "accepted": false,
  "candidate": {
    "parameters": {
      "forwardPassMinGain": 16.0,
      "markDistance": 73.0,
      "passChanceDefault": 0.023099999874830246,
      "passChanceForward": 0.18000000715255737,
      "passChancePressured": 0.4000000059604645,
      "passChanceWing": 0.009999999776482582,
      "shootProgressThreshold": 0.8138999938964844,
      "tackleChance": 0.17000000178813934
    }
  },
  "championEpoch": 485,
  "championParameters": {
    "forwardPassMinGain": 16.0,
    "markDistance": 69.0,
    "passChanceDefault": 0.020999999716877937,
    "passChanceForward": 0.18000000715255737,
    "passChancePressured": 0.4000000059604645,
    "passChanceWing": 0.009999999776482582,
    "shootProgressThreshold": 0.8138999938964844,
    "tackleChance": 0.2070000022649765
  },
  "createdAt": "2026-04-30T09:59:42Z",
  "epoch": 486,
  "evaluation": {
    "avgGoals": 12.29,
    "avgOutOfBounds": 0.0,
    "avgPasses": 123.96,
    "avgShots": 38.2,
    "avgTackles": 6.16,
    "baselineAvgGoals": 6.306,
    "candidateAvgGoals": 5.982,
    "candidateWon": false,
    "earlyStop": null,
    "elapsedMs": 288,
    "games": 1000,
    "gamesPerSecond": 3472.22,
    "goalDiff": -324.0,
    "maxGames": 1000,
    "passCompletionRate": 0.897,
    "tackleSuccessRate": 1.0,
    "zScore": -1.521
  },
  "gamesPerEpoch": 1000,
  "name": "epoch-486",
  "opponent": {
    "parameters": {
      "forwardPassMinGain": 16.0,
      "markDistance": 69.0,
      "passChanceDefault": 0.020999999716877937,
      "passChanceForward": 0.18000000715255737,
      "passChancePressured": 0.4000000059604645,
      "passChanceWing": 0.009999999776482582,
      "shootProgressThreshold": 0.8138999938964844,
      "tackleChance": 0.2070000022649765
    },
    "sourceEpoch": 485
  },
  "session": "session-4"
}
