{
  "accepted": false,
  "candidate": {
    "parameters": {
      "forwardPassMinGain": 18.0,
      "markDistance": 77.0,
      "passChanceDefault": 0.024000000208616257,
      "passChanceForward": 0.18000000715255737,
      "passChancePressured": 0.3734999895095825,
      "passChanceWing": 0.08640000224113464,
      "shootProgressThreshold": 0.8551999926567078,
      "tackleChance": 0.1981000006198883
    }
  },
  "championEpoch": 498,
  "championParameters": {
    "forwardPassMinGain": 18.0,
    "markDistance": 69.0,
    "passChanceDefault": 0.004999999888241291,
    "passChanceForward": 0.18000000715255737,
    "passChancePressured": 0.37779998779296875,
    "passChanceWing": 0.01730000041425228,
    "shootProgressThreshold": 0.8138999938964844,
    "tackleChance": 0.1981000006198883
  },
  "createdAt": "2026-04-30T09:59:45Z",
  "epoch": 500,
  "evaluation": {
    "avgGoals": 9.14,
    "avgOutOfBounds": 0.02,
    "avgPasses": 138.8,
    "avgShots": 46.04,
    "avgTackles": 5.36,
    "baselineAvgGoals": 5.35,
    "candidateAvgGoals": 3.79,
    "candidateWon": false,
    "earlyStop": "worse",
    "elapsedMs": 28,
    "games": 100,
    "gamesPerSecond": 3571.43,
    "goalDiff": -156.0,
    "maxGames": 1000,
    "passCompletionRate": 0.917,
    "tackleSuccessRate": 1.0,
    "zScore": -2.997
  },
  "gamesPerEpoch": 1000,
  "name": "epoch-500",
  "opponent": {
    "parameters": {
      "forwardPassMinGain": 18.0,
      "markDistance": 69.0,
      "passChanceDefault": 0.004999999888241291,
      "passChanceForward": 0.18000000715255737,
      "passChancePressured": 0.37779998779296875,
      "passChanceWing": 0.01730000041425228,
      "shootProgressThreshold": 0.8138999938964844,
      "tackleChance": 0.1981000006198883
    },
    "sourceEpoch": 498
  },
  "session": "session-4"
}
