{
  "accepted": false,
  "candidate": {
    "parameters": {
      "forwardPassMinGain": 18.0,
      "markDistance": 62.0,
      "passChanceDefault": 0.13860000669956207,
      "passChanceForward": 0.15929999947547913,
      "passChancePressured": 0.3537999987602234,
      "passChanceWing": 0.009999999776482582,
      "shootProgressThreshold": 0.8173999786376953,
      "tackleChance": 0.09139999747276306
    }
  },
  "championEpoch": 753,
  "championParameters": {
    "forwardPassMinGain": 18.0,
    "markDistance": 67.0,
    "passChanceDefault": 0.12890000641345978,
    "passChanceForward": 0.15929999947547913,
    "passChancePressured": 0.4000000059604645,
    "passChanceWing": 0.009999999776482582,
    "shootProgressThreshold": 0.8173999786376953,
    "tackleChance": 0.13300000131130219
  },
  "createdAt": "2026-04-30T10:00:48Z",
  "epoch": 761,
  "evaluation": {
    "avgGoals": 11.81,
    "avgOutOfBounds": 0.01,
    "avgPasses": 138.67,
    "avgShots": 38.55,
    "avgTackles": 5.03,
    "baselineAvgGoals": 6.038,
    "candidateAvgGoals": 5.767,
    "candidateWon": false,
    "earlyStop": null,
    "elapsedMs": 288,
    "games": 1000,
    "gamesPerSecond": 3472.22,
    "goalDiff": -271.0,
    "maxGames": 1000,
    "passCompletionRate": 0.913,
    "tackleSuccessRate": 1.0,
    "zScore": -1.376
  },
  "gamesPerEpoch": 1000,
  "name": "epoch-761",
  "opponent": {
    "parameters": {
      "forwardPassMinGain": 18.0,
      "markDistance": 67.0,
      "passChanceDefault": 0.12890000641345978,
      "passChanceForward": 0.15929999947547913,
      "passChancePressured": 0.4000000059604645,
      "passChanceWing": 0.009999999776482582,
      "shootProgressThreshold": 0.8173999786376953,
      "tackleChance": 0.13300000131130219
    },
    "sourceEpoch": 753
  },
  "session": "session-4"
}
