{
  "accepted": false,
  "candidate": {
    "parameters": {
      "forwardPassMinGain": 16.0,
      "markDistance": 64.0,
      "passChanceDefault": 0.14740000665187836,
      "passChanceForward": 0.16539999842643738,
      "passChancePressured": 0.37310001254081726,
      "passChanceWing": 0.009999999776482582,
      "shootProgressThreshold": 0.7800999879837036,
      "tackleChance": 0.16930000483989716
    }
  },
  "championEpoch": 697,
  "championParameters": {
    "forwardPassMinGain": 18.0,
    "markDistance": 64.0,
    "passChanceDefault": 0.16189999878406525,
    "passChanceForward": 0.18000000715255737,
    "passChancePressured": 0.37310001254081726,
    "passChanceWing": 0.023900000378489494,
    "shootProgressThreshold": 0.8224999904632568,
    "tackleChance": 0.15230000019073486
  },
  "createdAt": "2026-04-30T10:00:33Z",
  "epoch": 699,
  "evaluation": {
    "avgGoals": 3.84,
    "avgOutOfBounds": 0.01,
    "avgPasses": 113.81,
    "avgShots": 122.96,
    "avgTackles": 2.19,
    "baselineAvgGoals": 2.66,
    "candidateAvgGoals": 1.18,
    "candidateWon": false,
    "earlyStop": "worse",
    "elapsedMs": 32,
    "games": 100,
    "gamesPerSecond": 3125.0,
    "goalDiff": -148.0,
    "maxGames": 1000,
    "passCompletionRate": 0.965,
    "tackleSuccessRate": 1.0,
    "zScore": -4.765
  },
  "gamesPerEpoch": 1000,
  "name": "epoch-699",
  "opponent": {
    "parameters": {
      "forwardPassMinGain": 18.0,
      "markDistance": 64.0,
      "passChanceDefault": 0.16189999878406525,
      "passChanceForward": 0.18000000715255737,
      "passChancePressured": 0.37310001254081726,
      "passChanceWing": 0.023900000378489494,
      "shootProgressThreshold": 0.8224999904632568,
      "tackleChance": 0.15230000019073486
    },
    "sourceEpoch": 697
  },
  "session": "session-4"
}
