{
  "accepted": false,
  "candidate": {
    "parameters": {
      "forwardPassMinGain": 14.0,
      "markDistance": 63.0,
      "passChanceDefault": 0.15600000321865082,
      "passChanceForward": 0.13210000097751617,
      "passChancePressured": 0.36649999022483826,
      "passChanceWing": 0.009999999776482582,
      "shootProgressThreshold": 0.7627000212669373,
      "tackleChance": 0.13750000298023224
    }
  },
  "championEpoch": 831,
  "championParameters": {
    "forwardPassMinGain": 14.0,
    "markDistance": 63.0,
    "passChanceDefault": 0.16419999301433563,
    "passChanceForward": 0.13210000097751617,
    "passChancePressured": 0.4000000059604645,
    "passChanceWing": 0.009999999776482582,
    "shootProgressThreshold": 0.8033000230789185,
    "tackleChance": 0.15710000693798065
  },
  "createdAt": "2026-04-30T10:01:06Z",
  "epoch": 837,
  "evaluation": {
    "avgGoals": 3.75,
    "avgOutOfBounds": 0.01,
    "avgPasses": 111.56,
    "avgShots": 121.14,
    "avgTackles": 2.8,
    "baselineAvgGoals": 2.74,
    "candidateAvgGoals": 1.01,
    "candidateWon": false,
    "earlyStop": "worse",
    "elapsedMs": 31,
    "games": 100,
    "gamesPerSecond": 3225.81,
    "goalDiff": -173.0,
    "maxGames": 1000,
    "passCompletionRate": 0.96,
    "tackleSuccessRate": 1.0,
    "zScore": -5.522
  },
  "gamesPerEpoch": 1000,
  "name": "epoch-837",
  "opponent": {
    "parameters": {
      "forwardPassMinGain": 14.0,
      "markDistance": 63.0,
      "passChanceDefault": 0.16419999301433563,
      "passChanceForward": 0.13210000097751617,
      "passChancePressured": 0.4000000059604645,
      "passChanceWing": 0.009999999776482582,
      "shootProgressThreshold": 0.8033000230789185,
      "tackleChance": 0.15710000693798065
    },
    "sourceEpoch": 831
  },
  "session": "session-4"
}
