{
  "accepted": false,
  "candidate": {
    "parameters": {
      "forwardPassMinGain": 16.0,
      "markDistance": 68.0,
      "passChanceDefault": 0.16699999570846558,
      "passChanceForward": 0.14990000426769257,
      "passChancePressured": 0.4000000059604645,
      "passChanceWing": 0.020500000566244125,
      "shootProgressThreshold": 0.7982000112533569,
      "tackleChance": 0.13300000131130219
    }
  },
  "championEpoch": 745,
  "championParameters": {
    "forwardPassMinGain": 18.0,
    "markDistance": 70.0,
    "passChanceDefault": 0.14990000426769257,
    "passChanceForward": 0.14990000426769257,
    "passChancePressured": 0.4000000059604645,
    "passChanceWing": 0.022199999541044235,
    "shootProgressThreshold": 0.8173999786376953,
    "tackleChance": 0.13300000131130219
  },
  "createdAt": "2026-04-30T10:00:44Z",
  "epoch": 747,
  "evaluation": {
    "avgGoals": 10.91,
    "avgOutOfBounds": 0.01,
    "avgPasses": 136.65,
    "avgShots": 42.81,
    "avgTackles": 5.43,
    "baselineAvgGoals": 5.519,
    "candidateAvgGoals": 5.392,
    "candidateWon": false,
    "earlyStop": null,
    "elapsedMs": 291,
    "games": 1000,
    "gamesPerSecond": 3436.43,
    "goalDiff": -127.0,
    "maxGames": 1000,
    "passCompletionRate": 0.923,
    "tackleSuccessRate": 1.0,
    "zScore": -0.662
  },
  "gamesPerEpoch": 1000,
  "name": "epoch-747",
  "opponent": {
    "parameters": {
      "forwardPassMinGain": 18.0,
      "markDistance": 70.0,
      "passChanceDefault": 0.14990000426769257,
      "passChanceForward": 0.14990000426769257,
      "passChancePressured": 0.4000000059604645,
      "passChanceWing": 0.022199999541044235,
      "shootProgressThreshold": 0.8173999786376953,
      "tackleChance": 0.13300000131130219
    },
    "sourceEpoch": 745
  },
  "session": "session-4"
}
