{
  "accepted": false,
  "candidate": {
    "parameters": {
      "forwardPassMinGain": 18.0,
      "markDistance": 68.0,
      "passChanceDefault": 0.02879999950528145,
      "passChanceForward": 0.1687999963760376,
      "passChancePressured": 0.4000000059604645,
      "passChanceWing": 0.032600000500679016,
      "shootProgressThreshold": 0.8411999940872192,
      "tackleChance": 0.2199999988079071
    }
  },
  "championEpoch": 443,
  "championParameters": {
    "forwardPassMinGain": 18.0,
    "markDistance": 68.0,
    "passChanceDefault": 0.02879999950528145,
    "passChanceForward": 0.1687999963760376,
    "passChancePressured": 0.4000000059604645,
    "passChanceWing": 0.011800000444054604,
    "shootProgressThreshold": 0.8174999952316284,
    "tackleChance": 0.21379999816417694
  },
  "createdAt": "2026-04-30T09:59:32Z",
  "epoch": 444,
  "evaluation": {
    "avgGoals": 10.82,
    "avgOutOfBounds": 0.01,
    "avgPasses": 132.2,
    "avgShots": 44.02,
    "avgTackles": 5.3,
    "baselineAvgGoals": 5.712,
    "candidateAvgGoals": 5.107,
    "candidateWon": false,
    "earlyStop": "worse",
    "elapsedMs": 186,
    "games": 625,
    "gamesPerSecond": 3360.22,
    "goalDiff": -378.0,
    "maxGames": 1000,
    "passCompletionRate": 0.911,
    "tackleSuccessRate": 1.0,
    "zScore": -2.567
  },
  "gamesPerEpoch": 1000,
  "name": "epoch-444",
  "opponent": {
    "parameters": {
      "forwardPassMinGain": 18.0,
      "markDistance": 68.0,
      "passChanceDefault": 0.02879999950528145,
      "passChanceForward": 0.1687999963760376,
      "passChancePressured": 0.4000000059604645,
      "passChanceWing": 0.011800000444054604,
      "shootProgressThreshold": 0.8174999952316284,
      "tackleChance": 0.21379999816417694
    },
    "sourceEpoch": 443
  },
  "session": "session-4"
}
