{
  "accepted": true,
  "candidate": {
    "parameters": {
      "forwardPassMinGain": 17.0,
      "markDistance": 68.0,
      "passChanceDefault": 0.18369999527931213,
      "passChanceForward": 0.12020000070333481,
      "passChancePressured": 0.4000000059604645,
      "passChanceWing": 0.009999999776482582,
      "shootProgressThreshold": 0.8108000159263611,
      "tackleChance": 0.19030000269412994
    }
  },
  "championEpoch": 904,
  "championParameters": {
    "forwardPassMinGain": 17.0,
    "markDistance": 68.0,
    "passChanceDefault": 0.18369999527931213,
    "passChanceForward": 0.12020000070333481,
    "passChancePressured": 0.4000000059604645,
    "passChanceWing": 0.009999999776482582,
    "shootProgressThreshold": 0.8108000159263611,
    "tackleChance": 0.19030000269412994
  },
  "createdAt": "2026-04-30T10:01:21Z",
  "epoch": 904,
  "evaluation": {
    "avgGoals": 11.61,
    "avgOutOfBounds": 0.01,
    "avgPasses": 138.9,
    "avgShots": 37.69,
    "avgTackles": 5.35,
    "baselineAvgGoals": 5.754,
    "candidateAvgGoals": 5.857,
    "candidateWon": true,
    "earlyStop": null,
    "elapsedMs": 286,
    "games": 1000,
    "gamesPerSecond": 3496.5,
    "goalDiff": 103.0,
    "maxGames": 1000,
    "passCompletionRate": 0.914,
    "tackleSuccessRate": 1.0,
    "zScore": 0.549
  },
  "gamesPerEpoch": 1000,
  "name": "epoch-904",
  "opponent": {
    "parameters": {
      "forwardPassMinGain": 18.0,
      "markDistance": 65.0,
      "passChanceDefault": 0.19040000438690186,
      "passChanceForward": 0.09449999779462814,
      "passChancePressured": 0.3747999966144562,
      "passChanceWing": 0.01679999940097332,
      "shootProgressThreshold": 0.8108000159263611,
      "tackleChance": 0.18160000443458557
    },
    "sourceEpoch": 903
  },
  "session": "session-4"
}
