{
  "accepted": false,
  "candidate": {
    "parameters": {
      "forwardPassMinGain": 16.0,
      "markDistance": 57.0,
      "passChanceDefault": 0.121799997985363,
      "passChanceForward": 0.09489999711513519,
      "passChancePressured": 0.3686000108718872,
      "passChanceWing": 0.009999999776482582,
      "shootProgressThreshold": 0.8240000009536743,
      "tackleChance": 0.21979999542236328
    }
  },
  "championEpoch": 995,
  "championParameters": {
    "forwardPassMinGain": 18.0,
    "markDistance": 66.0,
    "passChanceDefault": 0.12549999356269836,
    "passChanceForward": 0.08219999819993973,
    "passChancePressured": 0.34150001406669617,
    "passChanceWing": 0.009999999776482582,
    "shootProgressThreshold": 0.8101999759674072,
    "tackleChance": 0.21979999542236328
  },
  "createdAt": "2026-04-30T10:01:41Z",
  "epoch": 996,
  "evaluation": {
    "avgGoals": 11.43,
    "avgOutOfBounds": 0.02,
    "avgPasses": 140.45,
    "avgShots": 40.5,
    "avgTackles": 4.95,
    "baselineAvgGoals": 5.72,
    "candidateAvgGoals": 5.705,
    "candidateWon": false,
    "earlyStop": null,
    "elapsedMs": 292,
    "games": 1000,
    "gamesPerSecond": 3424.66,
    "goalDiff": -15.0,
    "maxGames": 1000,
    "passCompletionRate": 0.914,
    "tackleSuccessRate": 1.0,
    "zScore": -0.086
  },
  "gamesPerEpoch": 1000,
  "name": "epoch-996",
  "opponent": {
    "parameters": {
      "forwardPassMinGain": 18.0,
      "markDistance": 66.0,
      "passChanceDefault": 0.12549999356269836,
      "passChanceForward": 0.08219999819993973,
      "passChancePressured": 0.34150001406669617,
      "passChanceWing": 0.009999999776482582,
      "shootProgressThreshold": 0.8101999759674072,
      "tackleChance": 0.21979999542236328
    },
    "sourceEpoch": 995
  },
  "session": "session-4"
}
