{
  "accepted": false,
  "candidate": {
    "parameters": {
      "forwardPassMinGain": 16.0,
      "markDistance": 70.0,
      "passChanceDefault": 0.035999998450279236,
      "passChanceForward": 0.09570000320672989,
      "passChancePressured": 0.3635999858379364,
      "passChanceWing": 0.02070000022649765,
      "shootProgressThreshold": 0.8165000081062317,
      "tackleChance": 0.2199999988079071
    }
  },
  "championEpoch": 212,
  "championParameters": {
    "forwardPassMinGain": 16.0,
    "markDistance": 70.0,
    "passChanceDefault": 0.053199999034404755,
    "passChanceForward": 0.12229999899864197,
    "passChancePressured": 0.3635999858379364,
    "passChanceWing": 0.009999999776482582,
    "shootProgressThreshold": 0.8165000081062317,
    "tackleChance": 0.2199999988079071
  },
  "createdAt": "2026-04-30T09:58:42Z",
  "epoch": 220,
  "evaluation": {
    "avgGoals": 11.73,
    "avgOutOfBounds": 0.01,
    "avgPasses": 127.18,
    "avgShots": 39.65,
    "avgTackles": 5.85,
    "baselineAvgGoals": 5.917,
    "candidateAvgGoals": 5.809,
    "candidateWon": false,
    "earlyStop": null,
    "elapsedMs": 287,
    "games": 1000,
    "gamesPerSecond": 3484.32,
    "goalDiff": -108.0,
    "maxGames": 1000,
    "passCompletionRate": 0.904,
    "tackleSuccessRate": 1.0,
    "zScore": -0.549
  },
  "gamesPerEpoch": 1000,
  "name": "epoch-220",
  "opponent": {
    "parameters": {
      "forwardPassMinGain": 16.0,
      "markDistance": 70.0,
      "passChanceDefault": 0.053199999034404755,
      "passChanceForward": 0.12229999899864197,
      "passChancePressured": 0.3635999858379364,
      "passChanceWing": 0.009999999776482582,
      "shootProgressThreshold": 0.8165000081062317,
      "tackleChance": 0.2199999988079071
    },
    "sourceEpoch": 212
  },
  "session": "session-4"
}
