{
  "accepted": false,
  "candidate": {
    "parameters": {
      "forwardPassMinGain": 14.0,
      "markDistance": 66.0,
      "passChanceDefault": 0.1565999984741211,
      "passChanceForward": 0.1589999943971634,
      "passChancePressured": 0.34470000863075256,
      "passChanceWing": 0.035599999129772186,
      "shootProgressThreshold": 0.8173999786376953,
      "tackleChance": 0.18129999935626984
    }
  },
  "championEpoch": 711,
  "championParameters": {
    "forwardPassMinGain": 17.0,
    "markDistance": 64.0,
    "passChanceDefault": 0.16189999878406525,
    "passChanceForward": 0.1679999977350235,
    "passChancePressured": 0.3788999915122986,
    "passChanceWing": 0.035599999129772186,
    "shootProgressThreshold": 0.8173999786376953,
    "tackleChance": 0.15230000019073486
  },
  "createdAt": "2026-04-30T10:00:36Z",
  "epoch": 712,
  "evaluation": {
    "avgGoals": 10.76,
    "avgOutOfBounds": 0.01,
    "avgPasses": 152.79,
    "avgShots": 34.6,
    "avgTackles": 4.9,
    "baselineAvgGoals": 5.439,
    "candidateAvgGoals": 5.321,
    "candidateWon": false,
    "earlyStop": null,
    "elapsedMs": 289,
    "games": 1000,
    "gamesPerSecond": 3460.21,
    "goalDiff": -118.0,
    "maxGames": 1000,
    "passCompletionRate": 0.925,
    "tackleSuccessRate": 1.0,
    "zScore": -0.67
  },
  "gamesPerEpoch": 1000,
  "name": "epoch-712",
  "opponent": {
    "parameters": {
      "forwardPassMinGain": 17.0,
      "markDistance": 64.0,
      "passChanceDefault": 0.16189999878406525,
      "passChanceForward": 0.1679999977350235,
      "passChancePressured": 0.3788999915122986,
      "passChanceWing": 0.035599999129772186,
      "shootProgressThreshold": 0.8173999786376953,
      "tackleChance": 0.15230000019073486
    },
    "sourceEpoch": 711
  },
  "session": "session-4"
}
