{
  "accepted": false,
  "candidate": {
    "parameters": {
      "forwardPassMinGain": 13.0,
      "markDistance": 66.0,
      "passChanceDefault": 0.09830000251531601,
      "passChanceForward": 0.04639999940991402,
      "passChancePressured": 0.4000000059604645,
      "passChanceWing": 0.009999999776482582,
      "shootProgressThreshold": 0.8108000159263611,
      "tackleChance": 0.17329999804496765
    }
  },
  "championEpoch": 61,
  "championParameters": {
    "forwardPassMinGain": 12.0,
    "markDistance": 66.0,
    "passChanceDefault": 0.09830000251531601,
    "passChanceForward": 0.06040000170469284,
    "passChancePressured": 0.38850000500679016,
    "passChanceWing": 0.019300000742077827,
    "shootProgressThreshold": 0.8162999749183655,
    "tackleChance": 0.17329999804496765
  },
  "createdAt": "2026-04-30T09:58:05Z",
  "epoch": 62,
  "evaluation": {
    "avgGoals": 11.14,
    "avgOutOfBounds": 0.01,
    "avgPasses": 136.8,
    "avgShots": 39.84,
    "avgTackles": 5.04,
    "baselineAvgGoals": 5.581,
    "candidateAvgGoals": 5.556,
    "candidateWon": false,
    "earlyStop": null,
    "elapsedMs": 364,
    "games": 1000,
    "gamesPerSecond": 2747.25,
    "goalDiff": -25.0,
    "maxGames": 1000,
    "passCompletionRate": 0.916,
    "tackleSuccessRate": 1.0,
    "zScore": -0.138
  },
  "gamesPerEpoch": 1000,
  "name": "epoch-062",
  "opponent": {
    "parameters": {
      "forwardPassMinGain": 12.0,
      "markDistance": 66.0,
      "passChanceDefault": 0.09830000251531601,
      "passChanceForward": 0.06040000170469284,
      "passChancePressured": 0.38850000500679016,
      "passChanceWing": 0.019300000742077827,
      "shootProgressThreshold": 0.8162999749183655,
      "tackleChance": 0.17329999804496765
    },
    "sourceEpoch": 61
  },
  "session": "session-4"
}
