{
  "accepted": false,
  "candidate": {
    "parameters": {
      "forwardPassMinGain": 18.0,
      "markDistance": 63.0,
      "passChanceDefault": 0.1534000039100647,
      "passChanceForward": 0.16500000655651093,
      "passChancePressured": 0.3452000021934509,
      "passChanceWing": 0.059300001710653305,
      "shootProgressThreshold": 0.8180999755859375,
      "tackleChance": 0.1517000049352646
    }
  },
  "championEpoch": 732,
  "championParameters": {
    "forwardPassMinGain": 18.0,
    "markDistance": 66.0,
    "passChanceDefault": 0.1534000039100647,
    "passChanceForward": 0.16439999639987946,
    "passChancePressured": 0.392300009727478,
    "passChanceWing": 0.02199999988079071,
    "shootProgressThreshold": 0.8173999786376953,
    "tackleChance": 0.14869999885559082
  },
  "createdAt": "2026-04-30T10:00:41Z",
  "epoch": 733,
  "evaluation": {
    "avgGoals": 10.73,
    "avgOutOfBounds": 0.01,
    "avgPasses": 154.52,
    "avgShots": 34.3,
    "avgTackles": 4.64,
    "baselineAvgGoals": 5.521,
    "candidateAvgGoals": 5.213,
    "candidateWon": false,
    "earlyStop": null,
    "elapsedMs": 295,
    "games": 1000,
    "gamesPerSecond": 3389.83,
    "goalDiff": -308.0,
    "maxGames": 1000,
    "passCompletionRate": 0.925,
    "tackleSuccessRate": 1.0,
    "zScore": -1.745
  },
  "gamesPerEpoch": 1000,
  "name": "epoch-733",
  "opponent": {
    "parameters": {
      "forwardPassMinGain": 18.0,
      "markDistance": 66.0,
      "passChanceDefault": 0.1534000039100647,
      "passChanceForward": 0.16439999639987946,
      "passChancePressured": 0.392300009727478,
      "passChanceWing": 0.02199999988079071,
      "shootProgressThreshold": 0.8173999786376953,
      "tackleChance": 0.14869999885559082
    },
    "sourceEpoch": 732
  },
  "session": "session-4"
}
