{
  "accepted": false,
  "candidate": {
    "parameters": {
      "forwardPassMinGain": 17.0,
      "markDistance": 70.0,
      "passChanceDefault": 0.18080000579357147,
      "passChanceForward": 0.12210000306367874,
      "passChancePressured": 0.3560999929904938,
      "passChanceWing": 0.009999999776482582,
      "shootProgressThreshold": 0.8159999847412109,
      "tackleChance": 0.2053000032901764
    }
  },
  "championEpoch": 872,
  "championParameters": {
    "forwardPassMinGain": 17.0,
    "markDistance": 70.0,
    "passChanceDefault": 0.18080000579357147,
    "passChanceForward": 0.10809999704360962,
    "passChancePressured": 0.3560999929904938,
    "passChanceWing": 0.009999999776482582,
    "shootProgressThreshold": 0.8159999847412109,
    "tackleChance": 0.2053000032901764
  },
  "createdAt": "2026-04-30T10:01:14Z",
  "epoch": 873,
  "evaluation": {
    "avgGoals": 11.69,
    "avgOutOfBounds": 0.01,
    "avgPasses": 131.12,
    "avgShots": 38.99,
    "avgTackles": 5.74,
    "baselineAvgGoals": 5.899,
    "candidateAvgGoals": 5.786,
    "candidateWon": false,
    "earlyStop": null,
    "elapsedMs": 285,
    "games": 1000,
    "gamesPerSecond": 3508.77,
    "goalDiff": -113.0,
    "maxGames": 1000,
    "passCompletionRate": 0.907,
    "tackleSuccessRate": 1.0,
    "zScore": -0.579
  },
  "gamesPerEpoch": 1000,
  "name": "epoch-873",
  "opponent": {
    "parameters": {
      "forwardPassMinGain": 17.0,
      "markDistance": 70.0,
      "passChanceDefault": 0.18080000579357147,
      "passChanceForward": 0.10809999704360962,
      "passChancePressured": 0.3560999929904938,
      "passChanceWing": 0.009999999776482582,
      "shootProgressThreshold": 0.8159999847412109,
      "tackleChance": 0.2053000032901764
    },
    "sourceEpoch": 872
  },
  "session": "session-4"
}
