{
  "accepted": false,
  "candidate": {
    "parameters": {
      "forwardPassMinGain": 12.0,
      "markDistance": 66.0,
      "passChanceDefault": 0.10159999877214432,
      "passChanceForward": 0.07569999992847443,
      "passChancePressured": 0.3686000108718872,
      "passChanceWing": 0.009999999776482582,
      "shootProgressThreshold": 0.8162999749183655,
      "tackleChance": 0.2199999988079071
    }
  },
  "championEpoch": 49,
  "championParameters": {
    "forwardPassMinGain": 12.0,
    "markDistance": 66.0,
    "passChanceDefault": 0.10159999877214432,
    "passChanceForward": 0.07569999992847443,
    "passChancePressured": 0.3686000108718872,
    "passChanceWing": 0.009999999776482582,
    "shootProgressThreshold": 0.8162999749183655,
    "tackleChance": 0.2199999988079071
  },
  "createdAt": "2026-04-30T09:58:02Z",
  "epoch": 54,
  "evaluation": {
    "avgGoals": 11.42,
    "avgOutOfBounds": 0.01,
    "avgPasses": 134.62,
    "avgShots": 40.46,
    "avgTackles": 5.24,
    "baselineAvgGoals": 5.767,
    "candidateAvgGoals": 5.653,
    "candidateWon": false,
    "earlyStop": null,
    "elapsedMs": 304,
    "games": 1000,
    "gamesPerSecond": 3289.47,
    "goalDiff": -114.0,
    "maxGames": 1000,
    "passCompletionRate": 0.913,
    "tackleSuccessRate": 1.0,
    "zScore": -0.608
  },
  "gamesPerEpoch": 1000,
  "name": "epoch-054",
  "opponent": {
    "parameters": {
      "forwardPassMinGain": 12.0,
      "markDistance": 66.0,
      "passChanceDefault": 0.10159999877214432,
      "passChanceForward": 0.07569999992847443,
      "passChancePressured": 0.3686000108718872,
      "passChanceWing": 0.009999999776482582,
      "shootProgressThreshold": 0.8162999749183655,
      "tackleChance": 0.2199999988079071
    },
    "sourceEpoch": 49
  },
  "session": "session-4"
}
