{
  "accepted": false,
  "candidate": {
    "parameters": {
      "forwardPassMinGain": 12.0,
      "markDistance": 61.0,
      "passChanceDefault": 0.004999999888241291,
      "passChanceForward": 0.16380000114440918,
      "passChancePressured": 0.3912999927997589,
      "passChanceWing": 0.010499999858438969,
      "shootProgressThreshold": 0.8693000078201294,
      "tackleChance": 0.2199999988079071
    }
  },
  "championEpoch": 368,
  "championParameters": {
    "forwardPassMinGain": 14.0,
    "markDistance": 61.0,
    "passChanceDefault": 0.005100000184029341,
    "passChanceForward": 0.16380000114440918,
    "passChancePressured": 0.3912999927997589,
    "passChanceWing": 0.010499999858438969,
    "shootProgressThreshold": 0.8141999840736389,
    "tackleChance": 0.2199999988079071
  },
  "createdAt": "2026-04-30T09:59:19Z",
  "epoch": 385,
  "evaluation": {
    "avgGoals": 7.28,
    "avgOutOfBounds": 0.0,
    "avgPasses": 137.14,
    "avgShots": 66.79,
    "avgTackles": 4.12,
    "baselineAvgGoals": 4.24,
    "candidateAvgGoals": 3.04,
    "candidateWon": false,
    "earlyStop": "worse",
    "elapsedMs": 30,
    "games": 100,
    "gamesPerSecond": 3333.33,
    "goalDiff": -120.0,
    "maxGames": 1000,
    "passCompletionRate": 0.926,
    "tackleSuccessRate": 1.0,
    "zScore": -2.911
  },
  "gamesPerEpoch": 1000,
  "name": "epoch-385",
  "opponent": {
    "parameters": {
      "forwardPassMinGain": 14.0,
      "markDistance": 61.0,
      "passChanceDefault": 0.005100000184029341,
      "passChanceForward": 0.16380000114440918,
      "passChancePressured": 0.3912999927997589,
      "passChanceWing": 0.010499999858438969,
      "shootProgressThreshold": 0.8141999840736389,
      "tackleChance": 0.2199999988079071
    },
    "sourceEpoch": 368
  },
  "session": "session-4"
}
