{
  "accepted": false,
  "candidate": {
    "parameters": {
      "forwardPassMinGain": 17.0,
      "markDistance": 75.0,
      "passChanceDefault": 0.08089999854564667,
      "passChanceForward": 0.15389999747276306,
      "passChancePressured": 0.4000000059604645,
      "passChanceWing": 0.009999999776482582,
      "shootProgressThreshold": 0.8138999938964844,
      "tackleChance": 0.1851000040769577
    }
  },
  "championEpoch": 544,
  "championParameters": {
    "forwardPassMinGain": 17.0,
    "markDistance": 70.0,
    "passChanceDefault": 0.08089999854564667,
    "passChanceForward": 0.15389999747276306,
    "passChancePressured": 0.4000000059604645,
    "passChanceWing": 0.009999999776482582,
    "shootProgressThreshold": 0.8138999938964844,
    "tackleChance": 0.1728000044822693
  },
  "createdAt": "2026-04-30T09:59:57Z",
  "epoch": 545,
  "evaluation": {
    "avgGoals": 12.14,
    "avgOutOfBounds": 0.01,
    "avgPasses": 124.67,
    "avgShots": 38.15,
    "avgTackles": 6.04,
    "baselineAvgGoals": 6.33,
    "candidateAvgGoals": 5.814,
    "candidateWon": false,
    "earlyStop": null,
    "elapsedMs": 281,
    "games": 1000,
    "gamesPerSecond": 3558.72,
    "goalDiff": -516.0,
    "maxGames": 1000,
    "passCompletionRate": 0.899,
    "tackleSuccessRate": 1.0,
    "zScore": -2.416
  },
  "gamesPerEpoch": 1000,
  "name": "epoch-545",
  "opponent": {
    "parameters": {
      "forwardPassMinGain": 17.0,
      "markDistance": 70.0,
      "passChanceDefault": 0.08089999854564667,
      "passChanceForward": 0.15389999747276306,
      "passChancePressured": 0.4000000059604645,
      "passChanceWing": 0.009999999776482582,
      "shootProgressThreshold": 0.8138999938964844,
      "tackleChance": 0.1728000044822693
    },
    "sourceEpoch": 544
  },
  "session": "session-4"
}
