{
  "accepted": false,
  "candidate": {
    "parameters": {
      "forwardPassMinGain": 15.0,
      "markDistance": 72.0,
      "passChanceDefault": 0.05380000174045563,
      "passChanceForward": 0.1444000005722046,
      "passChancePressured": 0.3499999940395355,
      "passChanceWing": 0.018699999898672104,
      "shootProgressThreshold": 0.8174999952316284,
      "tackleChance": 0.21950000524520874
    }
  },
  "championEpoch": 227,
  "championParameters": {
    "forwardPassMinGain": 17.0,
    "markDistance": 72.0,
    "passChanceDefault": 0.056299999356269836,
    "passChanceForward": 0.12240000069141388,
    "passChancePressured": 0.3549000024795532,
    "passChanceWing": 0.009999999776482582,
    "shootProgressThreshold": 0.8174999952316284,
    "tackleChance": 0.2199999988079071
  },
  "createdAt": "2026-04-30T09:58:44Z",
  "epoch": 232,
  "evaluation": {
    "avgGoals": 11.83,
    "avgOutOfBounds": 0.01,
    "avgPasses": 124.93,
    "avgShots": 38.77,
    "avgTackles": 6.3,
    "baselineAvgGoals": 5.94,
    "candidateAvgGoals": 5.894,
    "candidateWon": false,
    "earlyStop": null,
    "elapsedMs": 284,
    "games": 1000,
    "gamesPerSecond": 3521.13,
    "goalDiff": -46.0,
    "maxGames": 1000,
    "passCompletionRate": 0.897,
    "tackleSuccessRate": 1.0,
    "zScore": -0.23
  },
  "gamesPerEpoch": 1000,
  "name": "epoch-232",
  "opponent": {
    "parameters": {
      "forwardPassMinGain": 17.0,
      "markDistance": 72.0,
      "passChanceDefault": 0.056299999356269836,
      "passChanceForward": 0.12240000069141388,
      "passChancePressured": 0.3549000024795532,
      "passChanceWing": 0.009999999776482582,
      "shootProgressThreshold": 0.8174999952316284,
      "tackleChance": 0.2199999988079071
    },
    "sourceEpoch": 227
  },
  "session": "session-4"
}
