{
  "accepted": false,
  "candidate": {
    "parameters": {
      "forwardPassMinGain": 18.0,
      "markDistance": 73.0,
      "passChanceDefault": 0.004999999888241291,
      "passChanceForward": 0.18000000715255737,
      "passChancePressured": 0.3815000057220459,
      "passChanceWing": 0.01730000041425228,
      "shootProgressThreshold": 0.8152999877929688,
      "tackleChance": 0.1981000006198883
    }
  },
  "championEpoch": 498,
  "championParameters": {
    "forwardPassMinGain": 18.0,
    "markDistance": 69.0,
    "passChanceDefault": 0.004999999888241291,
    "passChanceForward": 0.18000000715255737,
    "passChancePressured": 0.37779998779296875,
    "passChanceWing": 0.01730000041425228,
    "shootProgressThreshold": 0.8138999938964844,
    "tackleChance": 0.1981000006198883
  },
  "createdAt": "2026-04-30T09:59:45Z",
  "epoch": 499,
  "evaluation": {
    "avgGoals": 12.18,
    "avgOutOfBounds": 0.01,
    "avgPasses": 125.43,
    "avgShots": 38.01,
    "avgTackles": 6.15,
    "baselineAvgGoals": 6.203,
    "candidateAvgGoals": 5.974,
    "candidateWon": false,
    "earlyStop": null,
    "elapsedMs": 282,
    "games": 1000,
    "gamesPerSecond": 3546.1,
    "goalDiff": -229.0,
    "maxGames": 1000,
    "passCompletionRate": 0.9,
    "tackleSuccessRate": 1.0,
    "zScore": -1.084
  },
  "gamesPerEpoch": 1000,
  "name": "epoch-499",
  "opponent": {
    "parameters": {
      "forwardPassMinGain": 18.0,
      "markDistance": 69.0,
      "passChanceDefault": 0.004999999888241291,
      "passChanceForward": 0.18000000715255737,
      "passChancePressured": 0.37779998779296875,
      "passChanceWing": 0.01730000041425228,
      "shootProgressThreshold": 0.8138999938964844,
      "tackleChance": 0.1981000006198883
    },
    "sourceEpoch": 498
  },
  "session": "session-4"
}
