{
  "accepted": false,
  "candidate": {
    "parameters": {
      "forwardPassMinGain": 17.0,
      "markDistance": 66.0,
      "passChanceDefault": 0.1177000030875206,
      "passChanceForward": 0.1704999953508377,
      "passChancePressured": 0.4000000059604645,
      "passChanceWing": 0.009999999776482582,
      "shootProgressThreshold": 0.8173999786376953,
      "tackleChance": 0.13300000131130219
    }
  },
  "championEpoch": 753,
  "championParameters": {
    "forwardPassMinGain": 18.0,
    "markDistance": 67.0,
    "passChanceDefault": 0.12890000641345978,
    "passChanceForward": 0.15929999947547913,
    "passChancePressured": 0.4000000059604645,
    "passChanceWing": 0.009999999776482582,
    "shootProgressThreshold": 0.8173999786376953,
    "tackleChance": 0.13300000131130219
  },
  "createdAt": "2026-04-30T10:00:47Z",
  "epoch": 760,
  "evaluation": {
    "avgGoals": 11.87,
    "avgOutOfBounds": 0.01,
    "avgPasses": 135.41,
    "avgShots": 38.45,
    "avgTackles": 5.2,
    "baselineAvgGoals": 5.947,
    "candidateAvgGoals": 5.92,
    "candidateWon": false,
    "earlyStop": null,
    "elapsedMs": 285,
    "games": 1000,
    "gamesPerSecond": 3508.77,
    "goalDiff": -27.0,
    "maxGames": 1000,
    "passCompletionRate": 0.912,
    "tackleSuccessRate": 1.0,
    "zScore": -0.133
  },
  "gamesPerEpoch": 1000,
  "name": "epoch-760",
  "opponent": {
    "parameters": {
      "forwardPassMinGain": 18.0,
      "markDistance": 67.0,
      "passChanceDefault": 0.12890000641345978,
      "passChanceForward": 0.15929999947547913,
      "passChancePressured": 0.4000000059604645,
      "passChanceWing": 0.009999999776482582,
      "shootProgressThreshold": 0.8173999786376953,
      "tackleChance": 0.13300000131130219
    },
    "sourceEpoch": 753
  },
  "session": "session-4"
}
