{
  "accepted": true,
  "candidate": {
    "parameters": {
      "forwardPassMinGain": 18.0,
      "markDistance": 65.0,
      "passChanceDefault": 0.039400000125169754,
      "passChanceForward": 0.1687999963760376,
      "passChancePressured": 0.39629998803138733,
      "passChanceWing": 0.011800000444054604,
      "shootProgressThreshold": 0.8138999938964844,
      "tackleChance": 0.21150000393390656
    }
  },
  "championEpoch": 462,
  "championParameters": {
    "forwardPassMinGain": 18.0,
    "markDistance": 65.0,
    "passChanceDefault": 0.039400000125169754,
    "passChanceForward": 0.1687999963760376,
    "passChancePressured": 0.39629998803138733,
    "passChanceWing": 0.011800000444054604,
    "shootProgressThreshold": 0.8138999938964844,
    "tackleChance": 0.21150000393390656
  },
  "createdAt": "2026-04-30T09:59:37Z",
  "epoch": 462,
  "evaluation": {
    "avgGoals": 12.09,
    "avgOutOfBounds": 0.01,
    "avgPasses": 129.91,
    "avgShots": 38.63,
    "avgTackles": 5.73,
    "baselineAvgGoals": 6.043,
    "candidateAvgGoals": 6.051,
    "candidateWon": true,
    "earlyStop": null,
    "elapsedMs": 284,
    "games": 1000,
    "gamesPerSecond": 3521.13,
    "goalDiff": 8.0,
    "maxGames": 1000,
    "passCompletionRate": 0.902,
    "tackleSuccessRate": 1.0,
    "zScore": 0.04
  },
  "gamesPerEpoch": 1000,
  "name": "epoch-462",
  "opponent": {
    "parameters": {
      "forwardPassMinGain": 18.0,
      "markDistance": 70.0,
      "passChanceDefault": 0.02879999950528145,
      "passChanceForward": 0.1687999963760376,
      "passChancePressured": 0.4000000059604645,
      "passChanceWing": 0.011800000444054604,
      "shootProgressThreshold": 0.8174999952316284,
      "tackleChance": 0.21150000393390656
    },
    "sourceEpoch": 461
  },
  "session": "session-4"
}
