{
  "accepted": false,
  "candidate": {
    "parameters": {
      "forwardPassMinGain": 18.0,
      "markDistance": 59.0,
      "passChanceDefault": 0.1378999948501587,
      "passChanceForward": 0.13660000264644623,
      "passChancePressured": 0.36039999127388,
      "passChanceWing": 0.009999999776482582,
      "shootProgressThreshold": 0.8068000078201294,
      "tackleChance": 0.147599995136261
    }
  },
  "championEpoch": 782,
  "championParameters": {
    "forwardPassMinGain": 17.0,
    "markDistance": 67.0,
    "passChanceDefault": 0.1378999948501587,
    "passChanceForward": 0.13660000264644623,
    "passChancePressured": 0.3799999952316284,
    "passChanceWing": 0.009999999776482582,
    "shootProgressThreshold": 0.8068000078201294,
    "tackleChance": 0.147599995136261
  },
  "createdAt": "2026-04-30T10:00:54Z",
  "epoch": 783,
  "evaluation": {
    "avgGoals": 11.82,
    "avgOutOfBounds": 0.01,
    "avgPasses": 140.57,
    "avgShots": 38.39,
    "avgTackles": 5.36,
    "baselineAvgGoals": 5.958,
    "candidateAvgGoals": 5.857,
    "candidateWon": false,
    "earlyStop": null,
    "elapsedMs": 288,
    "games": 1000,
    "gamesPerSecond": 3472.22,
    "goalDiff": -101.0,
    "maxGames": 1000,
    "passCompletionRate": 0.917,
    "tackleSuccessRate": 1.0,
    "zScore": -0.543
  },
  "gamesPerEpoch": 1000,
  "name": "epoch-783",
  "opponent": {
    "parameters": {
      "forwardPassMinGain": 17.0,
      "markDistance": 67.0,
      "passChanceDefault": 0.1378999948501587,
      "passChanceForward": 0.13660000264644623,
      "passChancePressured": 0.3799999952316284,
      "passChanceWing": 0.009999999776482582,
      "shootProgressThreshold": 0.8068000078201294,
      "tackleChance": 0.147599995136261
    },
    "sourceEpoch": 782
  },
  "session": "session-4"
}
