{
  "accepted": false,
  "candidate": {
    "parameters": {
      "forwardPassMinGain": 17.0,
      "markDistance": 62.0,
      "passChanceDefault": 0.12549999356269836,
      "passChanceForward": 0.1290999948978424,
      "passChancePressured": 0.34549999237060547,
      "passChanceWing": 0.009999999776482582,
      "shootProgressThreshold": 0.7921000123023987,
      "tackleChance": 0.21080000698566437
    }
  },
  "championEpoch": 970,
  "championParameters": {
    "forwardPassMinGain": 17.0,
    "markDistance": 66.0,
    "passChanceDefault": 0.12549999356269836,
    "passChanceForward": 0.11720000207424164,
    "passChancePressured": 0.3828999996185303,
    "passChanceWing": 0.009999999776482582,
    "shootProgressThreshold": 0.8101999759674072,
    "tackleChance": 0.21080000698566437
  },
  "createdAt": "2026-04-30T10:01:36Z",
  "epoch": 976,
  "evaluation": {
    "avgGoals": 9.16,
    "avgOutOfBounds": 0.01,
    "avgPasses": 127.22,
    "avgShots": 67.45,
    "avgTackles": 4.92,
    "baselineAvgGoals": 5.0,
    "candidateAvgGoals": 4.156,
    "candidateWon": false,
    "earlyStop": "worse",
    "elapsedMs": 73,
    "games": 250,
    "gamesPerSecond": 3424.66,
    "goalDiff": -211.0,
    "maxGames": 1000,
    "passCompletionRate": 0.935,
    "tackleSuccessRate": 1.0,
    "zScore": -2.73
  },
  "gamesPerEpoch": 1000,
  "name": "epoch-976",
  "opponent": {
    "parameters": {
      "forwardPassMinGain": 17.0,
      "markDistance": 66.0,
      "passChanceDefault": 0.12549999356269836,
      "passChanceForward": 0.11720000207424164,
      "passChancePressured": 0.3828999996185303,
      "passChanceWing": 0.009999999776482582,
      "shootProgressThreshold": 0.8101999759674072,
      "tackleChance": 0.21080000698566437
    },
    "sourceEpoch": 970
  },
  "session": "session-4"
}
