{
  "accepted": false,
  "candidate": {
    "parameters": {
      "forwardPassMinGain": 16.0,
      "markDistance": 63.0,
      "passChanceDefault": 0.03790000081062317,
      "passChanceForward": 0.18000000715255737,
      "passChancePressured": 0.3894999921321869,
      "passChanceWing": 0.04800000041723251,
      "shootProgressThreshold": 0.8137999773025513,
      "tackleChance": 0.17919999361038208
    }
  },
  "championEpoch": 305,
  "championParameters": {
    "forwardPassMinGain": 16.0,
    "markDistance": 63.0,
    "passChanceDefault": 0.039799999445676804,
    "passChanceForward": 0.16220000386238098,
    "passChancePressured": 0.4000000059604645,
    "passChanceWing": 0.009999999776482582,
    "shootProgressThreshold": 0.8137999773025513,
    "tackleChance": 0.19020000100135803
  },
  "createdAt": "2026-04-30T09:59:01Z",
  "epoch": 307,
  "evaluation": {
    "avgGoals": 11.47,
    "avgOutOfBounds": 0.01,
    "avgPasses": 147.14,
    "avgShots": 35.44,
    "avgTackles": 4.99,
    "baselineAvgGoals": 5.784,
    "candidateAvgGoals": 5.681,
    "candidateWon": false,
    "earlyStop": null,
    "elapsedMs": 291,
    "games": 1000,
    "gamesPerSecond": 3436.43,
    "goalDiff": -103.0,
    "maxGames": 1000,
    "passCompletionRate": 0.918,
    "tackleSuccessRate": 1.0,
    "zScore": -0.554
  },
  "gamesPerEpoch": 1000,
  "name": "epoch-307",
  "opponent": {
    "parameters": {
      "forwardPassMinGain": 16.0,
      "markDistance": 63.0,
      "passChanceDefault": 0.039799999445676804,
      "passChanceForward": 0.16220000386238098,
      "passChancePressured": 0.4000000059604645,
      "passChanceWing": 0.009999999776482582,
      "shootProgressThreshold": 0.8137999773025513,
      "tackleChance": 0.19020000100135803
    },
    "sourceEpoch": 305
  },
  "session": "session-4"
}
