{
  "accepted": true,
  "candidate": {
    "parameters": {
      "forwardPassMinGain": 17.0,
      "markDistance": 68.0,
      "passChanceDefault": 0.11089999973773956,
      "passChanceForward": 0.13660000264644623,
      "passChancePressured": 0.3799999952316284,
      "passChanceWing": 0.009999999776482582,
      "shootProgressThreshold": 0.8068000078201294,
      "tackleChance": 0.147599995136261
    }
  },
  "championEpoch": 792,
  "championParameters": {
    "forwardPassMinGain": 17.0,
    "markDistance": 68.0,
    "passChanceDefault": 0.11089999973773956,
    "passChanceForward": 0.13660000264644623,
    "passChancePressured": 0.3799999952316284,
    "passChanceWing": 0.009999999776482582,
    "shootProgressThreshold": 0.8068000078201294,
    "tackleChance": 0.147599995136261
  },
  "createdAt": "2026-04-30T10:00:55Z",
  "epoch": 792,
  "evaluation": {
    "avgGoals": 11.86,
    "avgOutOfBounds": 0.01,
    "avgPasses": 133.5,
    "avgShots": 38.31,
    "avgTackles": 5.8,
    "baselineAvgGoals": 5.894,
    "candidateAvgGoals": 5.968,
    "candidateWon": true,
    "earlyStop": null,
    "elapsedMs": 289,
    "games": 1000,
    "gamesPerSecond": 3460.21,
    "goalDiff": 74.0,
    "maxGames": 1000,
    "passCompletionRate": 0.912,
    "tackleSuccessRate": 1.0,
    "zScore": 0.375
  },
  "gamesPerEpoch": 1000,
  "name": "epoch-792",
  "opponent": {
    "parameters": {
      "forwardPassMinGain": 17.0,
      "markDistance": 67.0,
      "passChanceDefault": 0.1378999948501587,
      "passChanceForward": 0.13660000264644623,
      "passChancePressured": 0.3799999952316284,
      "passChanceWing": 0.009999999776482582,
      "shootProgressThreshold": 0.8068000078201294,
      "tackleChance": 0.147599995136261
    },
    "sourceEpoch": 782
  },
  "session": "session-4"
}
