{
  "accepted": false,
  "candidate": {
    "parameters": {
      "forwardPassMinGain": 11.0,
      "markDistance": 62.0,
      "passChanceDefault": 0.09459999948740005,
      "passChanceForward": 0.1193000003695488,
      "passChancePressured": 0.4000000059604645,
      "passChanceWing": 0.026799999177455902,
      "shootProgressThreshold": 0.7906000018119812,
      "tackleChance": 0.2199999988079071
    }
  },
  "championEpoch": 13,
  "championParameters": {
    "forwardPassMinGain": 11.0,
    "markDistance": 69.0,
    "passChanceDefault": 0.08910000324249268,
    "passChanceForward": 0.10360000282526016,
    "passChancePressured": 0.4000000059604645,
    "passChanceWing": 0.016200000420212746,
    "shootProgressThreshold": 0.8080999851226807,
    "tackleChance": 0.2012999951839447
  },
  "createdAt": "2026-04-30T09:57:55Z",
  "epoch": 21,
  "evaluation": {
    "avgGoals": 8.17,
    "avgOutOfBounds": 0.01,
    "avgPasses": 127.98,
    "avgShots": 72.17,
    "avgTackles": 4.34,
    "baselineAvgGoals": 4.583,
    "candidateAvgGoals": 3.583,
    "candidateWon": false,
    "earlyStop": "worse",
    "elapsedMs": 50,
    "games": 175,
    "gamesPerSecond": 3500.0,
    "goalDiff": -175.0,
    "maxGames": 1000,
    "passCompletionRate": 0.941,
    "tackleSuccessRate": 1.0,
    "zScore": -2.804
  },
  "gamesPerEpoch": 1000,
  "name": "epoch-021",
  "opponent": {
    "parameters": {
      "forwardPassMinGain": 11.0,
      "markDistance": 69.0,
      "passChanceDefault": 0.08910000324249268,
      "passChanceForward": 0.10360000282526016,
      "passChancePressured": 0.4000000059604645,
      "passChanceWing": 0.016200000420212746,
      "shootProgressThreshold": 0.8080999851226807,
      "tackleChance": 0.2012999951839447
    },
    "sourceEpoch": 13
  },
  "session": "session-4"
}
