{
  "accepted": false,
  "candidate": {
    "parameters": {
      "forwardPassMinGain": 18.0,
      "markDistance": 56.0,
      "passChanceDefault": 0.019899999722838402,
      "passChanceForward": 0.12960000336170197,
      "passChancePressured": 0.3571000099182129,
      "passChanceWing": 0.03869999945163727,
      "shootProgressThreshold": 0.8137999773025513,
      "tackleChance": 0.1931000053882599
    }
  },
  "championEpoch": 277,
  "championParameters": {
    "forwardPassMinGain": 18.0,
    "markDistance": 60.0,
    "passChanceDefault": 0.05249999836087227,
    "passChanceForward": 0.16220000386238098,
    "passChancePressured": 0.4000000059604645,
    "passChanceWing": 0.010700000450015068,
    "shootProgressThreshold": 0.8137999773025513,
    "tackleChance": 0.1931000053882599
  },
  "createdAt": "2026-04-30T09:58:55Z",
  "epoch": 279,
  "evaluation": {
    "avgGoals": 11.6,
    "avgOutOfBounds": 0.01,
    "avgPasses": 149.26,
    "avgShots": 36.68,
    "avgTackles": 4.71,
    "baselineAvgGoals": 5.922,
    "candidateAvgGoals": 5.681,
    "candidateWon": false,
    "earlyStop": null,
    "elapsedMs": 296,
    "games": 1000,
    "gamesPerSecond": 3378.38,
    "goalDiff": -241.0,
    "maxGames": 1000,
    "passCompletionRate": 0.912,
    "tackleSuccessRate": 1.0,
    "zScore": -1.451
  },
  "gamesPerEpoch": 1000,
  "name": "epoch-279",
  "opponent": {
    "parameters": {
      "forwardPassMinGain": 18.0,
      "markDistance": 60.0,
      "passChanceDefault": 0.05249999836087227,
      "passChanceForward": 0.16220000386238098,
      "passChancePressured": 0.4000000059604645,
      "passChanceWing": 0.010700000450015068,
      "shootProgressThreshold": 0.8137999773025513,
      "tackleChance": 0.1931000053882599
    },
    "sourceEpoch": 277
  },
  "session": "session-4"
}
