{
  "accepted": false,
  "candidate": {
    "parameters": {
      "forwardPassMinGain": 16.0,
      "markDistance": 63.0,
      "passChanceDefault": 0.20000000298023224,
      "passChanceForward": 0.18000000715255737,
      "passChancePressured": 0.3334999978542328,
      "passChanceWing": 0.019999999552965164,
      "shootProgressThreshold": 0.8224999904632568,
      "tackleChance": 0.20309999585151672
    }
  },
  "championEpoch": 685,
  "championParameters": {
    "forwardPassMinGain": 18.0,
    "markDistance": 63.0,
    "passChanceDefault": 0.20000000298023224,
    "passChanceForward": 0.18000000715255737,
    "passChancePressured": 0.3849000036716461,
    "passChanceWing": 0.015699999406933784,
    "shootProgressThreshold": 0.8224999904632568,
    "tackleChance": 0.18559999763965607
  },
  "createdAt": "2026-04-30T10:00:30Z",
  "epoch": 689,
  "evaluation": {
    "avgGoals": 11.21,
    "avgOutOfBounds": 0.01,
    "avgPasses": 147.32,
    "avgShots": 37.77,
    "avgTackles": 4.93,
    "baselineAvgGoals": 5.644,
    "candidateAvgGoals": 5.564,
    "candidateWon": false,
    "earlyStop": null,
    "elapsedMs": 309,
    "games": 1000,
    "gamesPerSecond": 3236.25,
    "goalDiff": -80.0,
    "maxGames": 1000,
    "passCompletionRate": 0.918,
    "tackleSuccessRate": 1.0,
    "zScore": -0.455
  },
  "gamesPerEpoch": 1000,
  "name": "epoch-689",
  "opponent": {
    "parameters": {
      "forwardPassMinGain": 18.0,
      "markDistance": 63.0,
      "passChanceDefault": 0.20000000298023224,
      "passChanceForward": 0.18000000715255737,
      "passChancePressured": 0.3849000036716461,
      "passChanceWing": 0.015699999406933784,
      "shootProgressThreshold": 0.8224999904632568,
      "tackleChance": 0.18559999763965607
    },
    "sourceEpoch": 685
  },
  "session": "session-4"
}
