{
  "accepted": false,
  "candidate": {
    "parameters": {
      "forwardPassMinGain": 17.0,
      "markDistance": 63.0,
      "passChanceDefault": 0.018799999728798866,
      "passChanceForward": 0.17190000414848328,
      "passChancePressured": 0.3465000092983246,
      "passChanceWing": 0.018699999898672104,
      "shootProgressThreshold": 0.8141999840736389,
      "tackleChance": 0.2142000049352646
    }
  },
  "championEpoch": 403,
  "championParameters": {
    "forwardPassMinGain": 14.0,
    "markDistance": 60.0,
    "passChanceDefault": 0.004999999888241291,
    "passChanceForward": 0.18000000715255737,
    "passChancePressured": 0.37299999594688416,
    "passChanceWing": 0.010499999858438969,
    "shootProgressThreshold": 0.8141999840736389,
    "tackleChance": 0.2142000049352646
  },
  "createdAt": "2026-04-30T09:59:24Z",
  "epoch": 405,
  "evaluation": {
    "avgGoals": 12.15,
    "avgOutOfBounds": 0.01,
    "avgPasses": 138.37,
    "avgShots": 38.27,
    "avgTackles": 5.25,
    "baselineAvgGoals": 6.174,
    "candidateAvgGoals": 5.977,
    "candidateWon": false,
    "earlyStop": null,
    "elapsedMs": 289,
    "games": 1000,
    "gamesPerSecond": 3460.21,
    "goalDiff": -197.0,
    "maxGames": 1000,
    "passCompletionRate": 0.907,
    "tackleSuccessRate": 1.0,
    "zScore": -1.089
  },
  "gamesPerEpoch": 1000,
  "name": "epoch-405",
  "opponent": {
    "parameters": {
      "forwardPassMinGain": 14.0,
      "markDistance": 60.0,
      "passChanceDefault": 0.004999999888241291,
      "passChanceForward": 0.18000000715255737,
      "passChancePressured": 0.37299999594688416,
      "passChanceWing": 0.010499999858438969,
      "shootProgressThreshold": 0.8141999840736389,
      "tackleChance": 0.2142000049352646
    },
    "sourceEpoch": 403
  },
  "session": "session-4"
}
