{
  "accepted": false,
  "candidate": {
    "parameters": {
      "forwardPassMinGain": 15.0,
      "markDistance": 60.0,
      "passChanceDefault": 0.02280000038444996,
      "passChanceForward": 0.10279999673366547,
      "passChancePressured": 0.4000000059604645,
      "passChanceWing": 0.009999999776482582,
      "shootProgressThreshold": 0.8586999773979187,
      "tackleChance": 0.18549999594688416
    }
  },
  "championEpoch": 260,
  "championParameters": {
    "forwardPassMinGain": 17.0,
    "markDistance": 60.0,
    "passChanceDefault": 0.02280000038444996,
    "passChanceForward": 0.1193000003695488,
    "passChancePressured": 0.4000000059604645,
    "passChanceWing": 0.009999999776482582,
    "shootProgressThreshold": 0.8166000247001648,
    "tackleChance": 0.21240000426769257
  },
  "createdAt": "2026-04-30T09:58:52Z",
  "epoch": 269,
  "evaluation": {
    "avgGoals": 9.32,
    "avgOutOfBounds": 0.01,
    "avgPasses": 134.82,
    "avgShots": 55.76,
    "avgTackles": 4.37,
    "baselineAvgGoals": 5.08,
    "candidateAvgGoals": 4.24,
    "candidateWon": false,
    "earlyStop": "worse",
    "elapsedMs": 60,
    "games": 200,
    "gamesPerSecond": 3333.33,
    "goalDiff": -168.0,
    "maxGames": 1000,
    "passCompletionRate": 0.918,
    "tackleSuccessRate": 1.0,
    "zScore": -2.611
  },
  "gamesPerEpoch": 1000,
  "name": "epoch-269",
  "opponent": {
    "parameters": {
      "forwardPassMinGain": 17.0,
      "markDistance": 60.0,
      "passChanceDefault": 0.02280000038444996,
      "passChanceForward": 0.1193000003695488,
      "passChancePressured": 0.4000000059604645,
      "passChanceWing": 0.009999999776482582,
      "shootProgressThreshold": 0.8166000247001648,
      "tackleChance": 0.21240000426769257
    },
    "sourceEpoch": 260
  },
  "session": "session-4"
}
