{
  "accepted": false,
  "candidate": {
    "parameters": {
      "forwardPassMinGain": 18.0,
      "markDistance": 63.0,
      "passChanceDefault": 0.17990000545978546,
      "passChanceForward": 0.18000000715255737,
      "passChancePressured": 0.328000009059906,
      "passChanceWing": 0.03660000115633011,
      "shootProgressThreshold": 0.8865000009536743,
      "tackleChance": 0.2029999941587448
    }
  },
  "championEpoch": 648,
  "championParameters": {
    "forwardPassMinGain": 18.0,
    "markDistance": 63.0,
    "passChanceDefault": 0.17990000545978546,
    "passChanceForward": 0.1746000051498413,
    "passChancePressured": 0.328000009059906,
    "passChanceWing": 0.022299999371170998,
    "shootProgressThreshold": 0.826200008392334,
    "tackleChance": 0.2029000073671341
  },
  "createdAt": "2026-04-30T10:00:20Z",
  "epoch": 651,
  "evaluation": {
    "avgGoals": 4.17,
    "avgOutOfBounds": 0.02,
    "avgPasses": 148.19,
    "avgShots": 79.8,
    "avgTackles": 4.78,
    "baselineAvgGoals": 3.09,
    "candidateAvgGoals": 1.08,
    "candidateWon": false,
    "earlyStop": "worse",
    "elapsedMs": 29,
    "games": 100,
    "gamesPerSecond": 3448.28,
    "goalDiff": -201.0,
    "maxGames": 1000,
    "passCompletionRate": 0.925,
    "tackleSuccessRate": 1.0,
    "zScore": -7.014
  },
  "gamesPerEpoch": 1000,
  "name": "epoch-651",
  "opponent": {
    "parameters": {
      "forwardPassMinGain": 18.0,
      "markDistance": 63.0,
      "passChanceDefault": 0.17990000545978546,
      "passChanceForward": 0.1746000051498413,
      "passChancePressured": 0.328000009059906,
      "passChanceWing": 0.022299999371170998,
      "shootProgressThreshold": 0.826200008392334,
      "tackleChance": 0.2029000073671341
    },
    "sourceEpoch": 648
  },
  "session": "session-4"
}
