{
  "accepted": false,
  "candidate": {
    "parameters": {
      "forwardPassMinGain": 0.0,
      "markDistance": 66.0,
      "passChanceDefault": 0.07530000060796738,
      "passChanceForward": 0.16689999401569366,
      "passChancePressured": 0.3917999863624573,
      "passChanceWing": 0.03060000017285347,
      "shootProgressThreshold": 0.7925000190734863,
      "tackleChance": 0.19020000100135803
    }
  },
  "championEpoch": 166,
  "championParameters": {
    "forwardPassMinGain": 3.0,
    "markDistance": 67.0,
    "passChanceDefault": 0.07699999958276749,
    "passChanceForward": 0.16689999401569366,
    "passChancePressured": 0.3917999863624573,
    "passChanceWing": 0.009999999776482582,
    "shootProgressThreshold": 0.8145999908447266,
    "tackleChance": 0.19020000100135803
  },
  "createdAt": "2026-04-30T09:58:29Z",
  "epoch": 169,
  "evaluation": {
    "avgGoals": 8.72,
    "avgOutOfBounds": 0.01,
    "avgPasses": 137.54,
    "avgShots": 59.5,
    "avgTackles": 4.56,
    "baselineAvgGoals": 4.778,
    "candidateAvgGoals": 3.942,
    "candidateWon": false,
    "earlyStop": "worse",
    "elapsedMs": 67,
    "games": 225,
    "gamesPerSecond": 3358.21,
    "goalDiff": -188.0,
    "maxGames": 1000,
    "passCompletionRate": 0.934,
    "tackleSuccessRate": 1.0,
    "zScore": -2.629
  },
  "gamesPerEpoch": 1000,
  "name": "epoch-169",
  "opponent": {
    "parameters": {
      "forwardPassMinGain": 3.0,
      "markDistance": 67.0,
      "passChanceDefault": 0.07699999958276749,
      "passChanceForward": 0.16689999401569366,
      "passChancePressured": 0.3917999863624573,
      "passChanceWing": 0.009999999776482582,
      "shootProgressThreshold": 0.8145999908447266,
      "tackleChance": 0.19020000100135803
    },
    "sourceEpoch": 166
  },
  "session": "session-4"
}
