{
  "accepted": false,
  "candidate": {
    "parameters": {
      "forwardPassMinGain": 13.0,
      "markDistance": 74.0,
      "passChanceDefault": 0.17229999601840973,
      "passChanceForward": 0.07850000262260437,
      "passChancePressured": 0.4000000059604645,
      "passChanceWing": 0.027499999850988388,
      "shootProgressThreshold": 0.8044000267982483,
      "tackleChance": 0.18549999594688416
    }
  },
  "championEpoch": 927,
  "championParameters": {
    "forwardPassMinGain": 13.0,
    "markDistance": 70.0,
    "passChanceDefault": 0.17229999601840973,
    "passChanceForward": 0.09600000083446503,
    "passChancePressured": 0.4000000059604645,
    "passChanceWing": 0.027499999850988388,
    "shootProgressThreshold": 0.8044000267982483,
    "tackleChance": 0.19689999520778656
  },
  "createdAt": "2026-04-30T10:01:28Z",
  "epoch": 936,
  "evaluation": {
    "avgGoals": 10.73,
    "avgOutOfBounds": 0.01,
    "avgPasses": 137.08,
    "avgShots": 37.74,
    "avgTackles": 6.01,
    "baselineAvgGoals": 5.47,
    "candidateAvgGoals": 5.261,
    "candidateWon": false,
    "earlyStop": null,
    "elapsedMs": 294,
    "games": 1000,
    "gamesPerSecond": 3401.36,
    "goalDiff": -209.0,
    "maxGames": 1000,
    "passCompletionRate": 0.918,
    "tackleSuccessRate": 1.0,
    "zScore": -1.113
  },
  "gamesPerEpoch": 1000,
  "name": "epoch-936",
  "opponent": {
    "parameters": {
      "forwardPassMinGain": 13.0,
      "markDistance": 70.0,
      "passChanceDefault": 0.17229999601840973,
      "passChanceForward": 0.09600000083446503,
      "passChancePressured": 0.4000000059604645,
      "passChanceWing": 0.027499999850988388,
      "shootProgressThreshold": 0.8044000267982483,
      "tackleChance": 0.19689999520778656
    },
    "sourceEpoch": 927
  },
  "session": "session-4"
}
