{
  "accepted": false,
  "candidate": {
    "parameters": {
      "forwardPassMinGain": 18.0,
      "markDistance": 66.0,
      "passChanceDefault": 0.05249999836087227,
      "passChanceForward": 0.15379999577999115,
      "passChancePressured": 0.39590001106262207,
      "passChanceWing": 0.009999999776482582,
      "shootProgressThreshold": 0.8442000150680542,
      "tackleChance": 0.1981000006198883
    }
  },
  "championEpoch": 283,
  "championParameters": {
    "forwardPassMinGain": 18.0,
    "markDistance": 66.0,
    "passChanceDefault": 0.05249999836087227,
    "passChanceForward": 0.16220000386238098,
    "passChancePressured": 0.39590001106262207,
    "passChanceWing": 0.009999999776482582,
    "shootProgressThreshold": 0.8137999773025513,
    "tackleChance": 0.218299999833107
  },
  "createdAt": "2026-04-30T09:58:56Z",
  "epoch": 285,
  "evaluation": {
    "avgGoals": 10.95,
    "avgOutOfBounds": 0.01,
    "avgPasses": 131.45,
    "avgShots": 44.49,
    "avgTackles": 5.43,
    "baselineAvgGoals": 6.093,
    "candidateAvgGoals": 4.86,
    "candidateWon": false,
    "earlyStop": "worse",
    "elapsedMs": 44,
    "games": 150,
    "gamesPerSecond": 3409.09,
    "goalDiff": -185.0,
    "maxGames": 1000,
    "passCompletionRate": 0.907,
    "tackleSuccessRate": 1.0,
    "zScore": -2.608
  },
  "gamesPerEpoch": 1000,
  "name": "epoch-285",
  "opponent": {
    "parameters": {
      "forwardPassMinGain": 18.0,
      "markDistance": 66.0,
      "passChanceDefault": 0.05249999836087227,
      "passChanceForward": 0.16220000386238098,
      "passChancePressured": 0.39590001106262207,
      "passChanceWing": 0.009999999776482582,
      "shootProgressThreshold": 0.8137999773025513,
      "tackleChance": 0.218299999833107
    },
    "sourceEpoch": 283
  },
  "session": "session-4"
}
