{
  "accepted": false,
  "candidate": {
    "parameters": {
      "forwardPassMinGain": 14.0,
      "markDistance": 61.0,
      "passChanceDefault": 0.004999999888241291,
      "passChanceForward": 0.16380000114440918,
      "passChancePressured": 0.4000000059604645,
      "passChanceWing": 0.009999999776482582,
      "shootProgressThreshold": 0.8500999808311462,
      "tackleChance": 0.2199999988079071
    }
  },
  "championEpoch": 349,
  "championParameters": {
    "forwardPassMinGain": 14.0,
    "markDistance": 61.0,
    "passChanceDefault": 0.005100000184029341,
    "passChanceForward": 0.16380000114440918,
    "passChancePressured": 0.3912999927997589,
    "passChanceWing": 0.009999999776482582,
    "shootProgressThreshold": 0.8141999840736389,
    "tackleChance": 0.2199999988079071
  },
  "createdAt": "2026-04-30T09:59:12Z",
  "epoch": 351,
  "evaluation": {
    "avgGoals": 10.37,
    "avgOutOfBounds": 0.02,
    "avgPasses": 135.29,
    "avgShots": 47.51,
    "avgTackles": 4.96,
    "baselineAvgGoals": 5.48,
    "candidateAvgGoals": 4.894,
    "candidateWon": false,
    "earlyStop": "worse",
    "elapsedMs": 145,
    "games": 500,
    "gamesPerSecond": 3448.28,
    "goalDiff": -293.0,
    "maxGames": 1000,
    "passCompletionRate": 0.908,
    "tackleSuccessRate": 1.0,
    "zScore": -2.57
  },
  "gamesPerEpoch": 1000,
  "name": "epoch-351",
  "opponent": {
    "parameters": {
      "forwardPassMinGain": 14.0,
      "markDistance": 61.0,
      "passChanceDefault": 0.005100000184029341,
      "passChanceForward": 0.16380000114440918,
      "passChancePressured": 0.3912999927997589,
      "passChanceWing": 0.009999999776482582,
      "shootProgressThreshold": 0.8141999840736389,
      "tackleChance": 0.2199999988079071
    },
    "sourceEpoch": 349
  },
  "session": "session-4"
}
