{
  "accepted": false,
  "candidate": {
    "parameters": {
      "forwardPassMinGain": 12.0,
      "markDistance": 59.0,
      "passChanceDefault": 0.15559999644756317,
      "passChanceForward": 0.11890000104904175,
      "passChancePressured": 0.4000000059604645,
      "passChanceWing": 0.009999999776482582,
      "shootProgressThreshold": 0.8288000226020813,
      "tackleChance": 0.1657000035047531
    }
  },
  "championEpoch": 831,
  "championParameters": {
    "forwardPassMinGain": 14.0,
    "markDistance": 63.0,
    "passChanceDefault": 0.16419999301433563,
    "passChanceForward": 0.13210000097751617,
    "passChancePressured": 0.4000000059604645,
    "passChanceWing": 0.009999999776482582,
    "shootProgressThreshold": 0.8033000230789185,
    "tackleChance": 0.15710000693798065
  },
  "createdAt": "2026-04-30T10:01:06Z",
  "epoch": 839,
  "evaluation": {
    "avgGoals": 11.01,
    "avgOutOfBounds": 0.01,
    "avgPasses": 144.42,
    "avgShots": 41.2,
    "avgTackles": 4.82,
    "baselineAvgGoals": 5.631,
    "candidateAvgGoals": 5.38,
    "candidateWon": false,
    "earlyStop": null,
    "elapsedMs": 292,
    "games": 1000,
    "gamesPerSecond": 3424.66,
    "goalDiff": -251.0,
    "maxGames": 1000,
    "passCompletionRate": 0.919,
    "tackleSuccessRate": 1.0,
    "zScore": -1.464
  },
  "gamesPerEpoch": 1000,
  "name": "epoch-839",
  "opponent": {
    "parameters": {
      "forwardPassMinGain": 14.0,
      "markDistance": 63.0,
      "passChanceDefault": 0.16419999301433563,
      "passChanceForward": 0.13210000097751617,
      "passChancePressured": 0.4000000059604645,
      "passChanceWing": 0.009999999776482582,
      "shootProgressThreshold": 0.8033000230789185,
      "tackleChance": 0.15710000693798065
    },
    "sourceEpoch": 831
  },
  "session": "session-4"
}
