{
  "accepted": false,
  "candidate": {
    "parameters": {
      "forwardPassMinGain": 18.0,
      "markDistance": 65.0,
      "passChanceDefault": 0.20000000298023224,
      "passChanceForward": 0.09449999779462814,
      "passChancePressured": 0.3955000042915344,
      "passChanceWing": 0.01679999940097332,
      "shootProgressThreshold": 0.8999999761581421,
      "tackleChance": 0.2046000063419342
    }
  },
  "championEpoch": 894,
  "championParameters": {
    "forwardPassMinGain": 18.0,
    "markDistance": 69.0,
    "passChanceDefault": 0.20000000298023224,
    "passChanceForward": 0.09449999779462814,
    "passChancePressured": 0.3955000042915344,
    "passChanceWing": 0.01679999940097332,
    "shootProgressThreshold": 0.8108000159263611,
    "tackleChance": 0.1785999983549118
  },
  "createdAt": "2026-04-30T10:01:19Z",
  "epoch": 897,
  "evaluation": {
    "avgGoals": 3.95,
    "avgOutOfBounds": 0.03,
    "avgPasses": 129.13,
    "avgShots": 74.4,
    "avgTackles": 7.57,
    "baselineAvgGoals": 3.77,
    "candidateAvgGoals": 0.18,
    "candidateWon": false,
    "earlyStop": "worse",
    "elapsedMs": 29,
    "games": 100,
    "gamesPerSecond": 3448.28,
    "goalDiff": -359.0,
    "maxGames": 1000,
    "passCompletionRate": 0.885,
    "tackleSuccessRate": 1.0,
    "zScore": -12.627
  },
  "gamesPerEpoch": 1000,
  "name": "epoch-897",
  "opponent": {
    "parameters": {
      "forwardPassMinGain": 18.0,
      "markDistance": 69.0,
      "passChanceDefault": 0.20000000298023224,
      "passChanceForward": 0.09449999779462814,
      "passChancePressured": 0.3955000042915344,
      "passChanceWing": 0.01679999940097332,
      "shootProgressThreshold": 0.8108000159263611,
      "tackleChance": 0.1785999983549118
    },
    "sourceEpoch": 894
  },
  "session": "session-4"
}
