{
  "accepted": false,
  "candidate": {
    "parameters": {
      "forwardPassMinGain": 16.0,
      "markDistance": 66.0,
      "passChanceDefault": 0.05999999865889549,
      "passChanceForward": 0.16359999775886536,
      "passChancePressured": 0.4000000059604645,
      "passChanceWing": 0.009999999776482582,
      "shootProgressThreshold": 0.8041999936103821,
      "tackleChance": 0.2199999988079071
    }
  },
  "championEpoch": 291,
  "championParameters": {
    "forwardPassMinGain": 16.0,
    "markDistance": 63.0,
    "passChanceDefault": 0.039799999445676804,
    "passChanceForward": 0.16220000386238098,
    "passChancePressured": 0.4000000059604645,
    "passChanceWing": 0.009999999776482582,
    "shootProgressThreshold": 0.8137999773025513,
    "tackleChance": 0.218299999833107
  },
  "createdAt": "2026-04-30T09:58:59Z",
  "epoch": 299,
  "evaluation": {
    "avgGoals": 12.01,
    "avgOutOfBounds": 0.01,
    "avgPasses": 134.94,
    "avgShots": 38.63,
    "avgTackles": 5.77,
    "baselineAvgGoals": 6.041,
    "candidateAvgGoals": 5.968,
    "candidateWon": false,
    "earlyStop": null,
    "elapsedMs": 292,
    "games": 1000,
    "gamesPerSecond": 3424.66,
    "goalDiff": -73.0,
    "maxGames": 1000,
    "passCompletionRate": 0.91,
    "tackleSuccessRate": 1.0,
    "zScore": -0.384
  },
  "gamesPerEpoch": 1000,
  "name": "epoch-299",
  "opponent": {
    "parameters": {
      "forwardPassMinGain": 16.0,
      "markDistance": 63.0,
      "passChanceDefault": 0.039799999445676804,
      "passChanceForward": 0.16220000386238098,
      "passChancePressured": 0.4000000059604645,
      "passChanceWing": 0.009999999776482582,
      "shootProgressThreshold": 0.8137999773025513,
      "tackleChance": 0.218299999833107
    },
    "sourceEpoch": 291
  },
  "session": "session-4"
}
