{
  "accepted": false,
  "candidate": {
    "parameters": {
      "forwardPassMinGain": 16.0,
      "markDistance": 62.0,
      "passChanceDefault": 0.20000000298023224,
      "passChanceForward": 0.12150000035762787,
      "passChancePressured": 0.39250001311302185,
      "passChanceWing": 0.03669999912381172,
      "shootProgressThreshold": 0.8273000121116638,
      "tackleChance": 0.20489999651908875
    }
  },
  "championEpoch": 956,
  "championParameters": {
    "forwardPassMinGain": 16.0,
    "markDistance": 65.0,
    "passChanceDefault": 0.20000000298023224,
    "passChanceForward": 0.12150000035762787,
    "passChancePressured": 0.39250001311302185,
    "passChanceWing": 0.041099999099969864,
    "shootProgressThreshold": 0.8082000017166138,
    "tackleChance": 0.20489999651908875
  },
  "createdAt": "2026-04-30T10:01:33Z",
  "epoch": 961,
  "evaluation": {
    "avgGoals": 10.29,
    "avgOutOfBounds": 0.01,
    "avgPasses": 156.27,
    "avgShots": 36.43,
    "avgTackles": 4.64,
    "baselineAvgGoals": 5.177,
    "candidateAvgGoals": 5.108,
    "candidateWon": false,
    "earlyStop": null,
    "elapsedMs": 297,
    "games": 1000,
    "gamesPerSecond": 3367.0,
    "goalDiff": -69.0,
    "maxGames": 1000,
    "passCompletionRate": 0.928,
    "tackleSuccessRate": 1.0,
    "zScore": -0.42
  },
  "gamesPerEpoch": 1000,
  "name": "epoch-961",
  "opponent": {
    "parameters": {
      "forwardPassMinGain": 16.0,
      "markDistance": 65.0,
      "passChanceDefault": 0.20000000298023224,
      "passChanceForward": 0.12150000035762787,
      "passChancePressured": 0.39250001311302185,
      "passChanceWing": 0.041099999099969864,
      "shootProgressThreshold": 0.8082000017166138,
      "tackleChance": 0.20489999651908875
    },
    "sourceEpoch": 956
  },
  "session": "session-4"
}
