{
  "accepted": false,
  "candidate": {
    "parameters": {
      "forwardPassMinGain": 14.0,
      "markDistance": 64.0,
      "passChanceDefault": 0.004999999888241291,
      "passChanceForward": 0.1623000055551529,
      "passChancePressured": 0.3695000112056732,
      "passChanceWing": 0.03319999948143959,
      "shootProgressThreshold": 0.8357999920845032,
      "tackleChance": 0.2199999988079071
    }
  },
  "championEpoch": 423,
  "championParameters": {
    "forwardPassMinGain": 14.0,
    "markDistance": 65.0,
    "passChanceDefault": 0.004999999888241291,
    "passChanceForward": 0.16290000081062317,
    "passChancePressured": 0.37299999594688416,
    "passChanceWing": 0.010499999858438969,
    "shootProgressThreshold": 0.8141999840736389,
    "tackleChance": 0.2199999988079071
  },
  "createdAt": "2026-04-30T09:59:28Z",
  "epoch": 424,
  "evaluation": {
    "avgGoals": 11.17,
    "avgOutOfBounds": 0.01,
    "avgPasses": 137.85,
    "avgShots": 40.01,
    "avgTackles": 5.2,
    "baselineAvgGoals": 5.8,
    "candidateAvgGoals": 5.368,
    "candidateWon": false,
    "earlyStop": null,
    "elapsedMs": 294,
    "games": 1000,
    "gamesPerSecond": 3401.36,
    "goalDiff": -432.0,
    "maxGames": 1000,
    "passCompletionRate": 0.913,
    "tackleSuccessRate": 1.0,
    "zScore": -2.367
  },
  "gamesPerEpoch": 1000,
  "name": "epoch-424",
  "opponent": {
    "parameters": {
      "forwardPassMinGain": 14.0,
      "markDistance": 65.0,
      "passChanceDefault": 0.004999999888241291,
      "passChanceForward": 0.16290000081062317,
      "passChancePressured": 0.37299999594688416,
      "passChanceWing": 0.010499999858438969,
      "shootProgressThreshold": 0.8141999840736389,
      "tackleChance": 0.2199999988079071
    },
    "sourceEpoch": 423
  },
  "session": "session-4"
}
