{
  "accepted": true,
  "candidate": {
    "parameters": {
      "forwardPassMinGain": 13.0,
      "markDistance": 69.0,
      "passChanceDefault": 0.03150000050663948,
      "passChanceForward": 0.12099999934434891,
      "passChancePressured": 0.4000000059604645,
      "passChanceWing": 0.02979999966919422,
      "shootProgressThreshold": 0.8080999851226807,
      "tackleChance": 0.21610000729560852
    }
  },
  "championEpoch": 31,
  "championParameters": {
    "forwardPassMinGain": 13.0,
    "markDistance": 69.0,
    "passChanceDefault": 0.03150000050663948,
    "passChanceForward": 0.12099999934434891,
    "passChancePressured": 0.4000000059604645,
    "passChanceWing": 0.02979999966919422,
    "shootProgressThreshold": 0.8080999851226807,
    "tackleChance": 0.21610000729560852
  },
  "createdAt": "2026-04-30T09:57:57Z",
  "epoch": 31,
  "evaluation": {
    "avgGoals": 11.24,
    "avgOutOfBounds": 0.0,
    "avgPasses": 138.24,
    "avgShots": 36.37,
    "avgTackles": 5.58,
    "baselineAvgGoals": 5.511,
    "candidateAvgGoals": 5.729,
    "candidateWon": true,
    "earlyStop": null,
    "elapsedMs": 310,
    "games": 1000,
    "gamesPerSecond": 3225.81,
    "goalDiff": 218.0,
    "maxGames": 1000,
    "passCompletionRate": 0.918,
    "tackleSuccessRate": 1.0,
    "zScore": 1.13
  },
  "gamesPerEpoch": 1000,
  "name": "epoch-031",
  "opponent": {
    "parameters": {
      "forwardPassMinGain": 12.0,
      "markDistance": 69.0,
      "passChanceDefault": 0.0348999984562397,
      "passChanceForward": 0.10360000282526016,
      "passChancePressured": 0.4000000059604645,
      "passChanceWing": 0.02979999966919422,
      "shootProgressThreshold": 0.8080999851226807,
      "tackleChance": 0.21629999577999115
    },
    "sourceEpoch": 30
  },
  "session": "session-4"
}
