{
  "accepted": false,
  "candidate": {
    "parameters": {
      "forwardPassMinGain": 13.0,
      "markDistance": 63.0,
      "passChanceDefault": 0.051500000059604645,
      "passChanceForward": 0.14249999821186066,
      "passChancePressured": 0.4000000059604645,
      "passChanceWing": 0.010200000368058681,
      "shootProgressThreshold": 0.8460999727249146,
      "tackleChance": 0.2199999988079071
    }
  },
  "championEpoch": 325,
  "championParameters": {
    "forwardPassMinGain": 13.0,
    "markDistance": 63.0,
    "passChanceDefault": 0.039799999445676804,
    "passChanceForward": 0.16220000386238098,
    "passChancePressured": 0.4000000059604645,
    "passChanceWing": 0.009999999776482582,
    "shootProgressThreshold": 0.8137999773025513,
    "tackleChance": 0.19020000100135803
  },
  "createdAt": "2026-04-30T09:59:06Z",
  "epoch": 327,
  "evaluation": {
    "avgGoals": 10.83,
    "avgOutOfBounds": 0.01,
    "avgPasses": 136.12,
    "avgShots": 44.64,
    "avgTackles": 5.05,
    "baselineAvgGoals": 5.916,
    "candidateAvgGoals": 4.916,
    "candidateWon": false,
    "earlyStop": "worse",
    "elapsedMs": 70,
    "games": 225,
    "gamesPerSecond": 3214.29,
    "goalDiff": -225.0,
    "maxGames": 1000,
    "passCompletionRate": 0.912,
    "tackleSuccessRate": 1.0,
    "zScore": -2.514
  },
  "gamesPerEpoch": 1000,
  "name": "epoch-327",
  "opponent": {
    "parameters": {
      "forwardPassMinGain": 13.0,
      "markDistance": 63.0,
      "passChanceDefault": 0.039799999445676804,
      "passChanceForward": 0.16220000386238098,
      "passChancePressured": 0.4000000059604645,
      "passChanceWing": 0.009999999776482582,
      "shootProgressThreshold": 0.8137999773025513,
      "tackleChance": 0.19020000100135803
    },
    "sourceEpoch": 325
  },
  "session": "session-4"
}
