{
  "accepted": false,
  "candidate": {
    "parameters": {
      "forwardPassMinGain": 18.0,
      "markDistance": 61.0,
      "passChanceDefault": 0.06769999861717224,
      "passChanceForward": 0.1687999963760376,
      "passChancePressured": 0.4000000059604645,
      "passChanceWing": 0.011800000444054604,
      "shootProgressThreshold": 0.8190000057220459,
      "tackleChance": 0.2168000042438507
    }
  },
  "championEpoch": 462,
  "championParameters": {
    "forwardPassMinGain": 18.0,
    "markDistance": 65.0,
    "passChanceDefault": 0.039400000125169754,
    "passChanceForward": 0.1687999963760376,
    "passChancePressured": 0.39629998803138733,
    "passChanceWing": 0.011800000444054604,
    "shootProgressThreshold": 0.8138999938964844,
    "tackleChance": 0.21150000393390656
  },
  "createdAt": "2026-04-30T09:59:38Z",
  "epoch": 468,
  "evaluation": {
    "avgGoals": 12.01,
    "avgOutOfBounds": 0.01,
    "avgPasses": 137.39,
    "avgShots": 38.34,
    "avgTackles": 5.3,
    "baselineAvgGoals": 6.08,
    "candidateAvgGoals": 5.925,
    "candidateWon": false,
    "earlyStop": null,
    "elapsedMs": 289,
    "games": 1000,
    "gamesPerSecond": 3460.21,
    "goalDiff": -155.0,
    "maxGames": 1000,
    "passCompletionRate": 0.907,
    "tackleSuccessRate": 1.0,
    "zScore": -0.822
  },
  "gamesPerEpoch": 1000,
  "name": "epoch-468",
  "opponent": {
    "parameters": {
      "forwardPassMinGain": 18.0,
      "markDistance": 65.0,
      "passChanceDefault": 0.039400000125169754,
      "passChanceForward": 0.1687999963760376,
      "passChancePressured": 0.39629998803138733,
      "passChanceWing": 0.011800000444054604,
      "shootProgressThreshold": 0.8138999938964844,
      "tackleChance": 0.21150000393390656
    },
    "sourceEpoch": 462
  },
  "session": "session-4"
}
