{
  "accepted": false,
  "candidate": {
    "parameters": {
      "forwardPassMinGain": 14.0,
      "markDistance": 64.0,
      "passChanceDefault": 0.16189999878406525,
      "passChanceForward": 0.1679999977350235,
      "passChancePressured": 0.3747999966144562,
      "passChanceWing": 0.05400000140070915,
      "shootProgressThreshold": 0.8251000046730042,
      "tackleChance": 0.1842000037431717
    }
  },
  "championEpoch": 713,
  "championParameters": {
    "forwardPassMinGain": 14.0,
    "markDistance": 64.0,
    "passChanceDefault": 0.16189999878406525,
    "passChanceForward": 0.1679999977350235,
    "passChancePressured": 0.3747999966144562,
    "passChanceWing": 0.035599999129772186,
    "shootProgressThreshold": 0.8173999786376953,
    "tackleChance": 0.1842000037431717
  },
  "createdAt": "2026-04-30T10:00:37Z",
  "epoch": 717,
  "evaluation": {
    "avgGoals": 10.31,
    "avgOutOfBounds": 0.01,
    "avgPasses": 159.61,
    "avgShots": 34.19,
    "avgTackles": 4.45,
    "baselineAvgGoals": 5.301,
    "candidateAvgGoals": 5.007,
    "candidateWon": false,
    "earlyStop": null,
    "elapsedMs": 292,
    "games": 1000,
    "gamesPerSecond": 3424.66,
    "goalDiff": -294.0,
    "maxGames": 1000,
    "passCompletionRate": 0.933,
    "tackleSuccessRate": 1.0,
    "zScore": -1.683
  },
  "gamesPerEpoch": 1000,
  "name": "epoch-717",
  "opponent": {
    "parameters": {
      "forwardPassMinGain": 14.0,
      "markDistance": 64.0,
      "passChanceDefault": 0.16189999878406525,
      "passChanceForward": 0.1679999977350235,
      "passChancePressured": 0.3747999966144562,
      "passChanceWing": 0.035599999129772186,
      "shootProgressThreshold": 0.8173999786376953,
      "tackleChance": 0.1842000037431717
    },
    "sourceEpoch": 713
  },
  "session": "session-4"
}
