{
  "accepted": false,
  "candidate": {
    "parameters": {
      "forwardPassMinGain": 15.0,
      "markDistance": 66.0,
      "passChanceDefault": 0.061000000685453415,
      "passChanceForward": 0.14319999516010284,
      "passChancePressured": 0.39590001106262207,
      "passChanceWing": 0.009999999776482582,
      "shootProgressThreshold": 0.8007000088691711,
      "tackleChance": 0.2199999988079071
    }
  },
  "championEpoch": 283,
  "championParameters": {
    "forwardPassMinGain": 18.0,
    "markDistance": 66.0,
    "passChanceDefault": 0.05249999836087227,
    "passChanceForward": 0.16220000386238098,
    "passChancePressured": 0.39590001106262207,
    "passChanceWing": 0.009999999776482582,
    "shootProgressThreshold": 0.8137999773025513,
    "tackleChance": 0.218299999833107
  },
  "createdAt": "2026-04-30T09:58:56Z",
  "epoch": 284,
  "evaluation": {
    "avgGoals": 11.84,
    "avgOutOfBounds": 0.01,
    "avgPasses": 131.95,
    "avgShots": 40.86,
    "avgTackles": 5.94,
    "baselineAvgGoals": 5.969,
    "candidateAvgGoals": 5.874,
    "candidateWon": false,
    "earlyStop": null,
    "elapsedMs": 291,
    "games": 1000,
    "gamesPerSecond": 3436.43,
    "goalDiff": -95.0,
    "maxGames": 1000,
    "passCompletionRate": 0.911,
    "tackleSuccessRate": 1.0,
    "zScore": -0.485
  },
  "gamesPerEpoch": 1000,
  "name": "epoch-284",
  "opponent": {
    "parameters": {
      "forwardPassMinGain": 18.0,
      "markDistance": 66.0,
      "passChanceDefault": 0.05249999836087227,
      "passChanceForward": 0.16220000386238098,
      "passChancePressured": 0.39590001106262207,
      "passChanceWing": 0.009999999776482582,
      "shootProgressThreshold": 0.8137999773025513,
      "tackleChance": 0.218299999833107
    },
    "sourceEpoch": 283
  },
  "session": "session-4"
}
