{
  "accepted": false,
  "candidate": {
    "parameters": {
      "forwardPassMinGain": 12.0,
      "markDistance": 63.0,
      "passChanceDefault": 0.18520000576972961,
      "passChanceForward": 0.16580000519752502,
      "passChancePressured": 0.4000000059604645,
      "passChanceWing": 0.009999999776482582,
      "shootProgressThreshold": 0.8277999758720398,
      "tackleChance": 0.20260000228881836
    }
  },
  "championEpoch": 672,
  "championParameters": {
    "forwardPassMinGain": 18.0,
    "markDistance": 63.0,
    "passChanceDefault": 0.19200000166893005,
    "passChanceForward": 0.16580000519752502,
    "passChancePressured": 0.39250001311302185,
    "passChanceWing": 0.009999999776482582,
    "shootProgressThreshold": 0.8101999759674072,
    "tackleChance": 0.20260000228881836
  },
  "createdAt": "2026-04-30T10:00:27Z",
  "epoch": 677,
  "evaluation": {
    "avgGoals": 11.26,
    "avgOutOfBounds": 0.01,
    "avgPasses": 144.05,
    "avgShots": 38.84,
    "avgTackles": 5.04,
    "baselineAvgGoals": 5.703,
    "candidateAvgGoals": 5.56,
    "candidateWon": false,
    "earlyStop": null,
    "elapsedMs": 290,
    "games": 1000,
    "gamesPerSecond": 3448.28,
    "goalDiff": -143.0,
    "maxGames": 1000,
    "passCompletionRate": 0.916,
    "tackleSuccessRate": 1.0,
    "zScore": -0.802
  },
  "gamesPerEpoch": 1000,
  "name": "epoch-677",
  "opponent": {
    "parameters": {
      "forwardPassMinGain": 18.0,
      "markDistance": 63.0,
      "passChanceDefault": 0.19200000166893005,
      "passChanceForward": 0.16580000519752502,
      "passChancePressured": 0.39250001311302185,
      "passChanceWing": 0.009999999776482582,
      "shootProgressThreshold": 0.8101999759674072,
      "tackleChance": 0.20260000228881836
    },
    "sourceEpoch": 672
  },
  "session": "session-4"
}
