{
  "accepted": true,
  "candidate": {
    "parameters": {
      "forwardPassMinGain": 18.0,
      "markDistance": 69.0,
      "passChanceDefault": 0.20000000298023224,
      "passChanceForward": 0.09390000253915787,
      "passChancePressured": 0.3955000042915344,
      "passChanceWing": 0.01679999940097332,
      "shootProgressThreshold": 0.8108000159263611,
      "tackleChance": 0.16840000450611115
    }
  },
  "championEpoch": 890,
  "championParameters": {
    "forwardPassMinGain": 18.0,
    "markDistance": 69.0,
    "passChanceDefault": 0.20000000298023224,
    "passChanceForward": 0.09390000253915787,
    "passChancePressured": 0.3955000042915344,
    "passChanceWing": 0.01679999940097332,
    "shootProgressThreshold": 0.8108000159263611,
    "tackleChance": 0.16840000450611115
  },
  "createdAt": "2026-04-30T10:01:18Z",
  "epoch": 890,
  "evaluation": {
    "avgGoals": 11.63,
    "avgOutOfBounds": 0.01,
    "avgPasses": 132.52,
    "avgShots": 38.0,
    "avgTackles": 5.78,
    "baselineAvgGoals": 5.755,
    "candidateAvgGoals": 5.875,
    "candidateWon": true,
    "earlyStop": null,
    "elapsedMs": 285,
    "games": 1000,
    "gamesPerSecond": 3508.77,
    "goalDiff": 120.0,
    "maxGames": 1000,
    "passCompletionRate": 0.911,
    "tackleSuccessRate": 1.0,
    "zScore": 0.598
  },
  "gamesPerEpoch": 1000,
  "name": "epoch-890",
  "opponent": {
    "parameters": {
      "forwardPassMinGain": 18.0,
      "markDistance": 72.0,
      "passChanceDefault": 0.20000000298023224,
      "passChanceForward": 0.09759999811649323,
      "passChancePressured": 0.3955000042915344,
      "passChanceWing": 0.009999999776482582,
      "shootProgressThreshold": 0.8108000159263611,
      "tackleChance": 0.2053000032901764
    },
    "sourceEpoch": 879
  },
  "session": "session-4"
}
