{
  "accepted": true,
  "candidate": {
    "parameters": {
      "forwardPassMinGain": 12.0,
      "markDistance": 66.0,
      "passChanceDefault": 0.09830000251531601,
      "passChanceForward": 0.06040000170469284,
      "passChancePressured": 0.38850000500679016,
      "passChanceWing": 0.019300000742077827,
      "shootProgressThreshold": 0.8162999749183655,
      "tackleChance": 0.17329999804496765
    }
  },
  "championEpoch": 61,
  "championParameters": {
    "forwardPassMinGain": 12.0,
    "markDistance": 66.0,
    "passChanceDefault": 0.09830000251531601,
    "passChanceForward": 0.06040000170469284,
    "passChancePressured": 0.38850000500679016,
    "passChanceWing": 0.019300000742077827,
    "shootProgressThreshold": 0.8162999749183655,
    "tackleChance": 0.17329999804496765
  },
  "createdAt": "2026-04-30T09:58:04Z",
  "epoch": 61,
  "evaluation": {
    "avgGoals": 10.93,
    "avgOutOfBounds": 0.0,
    "avgPasses": 139.83,
    "avgShots": 39.14,
    "avgTackles": 5.08,
    "baselineAvgGoals": 5.455,
    "candidateAvgGoals": 5.472,
    "candidateWon": true,
    "earlyStop": null,
    "elapsedMs": 298,
    "games": 1000,
    "gamesPerSecond": 3355.7,
    "goalDiff": 17.0,
    "maxGames": 1000,
    "passCompletionRate": 0.916,
    "tackleSuccessRate": 1.0,
    "zScore": 0.095
  },
  "gamesPerEpoch": 1000,
  "name": "epoch-061",
  "opponent": {
    "parameters": {
      "forwardPassMinGain": 12.0,
      "markDistance": 66.0,
      "passChanceDefault": 0.12470000237226486,
      "passChanceForward": 0.07569999992847443,
      "passChancePressured": 0.3758000135421753,
      "passChanceWing": 0.019300000742077827,
      "shootProgressThreshold": 0.8162999749183655,
      "tackleChance": 0.2199999988079071
    },
    "sourceEpoch": 59
  },
  "session": "session-4"
}
