{
  "accepted": false,
  "candidate": {
    "parameters": {
      "forwardPassMinGain": 16.0,
      "markDistance": 60.0,
      "passChanceDefault": 0.02280000038444996,
      "passChanceForward": 0.1193000003695488,
      "passChancePressured": 0.4000000059604645,
      "passChanceWing": 0.009999999776482582,
      "shootProgressThreshold": 0.8166000247001648,
      "tackleChance": 0.2199999988079071
    }
  },
  "championEpoch": 260,
  "championParameters": {
    "forwardPassMinGain": 17.0,
    "markDistance": 60.0,
    "passChanceDefault": 0.02280000038444996,
    "passChanceForward": 0.1193000003695488,
    "passChancePressured": 0.4000000059604645,
    "passChanceWing": 0.009999999776482582,
    "shootProgressThreshold": 0.8166000247001648,
    "tackleChance": 0.21240000426769257
  },
  "createdAt": "2026-04-30T09:58:52Z",
  "epoch": 266,
  "evaluation": {
    "avgGoals": 11.97,
    "avgOutOfBounds": 0.01,
    "avgPasses": 137.83,
    "avgShots": 40.04,
    "avgTackles": 5.04,
    "baselineAvgGoals": 6.071,
    "candidateAvgGoals": 5.9,
    "candidateWon": false,
    "earlyStop": null,
    "elapsedMs": 291,
    "games": 1000,
    "gamesPerSecond": 3436.43,
    "goalDiff": -171.0,
    "maxGames": 1000,
    "passCompletionRate": 0.907,
    "tackleSuccessRate": 1.0,
    "zScore": -0.971
  },
  "gamesPerEpoch": 1000,
  "name": "epoch-266",
  "opponent": {
    "parameters": {
      "forwardPassMinGain": 17.0,
      "markDistance": 60.0,
      "passChanceDefault": 0.02280000038444996,
      "passChanceForward": 0.1193000003695488,
      "passChancePressured": 0.4000000059604645,
      "passChanceWing": 0.009999999776482582,
      "shootProgressThreshold": 0.8166000247001648,
      "tackleChance": 0.21240000426769257
    },
    "sourceEpoch": 260
  },
  "session": "session-4"
}
