{
  "accepted": false,
  "candidate": {
    "parameters": {
      "forwardPassMinGain": 13.0,
      "markDistance": 73.0,
      "passChanceDefault": 0.17900000512599945,
      "passChanceForward": 0.12020000070333481,
      "passChancePressured": 0.4000000059604645,
      "passChanceWing": 0.01640000008046627,
      "shootProgressThreshold": 0.8137000203132629,
      "tackleChance": 0.2199999988079071
    }
  },
  "championEpoch": 915,
  "championParameters": {
    "forwardPassMinGain": 13.0,
    "markDistance": 68.0,
    "passChanceDefault": 0.1914999932050705,
    "passChanceForward": 0.12020000070333481,
    "passChancePressured": 0.4000000059604645,
    "passChanceWing": 0.009999999776482582,
    "shootProgressThreshold": 0.8108000159263611,
    "tackleChance": 0.2199999988079071
  },
  "createdAt": "2026-04-30T10:01:24Z",
  "epoch": 919,
  "evaluation": {
    "avgGoals": 11.55,
    "avgOutOfBounds": 0.01,
    "avgPasses": 133.62,
    "avgShots": 36.93,
    "avgTackles": 5.91,
    "baselineAvgGoals": 5.885,
    "candidateAvgGoals": 5.661,
    "candidateWon": false,
    "earlyStop": null,
    "elapsedMs": 288,
    "games": 1000,
    "gamesPerSecond": 3472.22,
    "goalDiff": -224.0,
    "maxGames": 1000,
    "passCompletionRate": 0.906,
    "tackleSuccessRate": 1.0,
    "zScore": -1.158
  },
  "gamesPerEpoch": 1000,
  "name": "epoch-919",
  "opponent": {
    "parameters": {
      "forwardPassMinGain": 13.0,
      "markDistance": 68.0,
      "passChanceDefault": 0.1914999932050705,
      "passChanceForward": 0.12020000070333481,
      "passChancePressured": 0.4000000059604645,
      "passChanceWing": 0.009999999776482582,
      "shootProgressThreshold": 0.8108000159263611,
      "tackleChance": 0.2199999988079071
    },
    "sourceEpoch": 915
  },
  "session": "session-4"
}
