{
  "accepted": false,
  "candidate": {
    "parameters": {
      "forwardPassMinGain": 13.0,
      "markDistance": 75.0,
      "passChanceDefault": 0.11140000075101852,
      "passChanceForward": 0.12210000306367874,
      "passChancePressured": 0.4000000059604645,
      "passChanceWing": 0.009999999776482582,
      "shootProgressThreshold": 0.7829999923706055,
      "tackleChance": 0.2199999988079071
    }
  },
  "championEpoch": 87,
  "championParameters": {
    "forwardPassMinGain": 12.0,
    "markDistance": 71.0,
    "passChanceDefault": 0.11140000075101852,
    "passChanceForward": 0.12210000306367874,
    "passChancePressured": 0.4000000059604645,
    "passChanceWing": 0.009999999776482582,
    "shootProgressThreshold": 0.8036999702453613,
    "tackleChance": 0.2199999988079071
  },
  "createdAt": "2026-04-30T09:58:11Z",
  "epoch": 89,
  "evaluation": {
    "avgGoals": 4.63,
    "avgOutOfBounds": 0.01,
    "avgPasses": 106.32,
    "avgShots": 112.44,
    "avgTackles": 3.26,
    "baselineAvgGoals": 3.2,
    "candidateAvgGoals": 1.43,
    "candidateWon": false,
    "earlyStop": "worse",
    "elapsedMs": 32,
    "games": 100,
    "gamesPerSecond": 3125.0,
    "goalDiff": -177.0,
    "maxGames": 1000,
    "passCompletionRate": 0.949,
    "tackleSuccessRate": 1.0,
    "zScore": -5.145
  },
  "gamesPerEpoch": 1000,
  "name": "epoch-089",
  "opponent": {
    "parameters": {
      "forwardPassMinGain": 12.0,
      "markDistance": 71.0,
      "passChanceDefault": 0.11140000075101852,
      "passChanceForward": 0.12210000306367874,
      "passChancePressured": 0.4000000059604645,
      "passChanceWing": 0.009999999776482582,
      "shootProgressThreshold": 0.8036999702453613,
      "tackleChance": 0.2199999988079071
    },
    "sourceEpoch": 87
  },
  "session": "session-4"
}
