{
  "accepted": false,
  "candidate": {
    "parameters": {
      "forwardPassMinGain": 13.0,
      "markDistance": 61.0,
      "passChanceDefault": 0.014999999664723873,
      "passChanceForward": 0.16869999468326569,
      "passChancePressured": 0.37940001487731934,
      "passChanceWing": 0.009999999776482582,
      "shootProgressThreshold": 0.8141999840736389,
      "tackleChance": 0.21780000627040863
    }
  },
  "championEpoch": 419,
  "championParameters": {
    "forwardPassMinGain": 13.0,
    "markDistance": 61.0,
    "passChanceDefault": 0.004999999888241291,
    "passChanceForward": 0.18000000715255737,
    "passChancePressured": 0.37299999594688416,
    "passChanceWing": 0.010499999858438969,
    "shootProgressThreshold": 0.8141999840736389,
    "tackleChance": 0.2199999988079071
  },
  "createdAt": "2026-04-30T09:59:27Z",
  "epoch": 421,
  "evaluation": {
    "avgGoals": 12.17,
    "avgOutOfBounds": 0.01,
    "avgPasses": 137.61,
    "avgShots": 38.25,
    "avgTackles": 5.26,
    "baselineAvgGoals": 6.093,
    "candidateAvgGoals": 6.072,
    "candidateWon": false,
    "earlyStop": null,
    "elapsedMs": 300,
    "games": 1000,
    "gamesPerSecond": 3333.33,
    "goalDiff": -21.0,
    "maxGames": 1000,
    "passCompletionRate": 0.904,
    "tackleSuccessRate": 1.0,
    "zScore": -0.115
  },
  "gamesPerEpoch": 1000,
  "name": "epoch-421",
  "opponent": {
    "parameters": {
      "forwardPassMinGain": 13.0,
      "markDistance": 61.0,
      "passChanceDefault": 0.004999999888241291,
      "passChanceForward": 0.18000000715255737,
      "passChancePressured": 0.37299999594688416,
      "passChanceWing": 0.010499999858438969,
      "shootProgressThreshold": 0.8141999840736389,
      "tackleChance": 0.2199999988079071
    },
    "sourceEpoch": 419
  },
  "session": "session-4"
}
