{
  "accepted": false,
  "candidate": {
    "parameters": {
      "forwardPassMinGain": 13.0,
      "markDistance": 63.0,
      "passChanceDefault": 0.18170000612735748,
      "passChanceForward": 0.13539999723434448,
      "passChancePressured": 0.4000000059604645,
      "passChanceWing": 0.009999999776482582,
      "shootProgressThreshold": 0.7846999764442444,
      "tackleChance": 0.16179999709129333
    }
  },
  "championEpoch": 848,
  "championParameters": {
    "forwardPassMinGain": 14.0,
    "markDistance": 63.0,
    "passChanceDefault": 0.18170000612735748,
    "passChanceForward": 0.13539999723434448,
    "passChancePressured": 0.4000000059604645,
    "passChanceWing": 0.009999999776482582,
    "shootProgressThreshold": 0.8159999847412109,
    "tackleChance": 0.15559999644756317
  },
  "createdAt": "2026-04-30T10:01:08Z",
  "epoch": 849,
  "evaluation": {
    "avgGoals": 4.96,
    "avgOutOfBounds": 0.02,
    "avgPasses": 115.96,
    "avgShots": 110.09,
    "avgTackles": 2.62,
    "baselineAvgGoals": 3.12,
    "candidateAvgGoals": 1.84,
    "candidateWon": false,
    "earlyStop": "worse",
    "elapsedMs": 33,
    "games": 100,
    "gamesPerSecond": 3030.3,
    "goalDiff": -128.0,
    "maxGames": 1000,
    "passCompletionRate": 0.957,
    "tackleSuccessRate": 1.0,
    "zScore": -3.819
  },
  "gamesPerEpoch": 1000,
  "name": "epoch-849",
  "opponent": {
    "parameters": {
      "forwardPassMinGain": 14.0,
      "markDistance": 63.0,
      "passChanceDefault": 0.18170000612735748,
      "passChanceForward": 0.13539999723434448,
      "passChancePressured": 0.4000000059604645,
      "passChanceWing": 0.009999999776482582,
      "shootProgressThreshold": 0.8159999847412109,
      "tackleChance": 0.15559999644756317
    },
    "sourceEpoch": 848
  },
  "session": "session-4"
}
