{
  "accepted": false,
  "candidate": {
    "parameters": {
      "forwardPassMinGain": 17.0,
      "markDistance": 66.0,
      "passChanceDefault": 0.15070000290870667,
      "passChanceForward": 0.17579999566078186,
      "passChancePressured": 0.3747999966144562,
      "passChanceWing": 0.009999999776482582,
      "shootProgressThreshold": 0.8314999938011169,
      "tackleChance": 0.2199999988079071
    }
  },
  "championEpoch": 719,
  "championParameters": {
    "forwardPassMinGain": 14.0,
    "markDistance": 64.0,
    "passChanceDefault": 0.15070000290870667,
    "passChanceForward": 0.1679999977350235,
    "passChancePressured": 0.3747999966144562,
    "passChanceWing": 0.009999999776482582,
    "shootProgressThreshold": 0.8173999786376953,
    "tackleChance": 0.18490000069141388
  },
  "createdAt": "2026-04-30T10:00:38Z",
  "epoch": 720,
  "evaluation": {
    "avgGoals": 11.25,
    "avgOutOfBounds": 0.0,
    "avgPasses": 138.85,
    "avgShots": 39.92,
    "avgTackles": 5.15,
    "baselineAvgGoals": 5.739,
    "candidateAvgGoals": 5.506,
    "candidateWon": false,
    "earlyStop": null,
    "elapsedMs": 296,
    "games": 1000,
    "gamesPerSecond": 3378.38,
    "goalDiff": -233.0,
    "maxGames": 1000,
    "passCompletionRate": 0.913,
    "tackleSuccessRate": 1.0,
    "zScore": -1.281
  },
  "gamesPerEpoch": 1000,
  "name": "epoch-720",
  "opponent": {
    "parameters": {
      "forwardPassMinGain": 14.0,
      "markDistance": 64.0,
      "passChanceDefault": 0.15070000290870667,
      "passChanceForward": 0.1679999977350235,
      "passChancePressured": 0.3747999966144562,
      "passChanceWing": 0.009999999776482582,
      "shootProgressThreshold": 0.8173999786376953,
      "tackleChance": 0.18490000069141388
    },
    "sourceEpoch": 719
  },
  "session": "session-4"
}
