{
  "accepted": false,
  "candidate": {
    "parameters": {
      "forwardPassMinGain": 7.0,
      "markDistance": 68.0,
      "passChanceDefault": 0.07660000026226044,
      "passChanceForward": 0.14820000529289246,
      "passChancePressured": 0.4000000059604645,
      "passChanceWing": 0.03689999878406525,
      "shootProgressThreshold": 0.8145999908447266,
      "tackleChance": 0.19660000503063202
    }
  },
  "championEpoch": 110,
  "championParameters": {
    "forwardPassMinGain": 9.0,
    "markDistance": 68.0,
    "passChanceDefault": 0.08370000123977661,
    "passChanceForward": 0.14820000529289246,
    "passChancePressured": 0.3846000134944916,
    "passChanceWing": 0.009999999776482582,
    "shootProgressThreshold": 0.8145999908447266,
    "tackleChance": 0.19660000503063202
  },
  "createdAt": "2026-04-30T09:58:17Z",
  "epoch": 115,
  "evaluation": {
    "avgGoals": 11.18,
    "avgOutOfBounds": 0.01,
    "avgPasses": 141.6,
    "avgShots": 35.39,
    "avgTackles": 5.36,
    "baselineAvgGoals": 5.706,
    "candidateAvgGoals": 5.475,
    "candidateWon": false,
    "earlyStop": null,
    "elapsedMs": 284,
    "games": 1000,
    "gamesPerSecond": 3521.13,
    "goalDiff": -231.0,
    "maxGames": 1000,
    "passCompletionRate": 0.916,
    "tackleSuccessRate": 1.0,
    "zScore": -1.223
  },
  "gamesPerEpoch": 1000,
  "name": "epoch-115",
  "opponent": {
    "parameters": {
      "forwardPassMinGain": 9.0,
      "markDistance": 68.0,
      "passChanceDefault": 0.08370000123977661,
      "passChanceForward": 0.14820000529289246,
      "passChancePressured": 0.3846000134944916,
      "passChanceWing": 0.009999999776482582,
      "shootProgressThreshold": 0.8145999908447266,
      "tackleChance": 0.19660000503063202
    },
    "sourceEpoch": 110
  },
  "session": "session-4"
}
