{
  "accepted": false,
  "candidate": {
    "parameters": {
      "forwardPassMinGain": 18.0,
      "markDistance": 60.0,
      "passChanceDefault": 0.09269999712705612,
      "passChanceForward": 0.12559999525547028,
      "passChancePressured": 0.38999998569488525,
      "passChanceWing": 0.009999999776482582,
      "shootProgressThreshold": 0.8152999877929688,
      "tackleChance": 0.1445000022649765
    }
  },
  "championEpoch": 597,
  "championParameters": {
    "forwardPassMinGain": 18.0,
    "markDistance": 66.0,
    "passChanceDefault": 0.09000000357627869,
    "passChanceForward": 0.1543000042438507,
    "passChancePressured": 0.38999998569488525,
    "passChanceWing": 0.009999999776482582,
    "shootProgressThreshold": 0.8152999877929688,
    "tackleChance": 0.15150000154972076
  },
  "createdAt": "2026-04-30T10:00:08Z",
  "epoch": 598,
  "evaluation": {
    "avgGoals": 11.95,
    "avgOutOfBounds": 0.0,
    "avgPasses": 138.27,
    "avgShots": 38.95,
    "avgTackles": 5.08,
    "baselineAvgGoals": 6.098,
    "candidateAvgGoals": 5.85,
    "candidateWon": false,
    "earlyStop": null,
    "elapsedMs": 289,
    "games": 1000,
    "gamesPerSecond": 3460.21,
    "goalDiff": -248.0,
    "maxGames": 1000,
    "passCompletionRate": 0.911,
    "tackleSuccessRate": 1.0,
    "zScore": -1.304
  },
  "gamesPerEpoch": 1000,
  "name": "epoch-598",
  "opponent": {
    "parameters": {
      "forwardPassMinGain": 18.0,
      "markDistance": 66.0,
      "passChanceDefault": 0.09000000357627869,
      "passChanceForward": 0.1543000042438507,
      "passChancePressured": 0.38999998569488525,
      "passChanceWing": 0.009999999776482582,
      "shootProgressThreshold": 0.8152999877929688,
      "tackleChance": 0.15150000154972076
    },
    "sourceEpoch": 597
  },
  "session": "session-4"
}
