{
  "accepted": false,
  "candidate": {
    "parameters": {
      "forwardPassMinGain": 13.0,
      "markDistance": 70.0,
      "passChanceDefault": 0.004999999888241291,
      "passChanceForward": 0.1331000030040741,
      "passChancePressured": 0.4000000059604645,
      "passChanceWing": 0.009999999776482582,
      "shootProgressThreshold": 0.8219000101089478,
      "tackleChance": 0.17419999837875366
    }
  },
  "championEpoch": 247,
  "championParameters": {
    "forwardPassMinGain": 16.0,
    "markDistance": 66.0,
    "passChanceDefault": 0.004999999888241291,
    "passChanceForward": 0.13490000367164612,
    "passChancePressured": 0.4000000059604645,
    "passChanceWing": 0.009999999776482582,
    "shootProgressThreshold": 0.8166000247001648,
    "tackleChance": 0.20419999957084656
  },
  "createdAt": "2026-04-30T09:58:49Z",
  "epoch": 252,
  "evaluation": {
    "avgGoals": 11.84,
    "avgOutOfBounds": 0.02,
    "avgPasses": 126.5,
    "avgShots": 40.23,
    "avgTackles": 5.76,
    "baselineAvgGoals": 6.019,
    "candidateAvgGoals": 5.82,
    "candidateWon": false,
    "earlyStop": null,
    "elapsedMs": 281,
    "games": 1000,
    "gamesPerSecond": 3558.72,
    "goalDiff": -199.0,
    "maxGames": 1000,
    "passCompletionRate": 0.901,
    "tackleSuccessRate": 1.0,
    "zScore": -0.998
  },
  "gamesPerEpoch": 1000,
  "name": "epoch-252",
  "opponent": {
    "parameters": {
      "forwardPassMinGain": 16.0,
      "markDistance": 66.0,
      "passChanceDefault": 0.004999999888241291,
      "passChanceForward": 0.13490000367164612,
      "passChancePressured": 0.4000000059604645,
      "passChanceWing": 0.009999999776482582,
      "shootProgressThreshold": 0.8166000247001648,
      "tackleChance": 0.20419999957084656
    },
    "sourceEpoch": 247
  },
  "session": "session-4"
}
