{
  "accepted": false,
  "candidate": {
    "parameters": {
      "forwardPassMinGain": 14.0,
      "markDistance": 71.0,
      "passChanceDefault": 0.06319999694824219,
      "passChanceForward": 0.12229999899864197,
      "passChancePressured": 0.3628999888896942,
      "passChanceWing": 0.009999999776482582,
      "shootProgressThreshold": 0.8165000081062317,
      "tackleChance": 0.2199999988079071
    }
  },
  "championEpoch": 212,
  "championParameters": {
    "forwardPassMinGain": 16.0,
    "markDistance": 70.0,
    "passChanceDefault": 0.053199999034404755,
    "passChanceForward": 0.12229999899864197,
    "passChancePressured": 0.3635999858379364,
    "passChanceWing": 0.009999999776482582,
    "shootProgressThreshold": 0.8165000081062317,
    "tackleChance": 0.2199999988079071
  },
  "createdAt": "2026-04-30T09:58:41Z",
  "epoch": 216,
  "evaluation": {
    "avgGoals": 11.9,
    "avgOutOfBounds": 0.01,
    "avgPasses": 125.77,
    "avgShots": 39.48,
    "avgTackles": 6.01,
    "baselineAvgGoals": 5.999,
    "candidateAvgGoals": 5.897,
    "candidateWon": false,
    "earlyStop": null,
    "elapsedMs": 282,
    "games": 1000,
    "gamesPerSecond": 3546.1,
    "goalDiff": -102.0,
    "maxGames": 1000,
    "passCompletionRate": 0.899,
    "tackleSuccessRate": 1.0,
    "zScore": -0.505
  },
  "gamesPerEpoch": 1000,
  "name": "epoch-216",
  "opponent": {
    "parameters": {
      "forwardPassMinGain": 16.0,
      "markDistance": 70.0,
      "passChanceDefault": 0.053199999034404755,
      "passChanceForward": 0.12229999899864197,
      "passChancePressured": 0.3635999858379364,
      "passChanceWing": 0.009999999776482582,
      "shootProgressThreshold": 0.8165000081062317,
      "tackleChance": 0.2199999988079071
    },
    "sourceEpoch": 212
  },
  "session": "session-4"
}
