{
  "accepted": true,
  "candidate": {
    "parameters": {
      "forwardPassMinGain": 14.0,
      "markDistance": 60.0,
      "passChanceDefault": 0.004999999888241291,
      "passChanceForward": 0.18000000715255737,
      "passChancePressured": 0.37299999594688416,
      "passChanceWing": 0.010499999858438969,
      "shootProgressThreshold": 0.8141999840736389,
      "tackleChance": 0.2142000049352646
    }
  },
  "championEpoch": 403,
  "championParameters": {
    "forwardPassMinGain": 14.0,
    "markDistance": 60.0,
    "passChanceDefault": 0.004999999888241291,
    "passChanceForward": 0.18000000715255737,
    "passChancePressured": 0.37299999594688416,
    "passChanceWing": 0.010499999858438969,
    "shootProgressThreshold": 0.8141999840736389,
    "tackleChance": 0.2142000049352646
  },
  "createdAt": "2026-04-30T09:59:23Z",
  "epoch": 403,
  "evaluation": {
    "avgGoals": 12.23,
    "avgOutOfBounds": 0.01,
    "avgPasses": 134.76,
    "avgShots": 38.41,
    "avgTackles": 5.49,
    "baselineAvgGoals": 6.01,
    "candidateAvgGoals": 6.217,
    "candidateWon": true,
    "earlyStop": null,
    "elapsedMs": 288,
    "games": 1000,
    "gamesPerSecond": 3472.22,
    "goalDiff": 207.0,
    "maxGames": 1000,
    "passCompletionRate": 0.904,
    "tackleSuccessRate": 1.0,
    "zScore": 1.091
  },
  "gamesPerEpoch": 1000,
  "name": "epoch-403",
  "opponent": {
    "parameters": {
      "forwardPassMinGain": 14.0,
      "markDistance": 65.0,
      "passChanceDefault": 0.004999999888241291,
      "passChanceForward": 0.18000000715255737,
      "passChancePressured": 0.4000000059604645,
      "passChanceWing": 0.010499999858438969,
      "shootProgressThreshold": 0.8141999840736389,
      "tackleChance": 0.2142000049352646
    },
    "sourceEpoch": 398
  },
  "session": "session-4"
}
