{
  "accepted": false,
  "candidate": {
    "parameters": {
      "forwardPassMinGain": 17.0,
      "markDistance": 56.0,
      "passChanceDefault": 0.10029999911785126,
      "passChanceForward": 0.13349999487400055,
      "passChancePressured": 0.32910001277923584,
      "passChanceWing": 0.009999999776482582,
      "shootProgressThreshold": 0.8205999732017517,
      "tackleChance": 0.1995999962091446
    }
  },
  "championEpoch": 204,
  "championParameters": {
    "forwardPassMinGain": 17.0,
    "markDistance": 64.0,
    "passChanceDefault": 0.10029999911785126,
    "passChanceForward": 0.13349999487400055,
    "passChancePressured": 0.3718999922275543,
    "passChanceWing": 0.009999999776482582,
    "shootProgressThreshold": 0.8205999732017517,
    "tackleChance": 0.1995999962091446
  },
  "createdAt": "2026-04-30T09:58:38Z",
  "epoch": 207,
  "evaluation": {
    "avgGoals": 11.54,
    "avgOutOfBounds": 0.0,
    "avgPasses": 141.89,
    "avgShots": 39.88,
    "avgTackles": 5.0,
    "baselineAvgGoals": 5.92,
    "candidateAvgGoals": 5.619,
    "candidateWon": false,
    "earlyStop": null,
    "elapsedMs": 295,
    "games": 1000,
    "gamesPerSecond": 3389.83,
    "goalDiff": -301.0,
    "maxGames": 1000,
    "passCompletionRate": 0.909,
    "tackleSuccessRate": 1.0,
    "zScore": -1.816
  },
  "gamesPerEpoch": 1000,
  "name": "epoch-207",
  "opponent": {
    "parameters": {
      "forwardPassMinGain": 17.0,
      "markDistance": 64.0,
      "passChanceDefault": 0.10029999911785126,
      "passChanceForward": 0.13349999487400055,
      "passChancePressured": 0.3718999922275543,
      "passChanceWing": 0.009999999776482582,
      "shootProgressThreshold": 0.8205999732017517,
      "tackleChance": 0.1995999962091446
    },
    "sourceEpoch": 204
  },
  "session": "session-4"
}
