{
  "accepted": false,
  "candidate": {
    "parameters": {
      "forwardPassMinGain": 18.0,
      "markDistance": 74.0,
      "passChanceDefault": 0.004999999888241291,
      "passChanceForward": 0.15029999613761902,
      "passChancePressured": 0.4000000059604645,
      "passChanceWing": 0.011800000444054604,
      "shootProgressThreshold": 0.8174999952316284,
      "tackleChance": 0.21379999816417694
    }
  },
  "championEpoch": 443,
  "championParameters": {
    "forwardPassMinGain": 18.0,
    "markDistance": 68.0,
    "passChanceDefault": 0.02879999950528145,
    "passChanceForward": 0.1687999963760376,
    "passChancePressured": 0.4000000059604645,
    "passChanceWing": 0.011800000444054604,
    "shootProgressThreshold": 0.8174999952316284,
    "tackleChance": 0.21379999816417694
  },
  "createdAt": "2026-04-30T09:59:36Z",
  "epoch": 458,
  "evaluation": {
    "avgGoals": 12.09,
    "avgOutOfBounds": 0.01,
    "avgPasses": 123.49,
    "avgShots": 39.44,
    "avgTackles": 6.15,
    "baselineAvgGoals": 6.241,
    "candidateAvgGoals": 5.848,
    "candidateWon": false,
    "earlyStop": null,
    "elapsedMs": 283,
    "games": 1000,
    "gamesPerSecond": 3533.57,
    "goalDiff": -393.0,
    "maxGames": 1000,
    "passCompletionRate": 0.897,
    "tackleSuccessRate": 1.0,
    "zScore": -1.941
  },
  "gamesPerEpoch": 1000,
  "name": "epoch-458",
  "opponent": {
    "parameters": {
      "forwardPassMinGain": 18.0,
      "markDistance": 68.0,
      "passChanceDefault": 0.02879999950528145,
      "passChanceForward": 0.1687999963760376,
      "passChancePressured": 0.4000000059604645,
      "passChanceWing": 0.011800000444054604,
      "shootProgressThreshold": 0.8174999952316284,
      "tackleChance": 0.21379999816417694
    },
    "sourceEpoch": 443
  },
  "session": "session-4"
}
