{
  "accepted": false,
  "candidate": {
    "parameters": {
      "forwardPassMinGain": 9.0,
      "markDistance": 73.0,
      "passChanceDefault": 0.11559999734163284,
      "passChanceForward": 0.12210000306367874,
      "passChancePressured": 0.4000000059604645,
      "passChanceWing": 0.0414000004529953,
      "shootProgressThreshold": 0.8036999702453613,
      "tackleChance": 0.20010000467300415
    }
  },
  "championEpoch": 93,
  "championParameters": {
    "forwardPassMinGain": 12.0,
    "markDistance": 73.0,
    "passChanceDefault": 0.11140000075101852,
    "passChanceForward": 0.12210000306367874,
    "passChancePressured": 0.4000000059604645,
    "passChanceWing": 0.009999999776482582,
    "shootProgressThreshold": 0.8036999702453613,
    "tackleChance": 0.2199999988079071
  },
  "createdAt": "2026-04-30T09:58:12Z",
  "epoch": 96,
  "evaluation": {
    "avgGoals": 10.99,
    "avgOutOfBounds": 0.02,
    "avgPasses": 134.81,
    "avgShots": 37.03,
    "avgTackles": 6.36,
    "baselineAvgGoals": 5.581,
    "candidateAvgGoals": 5.404,
    "candidateWon": false,
    "earlyStop": null,
    "elapsedMs": 280,
    "games": 1000,
    "gamesPerSecond": 3571.43,
    "goalDiff": -177.0,
    "maxGames": 1000,
    "passCompletionRate": 0.917,
    "tackleSuccessRate": 1.0,
    "zScore": -0.915
  },
  "gamesPerEpoch": 1000,
  "name": "epoch-096",
  "opponent": {
    "parameters": {
      "forwardPassMinGain": 12.0,
      "markDistance": 73.0,
      "passChanceDefault": 0.11140000075101852,
      "passChanceForward": 0.12210000306367874,
      "passChancePressured": 0.4000000059604645,
      "passChanceWing": 0.009999999776482582,
      "shootProgressThreshold": 0.8036999702453613,
      "tackleChance": 0.2199999988079071
    },
    "sourceEpoch": 93
  },
  "session": "session-4"
}
