{
  "accepted": false,
  "candidate": {
    "parameters": {
      "forwardPassMinGain": 18.0,
      "markDistance": 76.0,
      "passChanceDefault": 0.010999999940395355,
      "passChanceForward": 0.09470000118017197,
      "passChancePressured": 0.37290000915527344,
      "passChanceWing": 0.009999999776482582,
      "shootProgressThreshold": 0.7675999999046326,
      "tackleChance": 0.19169999659061432
    }
  },
  "championEpoch": 244,
  "championParameters": {
    "forwardPassMinGain": 16.0,
    "markDistance": 66.0,
    "passChanceDefault": 0.02160000056028366,
    "passChanceForward": 0.12240000069141388,
    "passChancePressured": 0.4000000059604645,
    "passChanceWing": 0.009999999776482582,
    "shootProgressThreshold": 0.8166000247001648,
    "tackleChance": 0.21310000121593475
  },
  "createdAt": "2026-04-30T09:58:47Z",
  "epoch": 246,
  "evaluation": {
    "avgGoals": 3.92,
    "avgOutOfBounds": 0.0,
    "avgPasses": 102.83,
    "avgShots": 117.54,
    "avgTackles": 3.19,
    "baselineAvgGoals": 2.86,
    "candidateAvgGoals": 1.06,
    "candidateWon": false,
    "earlyStop": "worse",
    "elapsedMs": 30,
    "games": 100,
    "gamesPerSecond": 3333.33,
    "goalDiff": -180.0,
    "maxGames": 1000,
    "passCompletionRate": 0.96,
    "tackleSuccessRate": 1.0,
    "zScore": -5.532
  },
  "gamesPerEpoch": 1000,
  "name": "epoch-246",
  "opponent": {
    "parameters": {
      "forwardPassMinGain": 16.0,
      "markDistance": 66.0,
      "passChanceDefault": 0.02160000056028366,
      "passChanceForward": 0.12240000069141388,
      "passChancePressured": 0.4000000059604645,
      "passChanceWing": 0.009999999776482582,
      "shootProgressThreshold": 0.8166000247001648,
      "tackleChance": 0.21310000121593475
    },
    "sourceEpoch": 244
  },
  "session": "session-4"
}
