{
  "accepted": false,
  "candidate": {
    "parameters": {
      "forwardPassMinGain": 14.0,
      "markDistance": 66.0,
      "passChanceDefault": 0.15070000290870667,
      "passChanceForward": 0.14270000159740448,
      "passChancePressured": 0.3515999913215637,
      "passChanceWing": 0.06040000170469284,
      "shootProgressThreshold": 0.8173999786376953,
      "tackleChance": 0.18490000069141388
    }
  },
  "championEpoch": 719,
  "championParameters": {
    "forwardPassMinGain": 14.0,
    "markDistance": 64.0,
    "passChanceDefault": 0.15070000290870667,
    "passChanceForward": 0.1679999977350235,
    "passChancePressured": 0.3747999966144562,
    "passChanceWing": 0.009999999776482582,
    "shootProgressThreshold": 0.8173999786376953,
    "tackleChance": 0.18490000069141388
  },
  "createdAt": "2026-04-30T10:00:38Z",
  "epoch": 722,
  "evaluation": {
    "avgGoals": 10.65,
    "avgOutOfBounds": 0.0,
    "avgPasses": 153.72,
    "avgShots": 34.18,
    "avgTackles": 4.77,
    "baselineAvgGoals": 5.435,
    "candidateAvgGoals": 5.214,
    "candidateWon": false,
    "earlyStop": null,
    "elapsedMs": 288,
    "games": 1000,
    "gamesPerSecond": 3472.22,
    "goalDiff": -221.0,
    "maxGames": 1000,
    "passCompletionRate": 0.924,
    "tackleSuccessRate": 1.0,
    "zScore": -1.241
  },
  "gamesPerEpoch": 1000,
  "name": "epoch-722",
  "opponent": {
    "parameters": {
      "forwardPassMinGain": 14.0,
      "markDistance": 64.0,
      "passChanceDefault": 0.15070000290870667,
      "passChanceForward": 0.1679999977350235,
      "passChancePressured": 0.3747999966144562,
      "passChanceWing": 0.009999999776482582,
      "shootProgressThreshold": 0.8173999786376953,
      "tackleChance": 0.18490000069141388
    },
    "sourceEpoch": 719
  },
  "session": "session-4"
}
