{
  "accepted": false,
  "candidate": {
    "parameters": {
      "forwardPassMinGain": 14.0,
      "markDistance": 66.0,
      "passChanceDefault": 0.08720000088214874,
      "passChanceForward": 0.06040000170469284,
      "passChancePressured": 0.4000000059604645,
      "passChanceWing": 0.05770000070333481,
      "shootProgressThreshold": 0.8162999749183655,
      "tackleChance": 0.17260000109672546
    }
  },
  "championEpoch": 64,
  "championParameters": {
    "forwardPassMinGain": 15.0,
    "markDistance": 66.0,
    "passChanceDefault": 0.09740000218153,
    "passChanceForward": 0.06040000170469284,
    "passChancePressured": 0.4000000059604645,
    "passChanceWing": 0.009999999776482582,
    "shootProgressThreshold": 0.8162999749183655,
    "tackleChance": 0.17329999804496765
  },
  "createdAt": "2026-04-30T09:58:06Z",
  "epoch": 66,
  "evaluation": {
    "avgGoals": 10.55,
    "avgOutOfBounds": 0.0,
    "avgPasses": 145.8,
    "avgShots": 38.06,
    "avgTackles": 4.73,
    "baselineAvgGoals": 5.335,
    "candidateAvgGoals": 5.215,
    "candidateWon": false,
    "earlyStop": null,
    "elapsedMs": 320,
    "games": 1000,
    "gamesPerSecond": 3125.0,
    "goalDiff": -120.0,
    "maxGames": 1000,
    "passCompletionRate": 0.923,
    "tackleSuccessRate": 1.0,
    "zScore": -0.662
  },
  "gamesPerEpoch": 1000,
  "name": "epoch-066",
  "opponent": {
    "parameters": {
      "forwardPassMinGain": 15.0,
      "markDistance": 66.0,
      "passChanceDefault": 0.09740000218153,
      "passChanceForward": 0.06040000170469284,
      "passChancePressured": 0.4000000059604645,
      "passChanceWing": 0.009999999776482582,
      "shootProgressThreshold": 0.8162999749183655,
      "tackleChance": 0.17329999804496765
    },
    "sourceEpoch": 64
  },
  "session": "session-4"
}
