{
  "accepted": false,
  "candidate": {
    "parameters": {
      "forwardPassMinGain": 17.0,
      "markDistance": 68.0,
      "passChanceDefault": 0.11749999970197678,
      "passChanceForward": 0.12189999967813492,
      "passChancePressured": 0.3808000087738037,
      "passChanceWing": 0.009999999776482582,
      "shootProgressThreshold": 0.8359000086784363,
      "tackleChance": 0.19210000336170197
    }
  },
  "championEpoch": 970,
  "championParameters": {
    "forwardPassMinGain": 17.0,
    "markDistance": 66.0,
    "passChanceDefault": 0.12549999356269836,
    "passChanceForward": 0.11720000207424164,
    "passChancePressured": 0.3828999996185303,
    "passChanceWing": 0.009999999776482582,
    "shootProgressThreshold": 0.8101999759674072,
    "tackleChance": 0.21080000698566437
  },
  "createdAt": "2026-04-30T10:01:36Z",
  "epoch": 974,
  "evaluation": {
    "avgGoals": 11.13,
    "avgOutOfBounds": 0.01,
    "avgPasses": 133.32,
    "avgShots": 41.58,
    "avgTackles": 5.59,
    "baselineAvgGoals": 5.729,
    "candidateAvgGoals": 5.398,
    "candidateWon": false,
    "earlyStop": null,
    "elapsedMs": 287,
    "games": 1000,
    "gamesPerSecond": 3484.32,
    "goalDiff": -331.0,
    "maxGames": 1000,
    "passCompletionRate": 0.909,
    "tackleSuccessRate": 1.0,
    "zScore": -1.794
  },
  "gamesPerEpoch": 1000,
  "name": "epoch-974",
  "opponent": {
    "parameters": {
      "forwardPassMinGain": 17.0,
      "markDistance": 66.0,
      "passChanceDefault": 0.12549999356269836,
      "passChanceForward": 0.11720000207424164,
      "passChancePressured": 0.3828999996185303,
      "passChanceWing": 0.009999999776482582,
      "shootProgressThreshold": 0.8101999759674072,
      "tackleChance": 0.21080000698566437
    },
    "sourceEpoch": 970
  },
  "session": "session-4"
}
