{
  "accepted": true,
  "candidate": {
    "parameters": {
      "forwardPassMinGain": 18.0,
      "markDistance": 66.0,
      "passChanceDefault": 0.05249999836087227,
      "passChanceForward": 0.16220000386238098,
      "passChancePressured": 0.39590001106262207,
      "passChanceWing": 0.009999999776482582,
      "shootProgressThreshold": 0.8137999773025513,
      "tackleChance": 0.218299999833107
    }
  },
  "championEpoch": 283,
  "championParameters": {
    "forwardPassMinGain": 18.0,
    "markDistance": 66.0,
    "passChanceDefault": 0.05249999836087227,
    "passChanceForward": 0.16220000386238098,
    "passChancePressured": 0.39590001106262207,
    "passChanceWing": 0.009999999776482582,
    "shootProgressThreshold": 0.8137999773025513,
    "tackleChance": 0.218299999833107
  },
  "createdAt": "2026-04-30T09:58:56Z",
  "epoch": 283,
  "evaluation": {
    "avgGoals": 12.2,
    "avgOutOfBounds": 0.01,
    "avgPasses": 132.6,
    "avgShots": 38.22,
    "avgTackles": 5.52,
    "baselineAvgGoals": 6.027,
    "candidateAvgGoals": 6.177,
    "candidateWon": true,
    "earlyStop": null,
    "elapsedMs": 286,
    "games": 1000,
    "gamesPerSecond": 3496.5,
    "goalDiff": 150.0,
    "maxGames": 1000,
    "passCompletionRate": 0.906,
    "tackleSuccessRate": 1.0,
    "zScore": 0.735
  },
  "gamesPerEpoch": 1000,
  "name": "epoch-283",
  "opponent": {
    "parameters": {
      "forwardPassMinGain": 18.0,
      "markDistance": 66.0,
      "passChanceDefault": 0.05249999836087227,
      "passChanceForward": 0.16220000386238098,
      "passChancePressured": 0.4000000059604645,
      "passChanceWing": 0.010700000450015068,
      "shootProgressThreshold": 0.8137999773025513,
      "tackleChance": 0.20559999346733093
    },
    "sourceEpoch": 280
  },
  "session": "session-4"
}
