{
  "accepted": false,
  "candidate": {
    "parameters": {
      "forwardPassMinGain": 12.0,
      "markDistance": 66.0,
      "passChanceDefault": 0.005100000184029341,
      "passChanceForward": 0.16380000114440918,
      "passChancePressured": 0.39590001106262207,
      "passChanceWing": 0.009999999776482582,
      "shootProgressThreshold": 0.7879999876022339,
      "tackleChance": 0.2199999988079071
    }
  },
  "championEpoch": 356,
  "championParameters": {
    "forwardPassMinGain": 14.0,
    "markDistance": 61.0,
    "passChanceDefault": 0.005100000184029341,
    "passChanceForward": 0.16380000114440918,
    "passChancePressured": 0.3912999927997589,
    "passChanceWing": 0.009999999776482582,
    "shootProgressThreshold": 0.8141999840736389,
    "tackleChance": 0.2199999988079071
  },
  "createdAt": "2026-04-30T09:59:14Z",
  "epoch": 364,
  "evaluation": {
    "avgGoals": 7.04,
    "avgOutOfBounds": 0.0,
    "avgPasses": 117.68,
    "avgShots": 91.12,
    "avgTackles": 4.05,
    "baselineAvgGoals": 4.16,
    "candidateAvgGoals": 2.88,
    "candidateWon": false,
    "earlyStop": "worse",
    "elapsedMs": 30,
    "games": 100,
    "gamesPerSecond": 3333.33,
    "goalDiff": -128.0,
    "maxGames": 1000,
    "passCompletionRate": 0.938,
    "tackleSuccessRate": 1.0,
    "zScore": -3.139
  },
  "gamesPerEpoch": 1000,
  "name": "epoch-364",
  "opponent": {
    "parameters": {
      "forwardPassMinGain": 14.0,
      "markDistance": 61.0,
      "passChanceDefault": 0.005100000184029341,
      "passChanceForward": 0.16380000114440918,
      "passChancePressured": 0.3912999927997589,
      "passChanceWing": 0.009999999776482582,
      "shootProgressThreshold": 0.8141999840736389,
      "tackleChance": 0.2199999988079071
    },
    "sourceEpoch": 356
  },
  "session": "session-4"
}
