{
  "accepted": false,
  "candidate": {
    "parameters": {
      "forwardPassMinGain": 18.0,
      "markDistance": 69.0,
      "passChanceDefault": 0.0778999999165535,
      "passChanceForward": 0.09830000251531601,
      "passChancePressured": 0.35429999232292175,
      "passChanceWing": 0.009999999776482582,
      "shootProgressThreshold": 0.8299999833106995,
      "tackleChance": 0.2134999930858612
    }
  },
  "championEpoch": 210,
  "championParameters": {
    "forwardPassMinGain": 18.0,
    "markDistance": 69.0,
    "passChanceDefault": 0.0778999999165535,
    "passChanceForward": 0.1282999962568283,
    "passChancePressured": 0.3901999890804291,
    "passChanceWing": 0.009999999776482582,
    "shootProgressThreshold": 0.8165000081062317,
    "tackleChance": 0.2199999988079071
  },
  "createdAt": "2026-04-30T09:58:39Z",
  "epoch": 211,
  "evaluation": {
    "avgGoals": 11.37,
    "avgOutOfBounds": 0.01,
    "avgPasses": 127.15,
    "avgShots": 42.57,
    "avgTackles": 5.73,
    "baselineAvgGoals": 5.86,
    "candidateAvgGoals": 5.507,
    "candidateWon": false,
    "earlyStop": null,
    "elapsedMs": 283,
    "games": 1000,
    "gamesPerSecond": 3533.57,
    "goalDiff": -353.0,
    "maxGames": 1000,
    "passCompletionRate": 0.902,
    "tackleSuccessRate": 1.0,
    "zScore": -1.85
  },
  "gamesPerEpoch": 1000,
  "name": "epoch-211",
  "opponent": {
    "parameters": {
      "forwardPassMinGain": 18.0,
      "markDistance": 69.0,
      "passChanceDefault": 0.0778999999165535,
      "passChanceForward": 0.1282999962568283,
      "passChancePressured": 0.3901999890804291,
      "passChanceWing": 0.009999999776482582,
      "shootProgressThreshold": 0.8165000081062317,
      "tackleChance": 0.2199999988079071
    },
    "sourceEpoch": 210
  },
  "session": "session-4"
}
