{
  "accepted": false,
  "candidate": {
    "parameters": {
      "forwardPassMinGain": 11.0,
      "markDistance": 68.0,
      "passChanceDefault": 0.17229999601840973,
      "passChanceForward": 0.12189999967813492,
      "passChancePressured": 0.4000000059604645,
      "passChanceWing": 0.009999999776482582,
      "shootProgressThreshold": 0.7888000011444092,
      "tackleChance": 0.18369999527931213
    }
  },
  "championEpoch": 927,
  "championParameters": {
    "forwardPassMinGain": 13.0,
    "markDistance": 70.0,
    "passChanceDefault": 0.17229999601840973,
    "passChanceForward": 0.09600000083446503,
    "passChancePressured": 0.4000000059604645,
    "passChanceWing": 0.027499999850988388,
    "shootProgressThreshold": 0.8044000267982483,
    "tackleChance": 0.19689999520778656
  },
  "createdAt": "2026-04-30T10:01:27Z",
  "epoch": 934,
  "evaluation": {
    "avgGoals": 7.24,
    "avgOutOfBounds": 0.01,
    "avgPasses": 124.13,
    "avgShots": 78.07,
    "avgTackles": 4.55,
    "baselineAvgGoals": 4.19,
    "candidateAvgGoals": 3.05,
    "candidateWon": false,
    "earlyStop": "worse",
    "elapsedMs": 29,
    "games": 100,
    "gamesPerSecond": 3448.28,
    "goalDiff": -114.0,
    "maxGames": 1000,
    "passCompletionRate": 0.938,
    "tackleSuccessRate": 1.0,
    "zScore": -2.641
  },
  "gamesPerEpoch": 1000,
  "name": "epoch-934",
  "opponent": {
    "parameters": {
      "forwardPassMinGain": 13.0,
      "markDistance": 70.0,
      "passChanceDefault": 0.17229999601840973,
      "passChanceForward": 0.09600000083446503,
      "passChancePressured": 0.4000000059604645,
      "passChanceWing": 0.027499999850988388,
      "shootProgressThreshold": 0.8044000267982483,
      "tackleChance": 0.19689999520778656
    },
    "sourceEpoch": 927
  },
  "session": "session-4"
}
