{
  "accepted": false,
  "candidate": {
    "parameters": {
      "forwardPassMinGain": 18.0,
      "markDistance": 71.0,
      "passChanceDefault": 0.03629999980330467,
      "passChanceForward": 0.179299995303154,
      "passChancePressured": 0.4000000059604645,
      "passChanceWing": 0.011800000444054604,
      "shootProgressThreshold": 0.8388000130653381,
      "tackleChance": 0.21379999816417694
    }
  },
  "championEpoch": 443,
  "championParameters": {
    "forwardPassMinGain": 18.0,
    "markDistance": 68.0,
    "passChanceDefault": 0.02879999950528145,
    "passChanceForward": 0.1687999963760376,
    "passChancePressured": 0.4000000059604645,
    "passChanceWing": 0.011800000444054604,
    "shootProgressThreshold": 0.8174999952316284,
    "tackleChance": 0.21379999816417694
  },
  "createdAt": "2026-04-30T09:59:36Z",
  "epoch": 460,
  "evaluation": {
    "avgGoals": 11.24,
    "avgOutOfBounds": 0.01,
    "avgPasses": 125.88,
    "avgShots": 43.25,
    "avgTackles": 5.8,
    "baselineAvgGoals": 5.94,
    "candidateAvgGoals": 5.295,
    "candidateWon": false,
    "earlyStop": "worse",
    "elapsedMs": 173,
    "games": 600,
    "gamesPerSecond": 3468.21,
    "goalDiff": -387.0,
    "maxGames": 1000,
    "passCompletionRate": 0.902,
    "tackleSuccessRate": 1.0,
    "zScore": -2.583
  },
  "gamesPerEpoch": 1000,
  "name": "epoch-460",
  "opponent": {
    "parameters": {
      "forwardPassMinGain": 18.0,
      "markDistance": 68.0,
      "passChanceDefault": 0.02879999950528145,
      "passChanceForward": 0.1687999963760376,
      "passChancePressured": 0.4000000059604645,
      "passChanceWing": 0.011800000444054604,
      "shootProgressThreshold": 0.8174999952316284,
      "tackleChance": 0.21379999816417694
    },
    "sourceEpoch": 443
  },
  "session": "session-4"
}
