{
  "accepted": false,
  "candidate": {
    "parameters": {
      "forwardPassMinGain": 18.0,
      "markDistance": 71.0,
      "passChanceDefault": 0.06030000001192093,
      "passChanceForward": 0.1550000011920929,
      "passChancePressured": 0.3465999960899353,
      "passChanceWing": 0.01850000023841858,
      "shootProgressThreshold": 0.8137999773025513,
      "tackleChance": 0.218299999833107
    }
  },
  "championEpoch": 283,
  "championParameters": {
    "forwardPassMinGain": 18.0,
    "markDistance": 66.0,
    "passChanceDefault": 0.05249999836087227,
    "passChanceForward": 0.16220000386238098,
    "passChancePressured": 0.39590001106262207,
    "passChanceWing": 0.009999999776482582,
    "shootProgressThreshold": 0.8137999773025513,
    "tackleChance": 0.218299999833107
  },
  "createdAt": "2026-04-30T09:58:57Z",
  "epoch": 289,
  "evaluation": {
    "avgGoals": 12.05,
    "avgOutOfBounds": 0.01,
    "avgPasses": 130.69,
    "avgShots": 37.8,
    "avgTackles": 5.89,
    "baselineAvgGoals": 6.047,
    "candidateAvgGoals": 5.998,
    "candidateWon": false,
    "earlyStop": null,
    "elapsedMs": 286,
    "games": 1000,
    "gamesPerSecond": 3496.5,
    "goalDiff": -49.0,
    "maxGames": 1000,
    "passCompletionRate": 0.904,
    "tackleSuccessRate": 1.0,
    "zScore": -0.239
  },
  "gamesPerEpoch": 1000,
  "name": "epoch-289",
  "opponent": {
    "parameters": {
      "forwardPassMinGain": 18.0,
      "markDistance": 66.0,
      "passChanceDefault": 0.05249999836087227,
      "passChanceForward": 0.16220000386238098,
      "passChancePressured": 0.39590001106262207,
      "passChanceWing": 0.009999999776482582,
      "shootProgressThreshold": 0.8137999773025513,
      "tackleChance": 0.218299999833107
    },
    "sourceEpoch": 283
  },
  "session": "session-4"
}
