{
  "description": "tempest-united: final champion after 3-stage adaptive anneal",
  "name": "tempest-united",
  "playerParams": [
    {
      "decisions": {
        "aggression": 1.9020999670028687,
        "forwardPassMinGain": 4.6707000732421875,
        "markDistance": 71.533203125,
        "passChanceDefault": 0.05139999836683273,
        "passChanceForward": 0.026200000196695328,
        "passChancePressured": 0.275299996137619,
        "passChanceWing": 0.25,
        "passDirDefensive": 1.2979999780654907,
        "passDirNeutral": 1.4938000440597534,
        "passDirOffensive": 0.5713000297546387,
        "riskAppetite": 0.644599974155426,
        "shootProgressThreshold": 0.6302000284194946,
        "tackleChance": 0.20520000159740448
      },
      "spatial": {
        "ball": {
          "max": 2.1621999740600586,
          "min": 0.0,
          "preferred": 2.1621999740600586
        },
        "opponent": {
          "max": 172.02520751953125,
          "min": 28.789100646972656,
          "preferred": 150.74989318847656
        },
        "ownGoal": {
          "max": 777.7498168945312,
          "min": 338.0101013183594,
          "preferred": 718.7008056640625
        },
        "side": {
          "max": 225.35189819335938,
          "min": 29.793899536132812,
          "preferred": 55.701698303222656
        },
        "teammate": {
          "max": 275.0972900390625,
          "min": 201.03309631347656,
          "preferred": 275.0972900390625
        }
      }
    },
    {
      "decisions": {
        "aggression": 1.5879000425338745,
        "forwardPassMinGain": 8.53689956665039,
        "markDistance": 25.0,
        "passChanceDefault": 0.09679999947547913,
        "passChanceForward": 0.04639999940991402,
        "passChancePressured": 0.019999999552965164,
        "passChanceWing": 0.059300001710653305,
        "passDirDefensive": 1.807800054550171,
        "passDirNeutral": 0.23109999299049377,
        "passDirOffensive": 2.0,
        "riskAppetite": 0.34310001134872437,
        "shootProgressThreshold": 0.6789000034332275,
        "tackleChance": 0.09030000120401382
      },
      "spatial": {
        "ball": {
          "max": 675.6807861328125,
          "min": 4.54449987411499,
          "preferred": 74.32060241699219
        },
        "opponent": {
          "max": 268.84130859375,
          "min": 0.0,
          "preferred": 146.93569946289062
        },
        "ownGoal": {
          "max": 347.4309997558594,
          "min": 115.3125991821289,
          "preferred": 326.4783020019531
        },
        "side": {
          "max": 363.1495056152344,
          "min": 100.53910064697266,
          "preferred": 345.44110107421875
        },
        "teammate": {
          "max": 76.02580261230469,
          "min": 62.66389846801758,
          "preferred": 62.66389846801758
        }
      }
    },
    {
      "decisions": {
        "aggression": 1.0821000337600708,
        "forwardPassMinGain": 4.99399995803833,
        "markDistance": 43.14459991455078,
        "passChanceDefault": 0.19529999792575836,
        "passChanceForward": 0.01899999938905239,
        "passChancePressured": 0.3587000072002411,
        "passChanceWing": 0.03590000048279762,
        "passDirDefensive": 1.1710000038146973,
        "passDirNeutral": 0.0,
        "passDirOffensive": 1.0236999988555908,
        "riskAppetite": 0.7717999815940857,
        "shootProgressThreshold": 0.550000011920929,
        "tackleChance": 0.2199999988079071
      },
      "spatial": {
        "ball": {
          "max": 32.20669937133789,
          "min": 2.7388999462127686,
          "preferred": 6.229100227355957
        },
        "opponent": {
          "max": 41.39950180053711,
          "min": 7.33519983291626,
          "preferred": 41.062801361083984
        },
        "ownGoal": {
          "max": 593.9129028320312,
          "min": 0.0,
          "preferred": 431.1575012207031
        },
        "side": {
          "max": 493.8507080078125,
          "min": 378.6777038574219,
          "preferred": 469.45379638671875
        },
        "teammate": {
          "max": 60.028499603271484,
          "min": 9.535599708557129,
          "preferred": 60.028499603271484
        }
      }
    },
    {
      "decisions": {
        "aggression": 1.8447999954223633,
        "forwardPassMinGain": 15.230500221252441,
        "markDistance": 63.89189910888672,
        "passChanceDefault": 0.16529999673366547,
        "passChanceForward": 0.11309999972581863,
        "passChancePressured": 0.10700000077486038,
        "passChanceWing": 0.010499999858438969,
        "passDirDefensive": 0.0,
        "passDirNeutral": 1.5647000074386597,
        "passDirOffensive": 1.6775000095367432,
        "riskAppetite": 0.038100000470876694,
        "shootProgressThreshold": 0.550000011920929,
        "tackleChance": 0.09480000287294388
      },
      "spatial": {
        "ball": {
          "max": 42.93239974975586,
          "min": 16.554899215698242,
          "preferred": 16.554899215698242
        },
        "opponent": {
          "max": 89.1447982788086,
          "min": 19.50979995727539,
          "preferred": 45.98270034790039
        },
        "ownGoal": {
          "max": 503.27789306640625,
          "min": 421.4984130859375,
          "preferred": 421.4984130859375
        },
        "side": {
          "max": 305.6908874511719,
          "min": 13.037300109863281,
          "preferred": 298.748291015625
        },
        "teammate": {
          "max": 59.10820007324219,
          "min": 23.216999053955078,
          "preferred": 53.54140090942383
        }
      }
    },
    {
      "decisions": {
        "aggression": 1.853600025177002,
        "forwardPassMinGain": 6.0081000328063965,
        "markDistance": 25.0,
        "passChanceDefault": 0.14190000295639038,
        "passChanceForward": 0.025200000032782555,
        "passChancePressured": 0.14910000562667847,
        "passChanceWing": 0.17790000140666962,
        "passDirDefensive": 0.6901000142097473,
        "passDirNeutral": 1.2503000497817993,
        "passDirOffensive": 1.2777999639511108,
        "riskAppetite": 0.6040999889373779,
        "shootProgressThreshold": 0.7955999970436096,
        "tackleChance": 0.035999998450279236
      },
      "spatial": {
        "ball": {
          "max": 665.6246948242188,
          "min": 209.63760375976562,
          "preferred": 371.9466857910156
        },
        "opponent": {
          "max": 249.4927978515625,
          "min": 179.32640075683594,
          "preferred": 207.48260498046875
        },
        "ownGoal": {
          "max": 814.926025390625,
          "min": 60.24209976196289,
          "preferred": 386.04510498046875
        },
        "side": {
          "max": 309.6658020019531,
          "min": 196.3769989013672,
          "preferred": 249.0272979736328
        },
        "teammate": {
          "max": 400.0,
          "min": 134.59669494628906,
          "preferred": 314.74639892578125
        }
      }
    }
  ],
  "trainedAt": "2026-05-05T07:38:57Z",
  "trainedFromCluster": true,
  "type": "team-policy-v6",
  "version": 2
}
