{
  "acceptedCount": 4,
  "acceptedEpochs": [
    1,
    6,
    8,
    10
  ],
  "averageEpochElapsedMs": 49740,
  "bestGoalDiff": 1191.0,
  "epochs": 10,
  "finalChampionEpoch": 10,
  "finalChampionPlayerParams": [
    {
      "aggression": 1.9660581350326538,
      "base": {
        "forwardPassMinGain": 14.0,
        "markDistance": 52.0,
        "passChanceDefault": 0.08049999922513962,
        "passChanceForward": 0.18000000715255737,
        "passChancePressured": 0.4000000059604645,
        "passChanceWing": 0.05689999833703041,
        "shootProgressThreshold": 0.7552000284194946,
        "tackleChance": 0.2199999988079071
      },
      "blockAvoidance": 0.5683870315551758,
      "blockDistance": 24.76322364807129,
      "chemistryBonus": 0.0,
      "chemistryTargetId": -1,
      "clearShotBonus": 0.0,
      "corridorPreference": 1,
      "edgeAvoidance": 0.5172314643859863,
      "goalAttraction": 0.42790526151657104,
      "pressureRadius": 75.90746307373047,
      "riskAppetite": 0.17954927682876587,
      "visionRadius": 1000000000.0,
      "zoneAggression": [
        1.3009328842163086,
        0.7122114300727844,
        1.4487766027450562,
        0.7270386815071106,
        0.9709252119064331
      ]
    },
    {
      "aggression": 0.7567856311798096,
      "base": {
        "forwardPassMinGain": 15.0,
        "markDistance": 52.0,
        "passChanceDefault": 0.008100000210106373,
        "passChanceForward": 0.1453000009059906,
        "passChancePressured": 0.4000000059604645,
        "passChanceWing": 0.009999999776482582,
        "shootProgressThreshold": 0.8162999749183655,
        "tackleChance": 0.2199999988079071
      },
      "blockAvoidance": 0.23441211879253387,
      "blockDistance": 24.12726593017578,
      "chemistryBonus": 0.0,
      "chemistryTargetId": -1,
      "clearShotBonus": 0.06375373154878616,
      "corridorPreference": 1,
      "edgeAvoidance": 0.0,
      "goalAttraction": 0.4723389744758606,
      "pressureRadius": 95.31826782226562,
      "riskAppetite": 0.6814075708389282,
      "visionRadius": 1000000000.0,
      "zoneAggression": [
        0.766435980796814,
        1.1268608570098877,
        1.0274022817611694,
        1.1917575597763062,
        1.057639718055725
      ]
    },
    {
      "aggression": 1.8522225618362427,
      "base": {
        "forwardPassMinGain": 18.0,
        "markDistance": 74.0,
        "passChanceDefault": 0.004999999888241291,
        "passChanceForward": 0.1599999964237213,
        "passChancePressured": 0.4000000059604645,
        "passChanceWing": 0.009999999776482582,
        "shootProgressThreshold": 0.8125,
        "tackleChance": 0.2199999988079071
      },
      "blockAvoidance": 0.20702996850013733,
      "blockDistance": 38.63507080078125,
      "chemistryBonus": 0.0,
      "chemistryTargetId": -1,
      "clearShotBonus": 0.3255349099636078,
      "corridorPreference": 1,
      "edgeAvoidance": 0.01824093796312809,
      "goalAttraction": 0.24962568283081055,
      "pressureRadius": 55.65476989746094,
      "riskAppetite": 0.4824705123901367,
      "visionRadius": 1000000000.0,
      "zoneAggression": [
        1.0749595165252686,
        1.4303590059280396,
        0.6424878239631653,
        0.6968450546264648,
        1.085485816001892
      ]
    },
    {
      "aggression": 0.9020639061927795,
      "base": {
        "forwardPassMinGain": 13.0,
        "markDistance": 70.0,
        "passChanceDefault": 0.13369999825954437,
        "passChanceForward": 0.1454000025987625,
        "passChancePressured": 0.3855000138282776,
        "passChanceWing": 0.042899999767541885,
        "shootProgressThreshold": 0.6597999930381775,
        "tackleChance": 0.2199999988079071
      },
      "blockAvoidance": 0.3998085558414459,
      "blockDistance": 38.30232238769531,
      "chemistryBonus": 0.0,
      "chemistryTargetId": -1,
      "clearShotBonus": 0.36836352944374084,
      "corridorPreference": 0,
      "edgeAvoidance": 0.7833164930343628,
      "goalAttraction": 0.17714037001132965,
      "pressureRadius": 90.59664154052734,
      "riskAppetite": 0.0,
      "visionRadius": 1000000000.0,
      "zoneAggression": [
        1.4726375341415405,
        1.0087579488754272,
        0.43160703778266907,
        1.6200491189956665,
        0.8029693961143494
      ]
    },
    {
      "aggression": 0.9563064575195312,
      "base": {
        "forwardPassMinGain": 13.0,
        "markDistance": 78.0,
        "passChanceDefault": 0.04270000010728836,
        "passChanceForward": 0.15299999713897705,
        "passChancePressured": 0.4000000059604645,
        "passChanceWing": 0.06589999794960022,
        "shootProgressThreshold": 0.8607000112533569,
        "tackleChance": 0.2199999988079071
      },
      "blockAvoidance": 0.6943467855453491,
      "blockDistance": 13.98510456085205,
      "chemistryBonus": 0.0,
      "chemistryTargetId": -1,
      "clearShotBonus": 0.4391512870788574,
      "corridorPreference": -1,
      "edgeAvoidance": 0.6046556234359741,
      "goalAttraction": 0.33722513914108276,
      "pressureRadius": 38.513702392578125,
      "riskAppetite": 0.1270495057106018,
      "visionRadius": 1000000000.0,
      "zoneAggression": [
        1.106086015701294,
        1.050950050354004,
        1.1559312343597412,
        1.055994987487793,
        0.5366798043251038
      ]
    }
  ],
  "finishedAt": "2026-05-01T13:51:02Z",
  "gamesPerEpoch": 100000,
  "history": [
    {
      "accepted": true,
      "baselineAvgGoals": 6.438,
      "candidateAvgGoals": 6.443,
      "championEpoch": 1,
      "earlyStop": null,
      "elapsedMs": 61009,
      "epoch": 1,
      "gamesRun": 100000,
      "goalDiff": 471.0,
      "zScore": 0.218
    },
    {
      "accepted": false,
      "baselineAvgGoals": 6.418,
      "candidateAvgGoals": 6.36,
      "championEpoch": 1,
      "earlyStop": "worse",
      "elapsedMs": 53699,
      "epoch": 2,
      "gamesRun": 86875,
      "goalDiff": -5011.0,
      "zScore": -2.506
    },
    {
      "accepted": false,
      "baselineAvgGoals": 6.448,
      "candidateAvgGoals": 6.39,
      "championEpoch": 1,
      "earlyStop": "worse",
      "elapsedMs": 55373,
      "epoch": 3,
      "gamesRun": 88225,
      "goalDiff": -5076.0,
      "zScore": -2.519
    },
    {
      "accepted": false,
      "baselineAvgGoals": 6.444,
      "candidateAvgGoals": 6.435,
      "championEpoch": 1,
      "earlyStop": null,
      "elapsedMs": 62719,
      "epoch": 4,
      "gamesRun": 100000,
      "goalDiff": -871.0,
      "zScore": -0.404
    },
    {
      "accepted": false,
      "baselineAvgGoals": 6.343,
      "candidateAvgGoals": 6.129,
      "championEpoch": 1,
      "earlyStop": "worse",
      "elapsedMs": 3747,
      "epoch": 5,
      "gamesRun": 6075,
      "goalDiff": -1299.0,
      "zScore": -2.508
    },
    {
      "accepted": true,
      "baselineAvgGoals": 6.434,
      "candidateAvgGoals": 6.446,
      "championEpoch": 6,
      "earlyStop": null,
      "elapsedMs": 63186,
      "epoch": 6,
      "gamesRun": 100000,
      "goalDiff": 1191.0,
      "zScore": 0.553
    },
    {
      "accepted": false,
      "baselineAvgGoals": 6.448,
      "candidateAvgGoals": 6.44,
      "championEpoch": 6,
      "earlyStop": null,
      "elapsedMs": 63371,
      "epoch": 7,
      "gamesRun": 100000,
      "goalDiff": -842.0,
      "zScore": -0.39
    },
    {
      "accepted": true,
      "baselineAvgGoals": 6.444,
      "candidateAvgGoals": 6.444,
      "championEpoch": 8,
      "earlyStop": null,
      "elapsedMs": 63115,
      "epoch": 8,
      "gamesRun": 100000,
      "goalDiff": 64.0,
      "zScore": 0.03
    },
    {
      "accepted": false,
      "baselineAvgGoals": 6.254,
      "candidateAvgGoals": 6.107,
      "championEpoch": 8,
      "earlyStop": "worse",
      "elapsedMs": 7867,
      "epoch": 9,
      "gamesRun": 12525,
      "goalDiff": -1842.0,
      "zScore": -2.503
    },
    {
      "accepted": true,
      "baselineAvgGoals": 6.438,