{
  "ablationGames": 500,
  "baselinePoints": 151.0,
  "candidatePoints": 148.0,
  "draws": 1,
  "evalGames": 1000,
  "field": "decisions.pass_chance_default",
  "hi": 0.20000000298023224,
  "lo": 0.004999999888241291,
  "losses": 50,
  "originalValues": [
    0.061000000685453415,
    0.09679999947547913,
    0.19529999792575836,
    0.15770000219345093,
    0.14190000295639038
  ],
  "pointDiff": -3.0,
  "runAt": "2026-05-05T06:55:06Z",
  "ternaryAccepted": 0,
  "ternaryValues": [
    0.061000000685453415,
    0.09679999947547913,
    0.19529999792575836,
    0.15770000219345093,
    0.14190000295639038
  ],
  "wins": 49
}
