{
  "acceptedCount": 1,
  "acceptedEpochs": [
    17
  ],
  "averageEpochElapsedMs": 619,
  "bestGoalDiff": 150.0,
  "epochs": 20,
  "finalChampionEpoch": 17,
  "finalChampionPlayerParams": [
    {
      "decisions": {
        "aggression": 1.4081000089645386,
        "forwardPassMinGain": 0.1200999990105629,
        "markDistance": 82.94280242919922,
        "passChanceDefault": 0.11819999665021896,
        "passChanceForward": 0.004999999888241291,
        "passChancePressured": 0.30979999899864197,
        "passChanceWing": 0.09589999914169312,
        "passDirDefensive": 0.0,
        "passDirNeutral": 1.8324999809265137,
        "passDirOffensive": 1.0866999626159668,
        "riskAppetite": 0.82669997215271,
        "shootProgressThreshold": 0.550000011920929,
        "tackleChance": 0.06840000301599503
      },
      "gk": null,
      "spatial": {
        "ball": {
          "max": 549.9218139648438,
          "min": 110.964599609375,
          "preferred": 252.96620178222656
        },
        "opponent": {
          "max": 255.1566925048828,
          "min": 0.0,
          "preferred": 45.26839828491211
        },
        "ownGoal": {
          "max": 842.9697265625,
          "min": 397.22979736328125,
          "preferred": 545.4843139648438
        },
        "side": {
          "max": 285.10650634765625,
          "min": 111.86949920654297,
          "preferred": 225.2071990966797
        },
        "teammate": {
          "max": 386.7167053222656,
          "min": 206.21270751953125,
          "preferred": 206.21270751953125
        }
      }
    },
    {
      "decisions": {
        "aggression": 0.2272000014781952,
        "forwardPassMinGain": 15.6451997756958,
        "markDistance": 30.12689971923828,
        "passChanceDefault": 0.020899999886751175,
        "passChanceForward": 0.059300001710653305,
        "passChancePressured": 0.09809999912977219,
        "passChanceWing": 0.15850000083446503,
        "passDirDefensive": 0.14339999854564667,
        "passDirNeutral": 1.4905999898910522,
        "passDirOffensive": 1.3273999691009521,
        "riskAppetite": 0.7325000166893005,
        "shootProgressThreshold": 0.550000011920929,
        "tackleChance": 0.21289999783039093
      },
      "gk": null,
      "spatial": {
        "ball": {
          "max": 26.006099700927734,
          "min": 0.0,
          "preferred": 6.215799808502197
        },
        "opponent": {
          "max": 104.0718994140625,
          "min": 34.40890121459961,
          "preferred": 104.0718994140625
        },
        "ownGoal": {
          "max": 783.4005737304688,
          "min": 229.03770446777344,
          "preferred": 327.70050048828125
        },
        "side": {
          "max": 354.7015075683594,
          "min": 64.63610076904297,
          "preferred": 157.02609252929688
        },
        "teammate": {
          "max": 369.3916015625,
          "min": 202.62660217285156,
          "preferred": 341.5802001953125
        }
      }
    },
    {
      "decisions": {
        "aggression": 1.8286000490188599,
        "forwardPassMinGain": 12.082099914550781,
        "markDistance": 40.91889953613281,
        "passChanceDefault": 0.16979999840259552,
        "passChanceForward": 0.18000000715255737,
        "passChancePressured": 0.2498999983072281,
        "passChanceWing": 0.05570000037550926,
        "passDirDefensive": 0.0,
        "passDirNeutral": 0.7322999835014343,
        "passDirOffensive": 1.5964000225067139,
        "riskAppetite": 0.17419999837875366,
        "shootProgressThreshold": 0.8999999761581421,
        "tackleChance": 0.21570000052452087
      },
      "gk": null,
      "spatial": {
        "ball": {
          "max": 23.868200302124023,
          "min": 2.3635001182556152,
          "preferred": 2.3635001182556152
        },
        "opponent": {
          "max": 228.67860412597656,
          "min": 0.0,
          "preferred": 86.36869812011719
        },
        "ownGoal": {
          "max": 234.89230346679688,
          "min": 52.14860153198242,
          "preferred": 216.52490234375
        },
        "side": {
          "max": 354.29278564453125,
          "min": 267.4809875488281,
          "preferred": 298.135986328125
        },
        "teammate": {
          "max": 72.16780090332031,
          "min": 38.68230056762695,
          "preferred": 59.49850082397461
        }
      }
    },
    {
      "decisions": {
        "aggression": 1.2904000282287598,
        "forwardPassMinGain": 15.225600242614746,
        "markDistance": 32.98550033569336,
        "passChanceDefault": 0.16089999675750732,
        "passChanceForward": 0.014399999752640724,
        "passChancePressured": 0.10859999805688858,
        "passChanceWing": 0.17470000684261322,
        "passDirDefensive": 1.5022000074386597,
        "passDirNeutral": 0.902999997138977,
        "passDirOffensive": 1.3128000497817993,
        "riskAppetite": 0.388700008392334,
        "shootProgressThreshold": 0.6744999885559082,
        "tackleChance": 0.14110000431537628
      },
      "gk": null,
      "spatial": {
        "ball": {
          "max": 472.7355041503906,
          "min": 73.1957015991211,
          "preferred": 234.16439819335938
        },
        "opponent": {
          "max": 350.6990051269531,
          "min": 117.4166030883789,
          "preferred": 186.8582000732422
        },
        "ownGoal": {
          "max": 382.1719055175781,
          "min": 350.5071105957031,
          "preferred": 370.46240234375
        },
        "side": {
          "max": 140.7458038330078,
          "min": 137.0294952392578,
          "preferred": 140.7458038330078
        },
        "teammate": {
          "max": 134.65359497070312,
          "min": 26.925500869750977,
          "preferred": 92.37920379638672
        }
      }
    },
    {
      "decisions": {
        "aggression": 0.5266000032424927,
        "forwardPassMinGain": 4.054900169372559,
        "markDistance": 78.98400115966797,
        "passChanceDefault": 0.20000000298023224,
        "passChanceForward": 0.04769999906420708,
        "passChancePressured": 0.3725999891757965,
        "passChanceWing": 0.18369999527931213,
        "passDirDefensive": 0.6363000273704529,
        "passDirNeutral": 0.325300008058548,
        "passDirOffensive": 1.3034000396728516,
        "riskAppetite": 0.9434000253677368,
        "shootProgressThreshold": 0.7803999781608582,
        "tackleChance": 0.07970000058412552
      },
      "gk": {
        "gkDistributionZone": 1.0,
        "gkDiveChance": 0.9937000274658203,
        "gkDiveCommitDist": 73.09880065917969,
        "gkPassTargetDist": 159.13160705566406,
        "gkRiskClearance": 0.40149998664855957
      },
      "spatial": {
        "ball": {
          "max": 365.2351989746094,
          "min": 0.0,
          "preferred": 223.8572998046875
        },
        "opponent": {
          "max": 345.9280090332031,
          "min": 271.7160949707031,
          "preferred": 271.7160949707031
        },
        "ownGoal": {
          "max": 722.4744873046875,
          "min": 529.9464111328125,
          "preferred": 595.4149780273438
        },
        "side": {
          "max": 261.65509033203125,
          "min": 225.09280395507812,
          "preferred": 254.69290161132812
        },
        "teammate": {
          "max": 252.78489685058594,
          "min": 140.95179748535156,
          "preferred": 220.37890625
        }
      }
    }
  ],
  "finishedAt": "2026-05-06T02:37:03Z",
  "gamesPerEpoch": 5000,
  "history": [
    {
      "accepted": false,
      "baselineAvgGoals": 5.41,
      "candidateAvgGoals": 5.57,
      "championEpoch": 0,
      "earlyStop": "indecisive",
      "elapsedMs": 175,
      "epoch": 1,
      "gamesRun": 100,
      "goalDiff": 16.0,
      "zScore": 0.425
    },
    {
      "accepted": false,
      "baselineAvgGoals": 6.537,
      "candidateAvgGoals": 6.183,
      "championEpoch": 0,
      "earlyStop": "indecisive",
      "elapsedMs": 311,