{
  "accepted": false,
  "candidate": {
    "parameters": {
      "forwardPassMinGain": 12.0,
      "markDistance": 61.0,
      "passChanceDefault": 0.05169999971985817,
      "passChanceForward": 0.04019999876618385,
      "passChancePressured": 0.2922999858856201,
      "passChanceWing": 0.06889999657869339,
      "shootProgressThreshold": 0.8027999997138977,
      "tackleChance": 0.181099995970726
    }
  },
  "championEpoch": 48,
  "championParameters": {
    "forwardPassMinGain": 10.0,
    "markDistance": 64.0,
    "passChanceDefault": 0.0551999993622303,
    "passChanceForward": 0.04019999876618385,
    "passChancePressured": 0.30059999227523804,
    "passChanceWing": 0.06889999657869339,
    "shootProgressThreshold": 0.8027999997138977,
    "tackleChance": 0.181099995970726
  },
  "createdAt": "2026-04-30T09:57:27Z",
  "epoch": 51,
  "evaluation": {
    "avgGoals": 8.64,
    "avgOutOfBounds": 0.01,
    "avgPasses": 166.33,
    "avgShots": 36.57,
    "avgTackles": 4.34,
    "baselineAvgGoals": 4.392,
    "candidateAvgGoals": 4.245,
    "candidateWon": false,
    "earlyStop": null,
    "elapsedMs": 317,
    "games": 1000,
    "gamesPerSecond": 3154.57,
    "goalDiff": -147.0,
    "maxGames": 1000,
    "passCompletionRate": 0.944,
    "tackleSuccessRate": 1.0,
    "zScore": -1.106
  },
  "gamesPerEpoch": 1000,
  "name": "epoch-051",
  "opponent": {
    "parameters": {
      "forwardPassMinGain": 10.0,
      "markDistance": 64.0,
      "passChanceDefault": 0.0551999993622303,
      "passChanceForward": 0.04019999876618385,
      "passChancePressured": 0.30059999227523804,
      "passChanceWing": 0.06889999657869339,
      "shootProgressThreshold": 0.8027999997138977,
      "tackleChance": 0.181099995970726
    },
    "sourceEpoch": 48
  },
  "session": "session-3"
}
