{
  "accepted": false,
  "candidate": {
    "parameters": {
      "forwardPassMinGain": 10.0,
      "markDistance": 64.0,
      "passChanceDefault": 0.08389999717473984,
      "passChanceForward": 0.032099999487400055,
      "passChancePressured": 0.3222000002861023,
      "passChanceWing": 0.04919999837875366,
      "shootProgressThreshold": 0.7843999862670898,
      "tackleChance": 0.1688999980688095
    }
  },
  "championEpoch": 22,
  "championParameters": {
    "forwardPassMinGain": 10.0,
    "markDistance": 64.0,
    "passChanceDefault": 0.07639999687671661,
    "passChanceForward": 0.032099999487400055,
    "passChancePressured": 0.3222000002861023,
    "passChanceWing": 0.06310000270605087,
    "shootProgressThreshold": 0.8014000058174133,
    "tackleChance": 0.15710000693798065
  },
  "createdAt": "2026-04-30T09:57:20Z",
  "epoch": 24,
  "evaluation": {
    "avgGoals": 3.41,
    "avgOutOfBounds": 0.0,
    "avgPasses": 130.75,
    "avgShots": 89.86,
    "avgTackles": 2.22,
    "baselineAvgGoals": 2.19,
    "candidateAvgGoals": 1.22,
    "candidateWon": false,
    "earlyStop": "worse",
    "elapsedMs": 30,
    "games": 100,
    "gamesPerSecond": 3333.33,
    "goalDiff": -97.0,
    "maxGames": 1000,
    "passCompletionRate": 0.97,
    "tackleSuccessRate": 1.0,
    "zScore": -3.6
  },
  "gamesPerEpoch": 1000,
  "name": "epoch-024",
  "opponent": {
    "parameters": {
      "forwardPassMinGain": 10.0,
      "markDistance": 64.0,
      "passChanceDefault": 0.07639999687671661,
      "passChanceForward": 0.032099999487400055,
      "passChancePressured": 0.3222000002861023,
      "passChanceWing": 0.06310000270605087,
      "shootProgressThreshold": 0.8014000058174133,
      "tackleChance": 0.15710000693798065
    },
    "sourceEpoch": 22
  },
  "session": "session-3"
}
