{
  "accepted": true,
  "candidate": {
    "parameters": {
      "forwardPassMinGain": 9.0,
      "markDistance": 58.0,
      "passChanceDefault": 0.06729999929666519,
      "passChanceForward": 0.04100000113248825,
      "passChancePressured": 0.24570000171661377,
      "passChanceWing": 0.06400000303983688,
      "shootProgressThreshold": 0.8014000058174133,
      "tackleChance": 0.13940000534057617
    }
  },
  "championEpoch": 4,
  "championParameters": {
    "forwardPassMinGain": 9.0,
    "markDistance": 58.0,
    "passChanceDefault": 0.06729999929666519,
    "passChanceForward": 0.04100000113248825,
    "passChancePressured": 0.24570000171661377,
    "passChanceWing": 0.06400000303983688,
    "shootProgressThreshold": 0.8014000058174133,
    "tackleChance": 0.13940000534057617
  },
  "createdAt": "2026-04-30T09:57:16Z",
  "epoch": 4,
  "evaluation": {
    "avgGoals": 7.61,
    "avgOutOfBounds": 0.0,
    "avgPasses": 167.05,
    "avgShots": 46.4,
    "avgTackles": 3.55,
    "baselineAvgGoals": 3.707,
    "candidateAvgGoals": 3.907,
    "candidateWon": true,
    "earlyStop": null,
    "elapsedMs": 293,
    "games": 1000,
    "gamesPerSecond": 3412.97,
    "goalDiff": 200.0,
    "maxGames": 1000,
    "passCompletionRate": 0.95,
    "tackleSuccessRate": 1.0,
    "zScore": 1.946
  },
  "gamesPerEpoch": 1000,
  "name": "epoch-004",
  "opponent": {
    "parameters": {
      "forwardPassMinGain": 9.0,
      "markDistance": 52.0,
      "passChanceDefault": 0.08910000324249268,
      "passChanceForward": 0.04100000113248825,
      "passChancePressured": 0.23199999332427979,
      "passChanceWing": 0.06400000303983688,
      "shootProgressThreshold": 0.7972999811172485,
      "tackleChance": 0.13940000534057617
    },
    "sourceEpoch": 2
  },
  "session": "session-3"
}
