{
  "acceptedCount": 2,
  "acceptedEpochs": [
    15,
    18
  ],
  "averageEpochElapsedMs": 562,
  "bestGoalDiff": 388.0,
  "epochs": 20,
  "finalChampionEpoch": 18,
  "finalChampionPlayerParams": [
    {
      "decisions": {
        "aggression": 1.3300000429153442,
        "forwardPassMinGain": 2.4760000705718994,
        "markDistance": 83.15660095214844,
        "passChanceDefault": 0.08869999647140503,
        "passChanceForward": 0.02969999983906746,
        "passChancePressured": 0.39160001277923584,
        "passChanceWing": 0.09160000085830688,
        "passDirDefensive": 0.20589999854564667,
        "passDirNeutral": 1.7403000593185425,
        "passDirOffensive": 1.0815000534057617,
        "riskAppetite": 0.843500018119812,
        "shootProgressThreshold": 0.5515000224113464,
        "tackleChance": 0.024900000542402267
      },
      "gk": null,
      "spatial": {
        "ball": {
          "max": 501.3369140625,
          "min": 0.0,
          "preferred": 158.05630493164062
        },
        "opponent": {
          "max": 246.17010498046875,
          "min": 0.0,
          "preferred": 38.27170181274414
        },
        "ownGoal": {
          "max": 730.3682861328125,
          "min": 413.1401062011719,
          "preferred": 591.276611328125
        },
        "side": {
          "max": 278.1427917480469,
          "min": 142.8238983154297,
          "preferred": 278.1427917480469
        },
        "teammate": {
          "max": 356.0733947753906,
          "min": 144.10069274902344,
          "preferred": 187.39149475097656
        }
      }
    },
    {
      "decisions": {
        "aggression": 0.18060000240802765,
        "forwardPassMinGain": 15.765999794006348,
        "markDistance": 44.3400993347168,
        "passChanceDefault": 0.004999999888241291,
        "passChanceForward": 0.024700000882148743,
        "passChancePressured": 0.10040000081062317,
        "passChanceWing": 0.17329999804496765,
        "passDirDefensive": 0.0,
        "passDirNeutral": 1.592900037765503,
        "passDirOffensive": 1.218500018119812,
        "riskAppetite": 0.31940001249313354,
        "shootProgressThreshold": 0.6791999936103821,
        "tackleChance": 0.2199999988079071
      },
      "gk": null,
      "spatial": {
        "ball": {
          "max": 6.215799808502197,
          "min": 0.0,
          "preferred": 0.0
        },
        "opponent": {
          "max": 103.24410247802734,
          "min": 55.772098541259766,
          "preferred": 103.24410247802734
        },
        "ownGoal": {
          "max": 850.94482421875,
          "min": 138.773193359375,
          "preferred": 198.283203125
        },
        "side": {
          "max": 329.9913024902344,
          "min": 32.40769958496094,
          "preferred": 193.6613006591797
        },
        "teammate": {
          "max": 372.0616149902344,
          "min": 222.01890563964844,
          "preferred": 372.0616149902344
        }
      }
    },
    {
      "decisions": {
        "aggression": 1.694200038909912,
        "forwardPassMinGain": 12.825300216674805,
        "markDistance": 48.2775993347168,
        "passChanceDefault": 0.1444000005722046,
        "passChanceForward": 0.1459999978542328,
        "passChancePressured": 0.1704999953508377,
        "passChanceWing": 0.01600000075995922,
        "passDirDefensive": 0.17749999463558197,
        "passDirNeutral": 1.037600040435791,
        "passDirOffensive": 2.0,
        "riskAppetite": 0.45410001277923584,
        "shootProgressThreshold": 0.805400013923645,
        "tackleChance": 0.13750000298023224
      },
      "gk": null,
      "spatial": {
        "ball": {
          "max": 3.290299892425537,
          "min": 0.0,
          "preferred": 3.290299892425537
        },
        "opponent": {
          "max": 228.5305938720703,
          "min": 16.206300735473633,
          "preferred": 48.83319854736328
        },
        "ownGoal": {
          "max": 283.40728759765625,
          "min": 179.8074951171875,
          "preferred": 225.76820373535156
        },
        "side": {
          "max": 328.08929443359375,
          "min": 301.0429992675781,
          "preferred": 301.0429992675781
        },
        "teammate": {
          "max": 123.0739974975586,
          "min": 22.530899047851562,
          "preferred": 123.0739974975586
        }
      }
    },
    {
      "decisions": {
        "aggression": 1.4728000164031982,
        "forwardPassMinGain": 12.358499526977539,
        "markDistance": 27.48740005493164,
        "passChanceDefault": 0.14920000731945038,
        "passChanceForward": 0.004999999888241291,
        "passChancePressured": 0.11749999970197678,
        "passChanceWing": 0.13199999928474426,
        "passDirDefensive": 1.6052000522613525,
        "passDirNeutral": 0.8514000177383423,
        "passDirOffensive": 1.2963000535964966,
        "riskAppetite": 0.30820000171661377,
        "shootProgressThreshold": 0.7228999733924866,
        "tackleChance": 0.1526000052690506
      },
      "gk": null,
      "spatial": {
        "ball": {
          "max": 488.21160888671875,
          "min": 106.20690155029297,
          "preferred": 224.1605987548828
        },
        "opponent": {
          "max": 390.72430419921875,
          "min": 88.89240264892578,
          "preferred": 205.36380004882812
        },
        "ownGoal": {
          "max": 422.1243896484375,
          "min": 411.6675109863281,
          "preferred": 411.6675109863281
        },
        "side": {
          "max": 129.07730102539062,
          "min": 104.51290130615234,
          "preferred": 104.51290130615234
        },
        "teammate": {
          "max": 77.60209655761719,
          "min": 74.34880065917969,
          "preferred": 77.60209655761719
        }
      }
    },
    {
      "decisions": {
        "aggression": 0.5266000032424927,
        "forwardPassMinGain": 4.054900169372559,
        "markDistance": 78.98400115966797,
        "passChanceDefault": 0.20000000298023224,
        "passChanceForward": 0.04769999906420708,
        "passChancePressured": 0.3725999891757965,
        "passChanceWing": 0.18369999527931213,
        "passDirDefensive": 0.6363000273704529,
        "passDirNeutral": 0.325300008058548,
        "passDirOffensive": 1.3034000396728516,
        "riskAppetite": 0.9434000253677368,
        "shootProgressThreshold": 0.7803999781608582,
        "tackleChance": 0.07970000058412552
      },
      "gk": {
        "gkDistributionZone": 1.0,
        "gkDiveChance": 0.9937000274658203,
        "gkDiveCommitDist": 74.83740234375,
        "gkPassTargetDist": 178.81080627441406,
        "gkRiskClearance": 0.40149998664855957
      },
      "spatial": {
        "ball": {
          "max": 298.239501953125,
          "min": 11.826800346374512,
          "preferred": 186.9387969970703
        },
        "opponent": {
          "max": 329.3597106933594,
          "min": 282.1047058105469,
          "preferred": 305.37139892578125
        },
        "ownGoal": {
          "max": 704.8048706054688,
          "min": 379.5108947753906,
          "preferred": 392.4305114746094
        },
        "side": {
          "max": 254.69290161132812,
          "min": 226.25990295410156,
          "preferred": 226.25990295410156
        },
        "teammate": {
          "max": 243.36270141601562,
          "min": 108.67009735107422,
          "preferred": 243.36270141601562
        }
      }
    }
  ],
  "finishedAt": "2026-05-06T02:34:11Z",
  "gamesPerEpoch": 5000,
  "history": [
    {
      "accepted": false,
      "baselineAvgGoals": 11.14,
      "candidateAvgGoals": 2.15,
      "championEpoch": 0,
      "earlyStop": "indecisive",
      "elapsedMs": 180,
      "epoch": 1,
      "gamesRun": 100,
      "goalDiff": -899.0,
      "zScore": -25.15
    },
    {
      "accepted": false,
      "baselineAvgGoals": 8.15,
      "candidateAvgGoals": 8.28,
      "championEpoch": 0,
      "earlyStop": "indecisive",