{
  "accepted": false,
  "candidate": {
    "parameters": {
      "forwardPassMinGain": 16.0,
      "markDistance": 70.0,
      "passChanceDefault": 0.07530000060796738,
      "passChanceForward": 0.18000000715255737,
      "passChancePressured": 0.3725999891757965,
      "passChanceWing": 0.009999999776482582,
      "shootProgressThreshold": 0.8134999871253967,
      "tackleChance": 0.21140000224113464
    }
  },
  "championEpoch": 93,
  "championParameters": {
    "forwardPassMinGain": 16.0,
    "markDistance": 70.0,
    "passChanceDefault": 0.07530000060796738,
    "passChanceForward": 0.18000000715255737,
    "passChancePressured": 0.3903000056743622,
    "passChanceWing": 0.009999999776482582,
    "shootProgressThreshold": 0.8134999871253967,
    "tackleChance": 0.21140000224113464
  },
  "createdAt": "2026-04-30T10:24:28Z",
  "epoch": 95,
  "evaluation": {
    "avgGoals": 12.15,
    "avgOutOfBounds": 0.01,
    "avgPasses": 128.56,
    "avgShots": 37.54,
    "avgTackles": 6.01,
    "baselineAvgGoals": 6.078,
    "candidateAvgGoals": 6.071,
    "candidateWon": false,
    "earlyStop": null,
    "elapsedMs": 2887,
    "games": 10000,
    "gamesPerSecond": 3463.8,
    "goalDiff": -72.0,
    "maxGames": 10000,
    "passCompletionRate": 0.902,
    "tackleSuccessRate": 1.0,
    "zScore": -0.11
  },
  "gamesPerEpoch": 10000,
  "name": "epoch-095",
  "opponent": {
    "parameters": {
      "forwardPassMinGain": 16.0,
      "markDistance": 70.0,
      "passChanceDefault": 0.07530000060796738,
      "passChanceForward": 0.18000000715255737,
      "passChancePressured": 0.3903000056743622,
      "passChanceWing": 0.009999999776482582,
      "shootProgressThreshold": 0.8134999871253967,
      "tackleChance": 0.21140000224113464
    },
    "sourceEpoch": 93
  },
  "session": "session-8"
}
