{
  "accepted": false,
  "candidate": {
    "parameters": {
      "forwardPassMinGain": 18.0,
      "markDistance": 65.0,
      "passChanceDefault": 0.05169999971985817,
      "passChanceForward": 0.16410000622272491,
      "passChancePressured": 0.3903000056743622,
      "passChanceWing": 0.009999999776482582,
      "shootProgressThreshold": 0.7753000259399414,
      "tackleChance": 0.2199999988079071
    }
  },
  "championEpoch": 80,
  "championParameters": {
    "forwardPassMinGain": 16.0,
    "markDistance": 62.0,
    "passChanceDefault": 0.05169999971985817,
    "passChanceForward": 0.16410000622272491,
    "passChancePressured": 0.3903000056743622,
    "passChanceWing": 0.009999999776482582,
    "shootProgressThreshold": 0.814300000667572,
    "tackleChance": 0.2199999988079071
  },
  "createdAt": "2026-04-30T10:23:53Z",
  "epoch": 82,
  "evaluation": {
    "avgGoals": 3.28,
    "avgOutOfBounds": 0.0,
    "avgPasses": 107.64,
    "avgShots": 132.83,
    "avgTackles": 2.09,
    "baselineAvgGoals": 2.44,
    "candidateAvgGoals": 0.84,
    "candidateWon": false,
    "earlyStop": "worse",
    "elapsedMs": 32,
    "games": 100,
    "gamesPerSecond": 3125.0,
    "goalDiff": -160.0,
    "maxGames": 10000,
    "passCompletionRate": 0.965,
    "tackleSuccessRate": 1.0,
    "zScore": -5.435
  },
  "gamesPerEpoch": 10000,
  "name": "epoch-082",
  "opponent": {
    "parameters": {
      "forwardPassMinGain": 16.0,
      "markDistance": 62.0,
      "passChanceDefault": 0.05169999971985817,
      "passChanceForward": 0.16410000622272491,
      "passChancePressured": 0.3903000056743622,
      "passChanceWing": 0.009999999776482582,
      "shootProgressThreshold": 0.814300000667572,
      "tackleChance": 0.2199999988079071
    },
    "sourceEpoch": 80
  },
  "session": "session-8"
}
