{
  "accepted": false,
  "candidate": {
    "parameters": {
      "forwardPassMinGain": 18.0,
      "markDistance": 73.0,
      "passChanceDefault": 0.004999999888241291,
      "passChanceForward": 0.17980000376701355,
      "passChancePressured": 0.3400999903678894,
      "passChanceWing": 0.009999999776482582,
      "shootProgressThreshold": 0.8133999705314636,
      "tackleChance": 0.21369999647140503
    }
  },
  "championEpoch": 36,
  "championParameters": {
    "forwardPassMinGain": 18.0,
    "markDistance": 67.0,
    "passChanceDefault": 0.004999999888241291,
    "passChanceForward": 0.18000000715255737,
    "passChancePressured": 0.3400999903678894,
    "passChanceWing": 0.009999999776482582,
    "shootProgressThreshold": 0.8133999705314636,
    "tackleChance": 0.21559999883174896
  },
  "createdAt": "2026-04-30T10:22:50Z",
  "epoch": 40,
  "evaluation": {
    "avgGoals": 12.48,
    "avgOutOfBounds": 0.01,
    "avgPasses": 123.17,
    "avgShots": 38.71,
    "avgTackles": 6.21,
    "baselineAvgGoals": 6.312,
    "candidateAvgGoals": 6.172,
    "candidateWon": false,
    "earlyStop": null,
    "elapsedMs": 2842,
    "games": 10000,
    "gamesPerSecond": 3518.65,
    "goalDiff": -1396.0,
    "maxGames": 10000,
    "passCompletionRate": 0.896,
    "tackleSuccessRate": 1.0,
    "zScore": -2.119
  },
  "gamesPerEpoch": 10000,
  "name": "epoch-040",
  "opponent": {
    "parameters": {
      "forwardPassMinGain": 18.0,
      "markDistance": 67.0,
      "passChanceDefault": 0.004999999888241291,
      "passChanceForward": 0.18000000715255737,
      "passChancePressured": 0.3400999903678894,
      "passChanceWing": 0.009999999776482582,
      "shootProgressThreshold": 0.8133999705314636,
      "tackleChance": 0.21559999883174896
    },
    "sourceEpoch": 36
  },
  "session": "session-8"
}
