{
  "accepted": false,
  "candidate": {
    "parameters": {
      "forwardPassMinGain": 18.0,
      "markDistance": 67.0,
      "passChanceDefault": 0.012400000356137753,
      "passChanceForward": 0.18000000715255737,
      "passChancePressured": 0.36149999499320984,
      "passChanceWing": 0.009999999776482582,
      "shootProgressThreshold": 0.7793999910354614,
      "tackleChance": 0.2199999988079071
    }
  },
  "championEpoch": 0,
  "championParameters": {
    "forwardPassMinGain": 18.0,
    "markDistance": 67.0,
    "passChanceDefault": 0.004999999888241291,
    "passChanceForward": 0.18000000715255737,
    "passChancePressured": 0.36899998784065247,
    "passChanceWing": 0.009999999776482582,
    "shootProgressThreshold": 0.8133999705314636,
    "tackleChance": 0.21739999949932098
  },
  "createdAt": "2026-04-30T10:21:57Z",
  "epoch": 3,
  "evaluation": {
    "avgGoals": 3.85,
    "avgOutOfBounds": 0.0,
    "avgPasses": 105.22,
    "avgShots": 129.63,
    "avgTackles": 2.46,
    "baselineAvgGoals": 2.71,
    "candidateAvgGoals": 1.14,
    "candidateWon": false,
    "earlyStop": "worse",
    "elapsedMs": 30,
    "games": 100,
    "gamesPerSecond": 3333.33,
    "goalDiff": -157.0,
    "maxGames": 10000,
    "passCompletionRate": 0.963,
    "tackleSuccessRate": 1.0,
    "zScore": -4.49
  },
  "gamesPerEpoch": 10000,
  "name": "epoch-003",
  "opponent": {
    "parameters": {
      "forwardPassMinGain": 18.0,
      "markDistance": 67.0,
      "passChanceDefault": 0.004999999888241291,
      "passChanceForward": 0.18000000715255737,
      "passChancePressured": 0.36899998784065247,
      "passChanceWing": 0.009999999776482582,
      "shootProgressThreshold": 0.8133999705314636,
      "tackleChance": 0.21739999949932098
    },
    "sourceEpoch": 0
  },
  "session": "session-8"
}
