{
  "accepted": true,
  "candidate": {
    "parameters": {
      "forwardPassMinGain": 18.0,
      "markDistance": 67.0,
      "passChanceDefault": 0.004999999888241291,
      "passChanceForward": 0.18000000715255737,
      "passChancePressured": 0.3237000107765198,
      "passChanceWing": 0.009999999776482582,
      "shootProgressThreshold": 0.8133999705314636,
      "tackleChance": 0.2199999988079071
    }
  },
  "championEpoch": 21,
  "championParameters": {
    "forwardPassMinGain": 18.0,
    "markDistance": 67.0,
    "passChanceDefault": 0.004999999888241291,
    "passChanceForward": 0.18000000715255737,
    "passChancePressured": 0.3237000107765198,
    "passChanceWing": 0.009999999776482582,
    "shootProgressThreshold": 0.8133999705314636,
    "tackleChance": 0.2199999988079071
  },
  "createdAt": "2026-04-30T10:22:30Z",
  "epoch": 21,
  "evaluation": {
    "avgGoals": 12.5,
    "avgOutOfBounds": 0.01,
    "avgPasses": 127.21,
    "avgShots": 38.96,
    "avgTackles": 5.93,
    "baselineAvgGoals": 6.236,
    "candidateAvgGoals": 6.264,
    "candidateWon": true,
    "earlyStop": null,
    "elapsedMs": 2809,
    "games": 10000,
    "gamesPerSecond": 3559.99,
    "goalDiff": 284.0,
    "maxGames": 10000,
    "passCompletionRate": 0.902,
    "tackleSuccessRate": 1.0,
    "zScore": 0.444
  },
  "gamesPerEpoch": 10000,
  "name": "epoch-021",
  "opponent": {
    "parameters": {
      "forwardPassMinGain": 18.0,
      "markDistance": 67.0,
      "passChanceDefault": 0.004999999888241291,
      "passChanceForward": 0.17139999568462372,
      "passChancePressured": 0.3377000093460083,
      "passChanceWing": 0.009999999776482582,
      "shootProgressThreshold": 0.8133999705314636,
      "tackleChance": 0.2199999988079071
    },
    "sourceEpoch": 9
  },
  "session": "session-8"
}
