{
  "accepted": false,
  "candidate": {
    "parameters": {
      "forwardPassMinGain": 17.0,
      "markDistance": 68.0,
      "passChanceDefault": 0.07530000060796738,
      "passChanceForward": 0.18000000715255737,
      "passChancePressured": 0.24899999797344208,
      "passChanceWing": 0.009999999776482582,
      "shootProgressThreshold": 0.8565999865531921,
      "tackleChance": 0.21140000224113464
    }
  },
  "championEpoch": 93,
  "championParameters": {
    "forwardPassMinGain": 16.0,
    "markDistance": 70.0,
    "passChanceDefault": 0.07530000060796738,
    "passChanceForward": 0.18000000715255737,
    "passChancePressured": 0.3903000056743622,
    "passChanceWing": 0.009999999776482582,
    "shootProgressThreshold": 0.8134999871253967,
    "tackleChance": 0.21140000224113464
  },
  "createdAt": "2026-04-30T10:24:28Z",
  "epoch": 96,
  "evaluation": {
    "avgGoals": 9.78,
    "avgOutOfBounds": 0.01,
    "avgPasses": 126.58,
    "avgShots": 51.72,
    "avgTackles": 5.58,
    "baselineAvgGoals": 5.553,
    "candidateAvgGoals": 4.227,
    "candidateWon": false,
    "earlyStop": "worse",
    "elapsedMs": 44,
    "games": 150,
    "gamesPerSecond": 3409.09,
    "goalDiff": -199.0,
    "maxGames": 10000,
    "passCompletionRate": 0.91,
    "tackleSuccessRate": 1.0,
    "zScore": -3.073
  },
  "gamesPerEpoch": 10000,
  "name": "epoch-096",
  "opponent": {
    "parameters": {
      "forwardPassMinGain": 16.0,
      "markDistance": 70.0,
      "passChanceDefault": 0.07530000060796738,
      "passChanceForward": 0.18000000715255737,
      "passChancePressured": 0.3903000056743622,
      "passChanceWing": 0.009999999776482582,
      "shootProgressThreshold": 0.8134999871253967,
      "tackleChance": 0.21140000224113464
    },
    "sourceEpoch": 93
  },
  "session": "session-8"
}
