{
  "accepted": false,
  "candidate": {
    "parameters": {
      "forwardPassMinGain": 18.0,
      "markDistance": 60.0,
      "passChanceDefault": 0.004999999888241291,
      "passChanceForward": 0.18000000715255737,
      "passChancePressured": 0.3158999979496002,
      "passChanceWing": 0.04919999837875366,
      "shootProgressThreshold": 0.8123999834060669,
      "tackleChance": 0.2199999988079071
    }
  },
  "championEpoch": 21,
  "championParameters": {
    "forwardPassMinGain": 18.0,
    "markDistance": 67.0,
    "passChanceDefault": 0.004999999888241291,
    "passChanceForward": 0.18000000715255737,
    "passChancePressured": 0.3237000107765198,
    "passChanceWing": 0.009999999776482582,
    "shootProgressThreshold": 0.8133999705314636,
    "tackleChance": 0.2199999988079071
  },
  "createdAt": "2026-04-30T10:22:32Z",
  "epoch": 29,
  "evaluation": {
    "avgGoals": 11.76,
    "avgOutOfBounds": 0.0,
    "avgPasses": 142.83,
    "avgShots": 36.46,
    "avgTackles": 5.31,
    "baselineAvgGoals": 6.111,
    "candidateAvgGoals": 5.646,
    "candidateWon": false,
    "earlyStop": "worse",
    "elapsedMs": 281,
    "games": 950,
    "gamesPerSecond": 3380.78,
    "goalDiff": -441.0,
    "maxGames": 10000,
    "passCompletionRate": 0.916,
    "tackleSuccessRate": 1.0,
    "zScore": -2.526
  },
  "gamesPerEpoch": 10000,
  "name": "epoch-029",
  "opponent": {
    "parameters": {
      "forwardPassMinGain": 18.0,
      "markDistance": 67.0,
      "passChanceDefault": 0.004999999888241291,
      "passChanceForward": 0.18000000715255737,
      "passChancePressured": 0.3237000107765198,
      "passChanceWing": 0.009999999776482582,
      "shootProgressThreshold": 0.8133999705314636,
      "tackleChance": 0.2199999988079071
    },
    "sourceEpoch": 21
  },
  "session": "session-8"
}
