{
  "accepted": true,
  "candidate": {
    "parameters": {
      "forwardPassMinGain": 18.0,
      "markDistance": 67.0,
      "passChanceDefault": 0.004999999888241291,
      "passChanceForward": 0.18000000715255737,
      "passChancePressured": 0.3400999903678894,
      "passChanceWing": 0.009999999776482582,
      "shootProgressThreshold": 0.8133999705314636,
      "tackleChance": 0.21559999883174896
    }
  },
  "championEpoch": 36,
  "championParameters": {
    "forwardPassMinGain": 18.0,
    "markDistance": 67.0,
    "passChanceDefault": 0.004999999888241291,
    "passChanceForward": 0.18000000715255737,
    "passChancePressured": 0.3400999903678894,
    "passChanceWing": 0.009999999776482582,
    "shootProgressThreshold": 0.8133999705314636,
    "tackleChance": 0.21559999883174896
  },
  "createdAt": "2026-04-30T10:22:44Z",
  "epoch": 36,
  "evaluation": {
    "avgGoals": 12.49,
    "avgOutOfBounds": 0.01,
    "avgPasses": 127.37,
    "avgShots": 38.87,
    "avgTackles": 5.93,
    "baselineAvgGoals": 6.22,
    "candidateAvgGoals": 6.271,
    "candidateWon": true,
    "earlyStop": null,
    "elapsedMs": 2867,
    "games": 10000,
    "gamesPerSecond": 3487.97,
    "goalDiff": 514.0,
    "maxGames": 10000,
    "passCompletionRate": 0.901,
    "tackleSuccessRate": 1.0,
    "zScore": 0.804
  },
  "gamesPerEpoch": 10000,
  "name": "epoch-036",
  "opponent": {
    "parameters": {
      "forwardPassMinGain": 18.0,
      "markDistance": 67.0,
      "passChanceDefault": 0.004999999888241291,
      "passChanceForward": 0.18000000715255737,
      "passChancePressured": 0.31119999289512634,
      "passChanceWing": 0.009999999776482582,
      "shootProgressThreshold": 0.8133999705314636,
      "tackleChance": 0.2175000011920929
    },
    "sourceEpoch": 35
  },
  "session": "session-8"
}
