{
  "accepted": false,
  "candidate": {
    "parameters": {
      "forwardPassMinGain": 18.0,
      "markDistance": 61.0,
      "passChanceDefault": 0.004999999888241291,
      "passChanceForward": 0.18000000715255737,
      "passChancePressured": 0.390500009059906,
      "passChanceWing": 0.010700000450015068,
      "shootProgressThreshold": 0.8133999705314636,
      "tackleChance": 0.2199999988079071
    }
  },
  "championEpoch": 20,
  "championParameters": {
    "forwardPassMinGain": 18.0,
    "markDistance": 65.0,
    "passChanceDefault": 0.004999999888241291,
    "passChanceForward": 0.18000000715255737,
    "passChancePressured": 0.390500009059906,
    "passChanceWing": 0.010700000450015068,
    "shootProgressThreshold": 0.8133999705314636,
    "tackleChance": 0.2199999988079071
  },
  "createdAt": "2026-04-30T10:42:22Z",
  "epoch": 24,
  "evaluation": {
    "avgGoals": 12.41,
    "avgOutOfBounds": 0.01,
    "avgPasses": 133.5,
    "avgShots": 38.56,
    "avgTackles": 5.47,
    "baselineAvgGoals": 6.26,
    "candidateAvgGoals": 6.145,
    "candidateWon": false,
    "earlyStop": null,
    "elapsedMs": 2939,
    "games": 10000,
    "gamesPerSecond": 3402.52,
    "goalDiff": -1149.0,
    "maxGames": 10000,
    "passCompletionRate": 0.902,
    "tackleSuccessRate": 1.0,
    "zScore": -1.872
  },
  "gamesPerEpoch": 10000,
  "name": "epoch-024",
  "opponent": {
    "parameters": {
      "forwardPassMinGain": 18.0,
      "markDistance": 65.0,
      "passChanceDefault": 0.004999999888241291,
      "passChanceForward": 0.18000000715255737,
      "passChancePressured": 0.390500009059906,
      "passChanceWing": 0.010700000450015068,
      "shootProgressThreshold": 0.8133999705314636,
      "tackleChance": 0.2199999988079071
    },
    "sourceEpoch": 20
  },
  "session": "session-10"
}
