{
  "accepted": false,
  "candidate": {
    "parameters": {
      "forwardPassMinGain": 18.0,
      "markDistance": 64.0,
      "passChanceDefault": 0.004999999888241291,
      "passChanceForward": 0.18000000715255737,
      "passChancePressured": 0.4000000059604645,
      "passChanceWing": 0.009999999776482582,
      "shootProgressThreshold": 0.8059999942779541,
      "tackleChance": 0.2199999988079071
    }
  },
  "championEpoch": 0,
  "championParameters": {
    "forwardPassMinGain": 18.0,
    "markDistance": 67.0,
    "passChanceDefault": 0.004999999888241291,
    "passChanceForward": 0.18000000715255737,
    "passChancePressured": 0.36899998784065247,
    "passChanceWing": 0.009999999776482582,
    "shootProgressThreshold": 0.8133999705314636,
    "tackleChance": 0.21739999949932098
  },
  "createdAt": "2026-04-30T10:41:48Z",
  "epoch": 4,
  "evaluation": {
    "avgGoals": 12.37,
    "avgOutOfBounds": 0.01,
    "avgPasses": 129.56,
    "avgShots": 39.0,
    "avgTackles": 5.91,
    "baselineAvgGoals": 6.211,
    "candidateAvgGoals": 6.162,
    "candidateWon": false,
    "earlyStop": null,
    "elapsedMs": 2834,
    "games": 10000,
    "gamesPerSecond": 3528.58,
    "goalDiff": -493.0,
    "maxGames": 10000,
    "passCompletionRate": 0.904,
    "tackleSuccessRate": 1.0,
    "zScore": -0.774
  },
  "gamesPerEpoch": 10000,
  "name": "epoch-004",
  "opponent": {
    "parameters": {
      "forwardPassMinGain": 18.0,
      "markDistance": 67.0,
      "passChanceDefault": 0.004999999888241291,
      "passChanceForward": 0.18000000715255737,
      "passChancePressured": 0.36899998784065247,
      "passChanceWing": 0.009999999776482582,
      "shootProgressThreshold": 0.8133999705314636,
      "tackleChance": 0.21739999949932098
    },
    "sourceEpoch": 0
  },
  "session": "session-10"
}
