{
  "accepted": false,
  "candidate": {
    "parameters": {
      "forwardPassMinGain": 17.0,
      "markDistance": 66.0,
      "passChanceDefault": 0.004999999888241291,
      "passChanceForward": 0.17800000309944153,
      "passChancePressured": 0.36899998784065247,
      "passChanceWing": 0.009999999776482582,
      "shootProgressThreshold": 0.8133999705314636,
      "tackleChance": 0.21739999949932098
    }
  },
  "championEpoch": 0,
  "championParameters": {
    "forwardPassMinGain": 18.0,
    "markDistance": 67.0,
    "passChanceDefault": 0.004999999888241291,
    "passChanceForward": 0.18000000715255737,
    "passChancePressured": 0.36899998784065247,
    "passChanceWing": 0.009999999776482582,
    "shootProgressThreshold": 0.8133999705314636,
    "tackleChance": 0.21739999949932098
  },
  "createdAt": "2026-04-30T10:41:43Z",
  "epoch": 1,
  "evaluation": {
    "avgGoals": 12.46,
    "avgOutOfBounds": 0.01,
    "avgPasses": 128.41,
    "avgShots": 38.77,
    "avgTackles": 5.79,
    "baselineAvgGoals": 6.238,
    "candidateAvgGoals": 6.221,
    "candidateWon": false,
    "earlyStop": null,
    "elapsedMs": 2922,
    "games": 10000,
    "gamesPerSecond": 3422.31,
    "goalDiff": -167.0,
    "maxGames": 10000,
    "passCompletionRate": 0.902,
    "tackleSuccessRate": 1.0,
    "zScore": -0.258
  },
  "gamesPerEpoch": 10000,
  "name": "epoch-001",
  "opponent": {
    "parameters": {
      "forwardPassMinGain": 18.0,
      "markDistance": 67.0,
      "passChanceDefault": 0.004999999888241291,
      "passChanceForward": 0.18000000715255737,
      "passChancePressured": 0.36899998784065247,
      "passChanceWing": 0.009999999776482582,
      "shootProgressThreshold": 0.8133999705314636,
      "tackleChance": 0.21739999949932098
    },
    "sourceEpoch": 0
  },
  "session": "session-10"
}
