{
  "accepted": false,
  "candidate": {
    "parameters": {
      "forwardPassMinGain": 18.0,
      "markDistance": 65.0,
      "passChanceDefault": 0.004999999888241291,
      "passChanceForward": 0.18000000715255737,
      "passChancePressured": 0.4000000059604645,
      "passChanceWing": 0.009999999776482582,
      "shootProgressThreshold": 0.8580999970436096,
      "tackleChance": 0.2199999988079071
    }
  },
  "championEpoch": 20,
  "championParameters": {
    "forwardPassMinGain": 18.0,
    "markDistance": 65.0,
    "passChanceDefault": 0.004999999888241291,
    "passChanceForward": 0.18000000715255737,
    "passChancePressured": 0.390500009059906,
    "passChanceWing": 0.010700000450015068,
    "shootProgressThreshold": 0.8133999705314636,
    "tackleChance": 0.2199999988079071
  },
  "createdAt": "2026-04-30T10:42:19Z",
  "epoch": 23,
  "evaluation": {
    "avgGoals": 9.78,
    "avgOutOfBounds": 0.01,
    "avgPasses": 129.36,
    "avgShots": 51.55,
    "avgTackles": 5.09,
    "baselineAvgGoals": 5.36,
    "candidateAvgGoals": 4.418,
    "candidateWon": false,
    "earlyStop": "worse",
    "elapsedMs": 69,
    "games": 225,
    "gamesPerSecond": 3260.87,
    "goalDiff": -212.0,
    "maxGames": 10000,
    "passCompletionRate": 0.907,
    "tackleSuccessRate": 1.0,
    "zScore": -2.605
  },
  "gamesPerEpoch": 10000,
  "name": "epoch-023",
  "opponent": {
    "parameters": {
      "forwardPassMinGain": 18.0,
      "markDistance": 65.0,
      "passChanceDefault": 0.004999999888241291,
      "passChanceForward": 0.18000000715255737,
      "passChancePressured": 0.390500009059906,
      "passChanceWing": 0.010700000450015068,
      "shootProgressThreshold": 0.8133999705314636,
      "tackleChance": 0.2199999988079071
    },
    "sourceEpoch": 20
  },
  "session": "session-10"
}
