{
  "accepted": false,
  "candidate": {
    "parameters": {
      "forwardPassMinGain": 18.0,
      "markDistance": 61.0,
      "passChanceDefault": 0.004999999888241291,
      "passChanceForward": 0.16899999976158142,
      "passChancePressured": 0.390500009059906,
      "passChanceWing": 0.010700000450015068,
      "shootProgressThreshold": 0.8133999705314636,
      "tackleChance": 0.2199999988079071
    }
  },
  "championEpoch": 26,
  "championParameters": {
    "forwardPassMinGain": 18.0,
    "markDistance": 66.0,
    "passChanceDefault": 0.004999999888241291,
    "passChanceForward": 0.18000000715255737,
    "passChancePressured": 0.390500009059906,
    "passChanceWing": 0.010700000450015068,
    "shootProgressThreshold": 0.8133999705314636,
    "tackleChance": 0.2199999988079071
  },
  "createdAt": "2026-04-30T10:42:33Z",
  "epoch": 29,
  "evaluation": {
    "avgGoals": 12.4,
    "avgOutOfBounds": 0.01,
    "avgPasses": 132.54,
    "avgShots": 38.7,
    "avgTackles": 5.52,
    "baselineAvgGoals": 6.258,
    "candidateAvgGoals": 6.146,
    "candidateWon": false,
    "earlyStop": null,
    "elapsedMs": 3137,
    "games": 10000,
    "gamesPerSecond": 3187.76,
    "goalDiff": -1121.0,
    "maxGames": 10000,
    "passCompletionRate": 0.902,
    "tackleSuccessRate": 1.0,
    "zScore": -1.812
  },
  "gamesPerEpoch": 10000,
  "name": "epoch-029",
  "opponent": {
    "parameters": {
      "forwardPassMinGain": 18.0,
      "markDistance": 66.0,
      "passChanceDefault": 0.004999999888241291,
      "passChanceForward": 0.18000000715255737,
      "passChancePressured": 0.390500009059906,
      "passChanceWing": 0.010700000450015068,
      "shootProgressThreshold": 0.8133999705314636,
      "tackleChance": 0.2199999988079071
    },
    "sourceEpoch": 26
  },
  "session": "session-10"
}
