{
  "accepted": false,
  "candidate": {
    "parameters": {
      "forwardPassMinGain": 16.0,
      "markDistance": 69.0,
      "passChanceDefault": 0.023900000378489494,
      "passChanceForward": 0.12150000035762787,
      "passChancePressured": 0.3619000017642975,
      "passChanceWing": 0.009999999776482582,
      "shootProgressThreshold": 0.8151000142097473,
      "tackleChance": 0.2199999988079071
    }
  },
  "championEpoch": 56,
  "championParameters": {
    "forwardPassMinGain": 16.0,
    "markDistance": 69.0,
    "passChanceDefault": 0.004999999888241291,
    "passChanceForward": 0.13359999656677246,
    "passChancePressured": 0.3619000017642975,
    "passChanceWing": 0.009999999776482582,
    "shootProgressThreshold": 0.8133999705314636,
    "tackleChance": 0.2199999988079071
  },
  "createdAt": "2026-04-30T10:43:34Z",
  "epoch": 58,
  "evaluation": {
    "avgGoals": 12.19,
    "avgOutOfBounds": 0.01,
    "avgPasses": 125.2,
    "avgShots": 39.33,
    "avgTackles": 6.01,
    "baselineAvgGoals": 6.135,
    "candidateAvgGoals": 6.056,
    "candidateWon": false,
    "earlyStop": null,
    "elapsedMs": 2950,
    "games": 10000,
    "gamesPerSecond": 3389.83,
    "goalDiff": -788.0,
    "maxGames": 10000,
    "passCompletionRate": 0.899,
    "tackleSuccessRate": 1.0,
    "zScore": -1.225
  },
  "gamesPerEpoch": 10000,
  "name": "epoch-058",
  "opponent": {
    "parameters": {
      "forwardPassMinGain": 16.0,
      "markDistance": 69.0,
      "passChanceDefault": 0.004999999888241291,
      "passChanceForward": 0.13359999656677246,
      "passChancePressured": 0.3619000017642975,
      "passChanceWing": 0.009999999776482582,
      "shootProgressThreshold": 0.8133999705314636,
      "tackleChance": 0.2199999988079071
    },
    "sourceEpoch": 56
  },
  "session": "session-10"
}
