{
  "accepted": false,
  "candidate": {
    "parameters": {
      "forwardPassMinGain": 18.0,
      "markDistance": 65.0,
      "passChanceDefault": 0.010499999858438969,
      "passChanceForward": 0.18000000715255737,
      "passChancePressured": 0.390500009059906,
      "passChanceWing": 0.06260000169277191,
      "shootProgressThreshold": 0.8133999705314636,
      "tackleChance": 0.2199999988079071
    }
  },
  "championEpoch": 26,
  "championParameters": {
    "forwardPassMinGain": 18.0,
    "markDistance": 66.0,
    "passChanceDefault": 0.004999999888241291,
    "passChanceForward": 0.18000000715255737,
    "passChancePressured": 0.390500009059906,
    "passChanceWing": 0.010700000450015068,
    "shootProgressThreshold": 0.8133999705314636,
    "tackleChance": 0.2199999988079071
  },
  "createdAt": "2026-04-30T10:42:44Z",
  "epoch": 37,
  "evaluation": {
    "avgGoals": 11.42,
    "avgOutOfBounds": 0.01,
    "avgPasses": 144.68,
    "avgShots": 35.22,
    "avgTackles": 5.27,
    "baselineAvgGoals": 5.901,
    "candidateAvgGoals": 5.518,
    "candidateWon": false,
    "earlyStop": "worse",
    "elapsedMs": 670,
    "games": 1475,
    "gamesPerSecond": 2201.49,
    "goalDiff": -565.0,
    "maxGames": 10000,
    "passCompletionRate": 0.918,
    "tackleSuccessRate": 1.0,
    "zScore": -2.515
  },
  "gamesPerEpoch": 10000,
  "name": "epoch-037",
  "opponent": {
    "parameters": {
      "forwardPassMinGain": 18.0,
      "markDistance": 66.0,
      "passChanceDefault": 0.004999999888241291,
      "passChanceForward": 0.18000000715255737,
      "passChancePressured": 0.390500009059906,
      "passChanceWing": 0.010700000450015068,
      "shootProgressThreshold": 0.8133999705314636,
      "tackleChance": 0.2199999988079071
    },
    "sourceEpoch": 26
  },
  "session": "session-10"
}
