{
  "createdAt": "2026-05-05T00:13:02Z",
  "epoch": 0,
  "name": "epoch-000-baseline",
  "playerParams": [
    {
      "decisions": {
        "aggression": 1.5298999547958374,
        "forwardPassMinGain": 10.98270034790039,
        "markDistance": 34.44269943237305,
        "passChanceDefault": 0.1906999945640564,
        "passChanceForward": 0.1565999984741211,
        "passChancePressured": 0.17059999704360962,
        "passChanceWing": 0.19050000607967377,
        "passDirDefensive": 0.14010000228881836,
        "passDirNeutral": 1.9419000148773193,
        "passDirOffensive": 0.4562000036239624,
        "riskAppetite": 0.31060001254081726,
        "shootProgressThreshold": 0.684499979019165,
        "tackleChance": 0.18459999561309814
      },
      "spatial": {
        "ball": {
          "max": 10.609999656677246,
          "min": 5.22760009765625,
          "preferred": 5.22760009765625
        },
        "opponent": {
          "max": 383.468994140625,
          "min": 359.66119384765625,
          "preferred": 373.2513122558594
        },
        "ownGoal": {
          "max": 714.0308227539062,
          "min": 618.2944946289062,
          "preferred": 695.5930786132812
        },
        "side": {
          "max": 303.36529541015625,
          "min": 117.84500122070312,
          "preferred": 246.0272979736328
        },
        "teammate": {
          "max": 183.89320373535156,
          "min": 178.0052032470703,
          "preferred": 178.0052032470703
        }
      }
    },
    {
      "decisions": {
        "aggression": 2.0,
        "forwardPassMinGain": 9.813799858093262,
        "markDistance": 73.97850036621094,
        "passChanceDefault": 0.11749999970197678,
        "passChanceForward": 0.11400000005960464,
        "passChancePressured": 0.15569999814033508,
        "passChanceWing": 0.026100000366568565,
        "passDirDefensive": 0.7215999960899353,
        "passDirNeutral": 1.7997000217437744,
        "passDirOffensive": 0.0032999999821186066,
        "riskAppetite": 0.82669997215271,
        "shootProgressThreshold": 0.550000011920929,
        "tackleChance": 0.18780000507831573
      },
      "spatial": {
        "ball": {
          "max": 120.11100006103516,
          "min": 35.25830078125,
          "preferred": 35.25830078125
        },
        "opponent": {
          "max": 172.74850463867188,
          "min": 90.58619689941406,
          "preferred": 90.58619689941406
        },
        "ownGoal": {
          "max": 648.96240234375,
          "min": 506.3949890136719,
          "preferred": 506.3949890136719
        },
        "side": {
          "max": 493.25579833984375,
          "min": 109.95950317382812,
          "preferred": 109.95950317382812
        },
        "teammate": {
          "max": 298.1167907714844,
          "min": 122.41320037841797,
          "preferred": 139.59750366210938
        }
      }
    },
    {
      "decisions": {
        "aggression": 0.40779998898506165,
        "forwardPassMinGain": 14.30370044708252,
        "markDistance": 51.35089874267578,
        "passChanceDefault": 0.1096000000834465,
        "passChanceForward": 0.0934000015258789,
        "passChancePressured": 0.3440000116825104,
        "passChanceWing": 0.1762000024318695,
        "passDirDefensive": 0.6241000294685364,
        "passDirNeutral": 1.190500020980835,
        "passDirOffensive": 1.9187999963760376,
        "riskAppetite": 0.6495000123977661,
        "shootProgressThreshold": 0.7002000212669373,
        "tackleChance": 0.08709999918937683
      },
      "spatial": {
        "ball": {
          "max": 17.140399932861328,
          "min": 5.381400108337402,
          "preferred": 17.140399932861328
        },
        "opponent": {
          "max": 234.7978057861328,
          "min": 19.52790069580078,
          "preferred": 76.2791976928711
        },
        "ownGoal": {
          "max": 416.0304870605469,
          "min": 230.902099609375,
          "preferred": 293.2854919433594
        },
        "side": {
          "max": 439.714111328125,
          "min": 230.6053924560547,
          "preferred": 350.1346130371094
        },
        "teammate": {
          "max": 147.80020141601562,
          "min": 64.49440002441406,
          "preferred": 116.27320098876953
        }
      }
    },
    {
      "decisions": {
        "aggression": 1.743499994277954,
        "forwardPassMinGain": 18.0,
        "markDistance": 25.0,
        "passChanceDefault": 0.12880000472068787,
        "passChanceForward": 0.17260000109672546,
        "passChancePressured": 0.22939999401569366,
        "passChanceWing": 0.07620000094175339,
        "passDirDefensive": 0.20090000331401825,
        "passDirNeutral": 1.2812000513076782,
        "passDirOffensive": 1.8589999675750732,
        "riskAppetite": 0.930899977684021,
        "shootProgressThreshold": 0.6079999804496765,
        "tackleChance": 0.18029999732971191
      },
      "spatial": {
        "ball": {
          "max": 112.33470153808594,
          "min": 27.225400924682617,
          "preferred": 27.225400924682617
        },
        "opponent": {
          "max": 217.11740112304688,
          "min": 30.31450080871582,
          "preferred": 95.74030303955078
        },
        "ownGoal": {
          "max": 799.6738891601562,
          "min": 59.59379959106445,
          "preferred": 438.1986083984375
        },
        "side": {
          "max": 343.12579345703125,
          "min": 134.2812957763672,
          "preferred": 239.45089721679688
        },
        "teammate": {
          "max": 381.9360046386719,
          "min": 96.71119689941406,
          "preferred": 207.53489685058594
        }
      }
    },
    {
      "decisions": {
        "aggression": 0.7343000173568726,
        "forwardPassMinGain": 0.0,
        "markDistance": 25.0,
        "passChanceDefault": 0.012000000104308128,
        "passChanceForward": 0.05139999836683273,
        "passChancePressured": 0.019999999552965164,
        "passChanceWing": 0.20180000364780426,
        "passDirDefensive": 0.3756999969482422,
        "passDirNeutral": 1.181399941444397,
        "passDirOffensive": 1.9510999917984009,
        "riskAppetite": 0.953000009059906,
        "shootProgressThreshold": 0.6811000108718872,
        "tackleChance": 0.07289999723434448
      },
      "spatial": {
        "ball": {
          "max": 606.2716064453125,
          "min": 60.785301208496094,
          "preferred": 290.9092102050781
        },
        "opponent": {
          "max": 365.98370361328125,
          "min": 21.329500198364258,
          "preferred": 163.60719299316406
        },
        "ownGoal": {
          "max": 58.078800201416016,
          "min": 0.0,
          "preferred": 53.665000915527344
        },
        "side": {
          "max": 497.8987121582031,
          "min": 143.4998016357422,
          "preferred": 354.6221008300781
        },
        "teammate": {
          "max": 388.743896484375,
          "min": 121.76909637451172,
          "preferred": 179.56759643554688
        }
      }
    }
  ],
  "role": "initial-baseline",
  "session": "s2-anneal-stage-1-10000ep-100g"
}
