{
  "accepted": false,
  "candidate": {
    "parameters": {
      "forwardPassMinGain": 18.0,
      "markDistance": 67.0,
      "passChanceDefault": 0.01730000041425228,
      "passChanceForward": 0.1768999993801117,
      "passChancePressured": 0.3569999933242798,
      "passChanceWing": 0.009999999776482582,
      "shootProgressThreshold": 0.7662000060081482,
      "tackleChance": 0.2160000056028366
    }
  },
  "championEpoch": 79,
  "championParameters": {
    "forwardPassMinGain": 18.0,
    "markDistance": 67.0,
    "passChanceDefault": 0.013700000010430813,
    "passChanceForward": 0.18000000715255737,
    "passChancePressured": 0.4000000059604645,
    "passChanceWing": 0.009999999776482582,
    "shootProgressThreshold": 0.8112000226974487,
    "tackleChance": 0.21610000729560852
  },
  "createdAt": "2026-04-30T11:18:26Z",
  "epoch": 88,
  "evaluation": {
    "avgGoals": 3.17,
    "avgOutOfBounds": 0.04,
    "avgPasses": 104.42,
    "avgShots": 134.81,
    "avgTackles": 2.38,
    "baselineAvgGoals": 2.4,
    "candidateAvgGoals": 0.77,
    "candidateWon": false,
    "earlyStop": "worse",
    "elapsedMs": 31,
    "games": 100,
    "gamesPerSecond": 3225.81,
    "goalDiff": -163.0,
    "maxGames": 100000,
    "passCompletionRate": 0.96,
    "tackleSuccessRate": 1.0,
    "zScore": -5.507
  },
  "gamesPerEpoch": 100000,
  "name": "epoch-088",
  "opponent": {
    "parameters": {
      "forwardPassMinGain": 18.0,
      "markDistance": 67.0,
      "passChanceDefault": 0.013700000010430813,
      "passChanceForward": 0.18000000715255737,
      "passChancePressured": 0.4000000059604645,
      "passChanceWing": 0.009999999776482582,
      "shootProgressThreshold": 0.8112000226974487,
      "tackleChance": 0.21610000729560852
    },
    "sourceEpoch": 79
  },
  "session": "session-14"
}
