{
  "accepted": false,
  "candidate": {
    "parameters": {
      "forwardPassMinGain": 18.0,
      "markDistance": 64.0,
      "passChanceDefault": 0.015599999576807022,
      "passChanceForward": 0.18000000715255737,
      "passChancePressured": 0.4000000059604645,
      "passChanceWing": 0.009999999776482582,
      "shootProgressThreshold": 0.8112000226974487,
      "tackleChance": 0.2199999988079071
    }
  },
  "championEpoch": 54,
  "championParameters": {
    "forwardPassMinGain": 18.0,
    "markDistance": 64.0,
    "passChanceDefault": 0.015599999576807022,
    "passChanceForward": 0.18000000715255737,
    "passChancePressured": 0.4000000059604645,
    "passChanceWing": 0.009999999776482582,
    "shootProgressThreshold": 0.8112000226974487,
    "tackleChance": 0.2199999988079071
  },
  "createdAt": "2026-04-30T11:14:26Z",
  "epoch": 76,
  "evaluation": {
    "avgGoals": 12.4,
    "avgOutOfBounds": 0.01,
    "avgPasses": 132.8,
    "avgShots": 38.37,
    "avgTackles": 5.62,
    "baselineAvgGoals": 6.204,
    "candidateAvgGoals": 6.2,
    "candidateWon": false,
    "earlyStop": null,
    "elapsedMs": 29814,
    "games": 100000,
    "gamesPerSecond": 3354.13,
    "goalDiff": -349.0,
    "maxGames": 100000,
    "passCompletionRate": 0.904,
    "tackleSuccessRate": 1.0,
    "zScore": -0.176
  },
  "gamesPerEpoch": 100000,
  "name": "epoch-076",
  "opponent": {
    "parameters": {
      "forwardPassMinGain": 18.0,
      "markDistance": 64.0,
      "passChanceDefault": 0.015599999576807022,
      "passChanceForward": 0.18000000715255737,
      "passChancePressured": 0.4000000059604645,
      "passChanceWing": 0.009999999776482582,
      "shootProgressThreshold": 0.8112000226974487,
      "tackleChance": 0.2199999988079071
    },
    "sourceEpoch": 54
  },
  "session": "session-14"
}
