{
  "accepted": false,
  "candidate": {
    "parameters": {
      "forwardPassMinGain": 17.0,
      "markDistance": 64.0,
      "passChanceDefault": 0.004999999888241291,
      "passChanceForward": 0.18000000715255737,
      "passChancePressured": 0.4000000059604645,
      "passChanceWing": 0.009999999776482582,
      "shootProgressThreshold": 0.873199999332428,
      "tackleChance": 0.1696999967098236
    }
  },
  "championEpoch": 50,
  "championParameters": {
    "forwardPassMinGain": 17.0,
    "markDistance": 64.0,
    "passChanceDefault": 0.015599999576807022,
    "passChanceForward": 0.18000000715255737,
    "passChancePressured": 0.4000000059604645,
    "passChanceWing": 0.009999999776482582,
    "shootProgressThreshold": 0.8112000226974487,
    "tackleChance": 0.2199999988079071
  },
  "createdAt": "2026-04-30T11:09:41Z",
  "epoch": 52,
  "evaluation": {
    "avgGoals": 7.21,
    "avgOutOfBounds": 0.01,
    "avgPasses": 133.24,
    "avgShots": 63.36,
    "avgTackles": 4.82,
    "baselineAvgGoals": 4.61,
    "candidateAvgGoals": 2.6,
    "candidateWon": false,
    "earlyStop": "worse",
    "elapsedMs": 29,
    "games": 100,
    "gamesPerSecond": 3448.28,
    "goalDiff": -201.0,
    "maxGames": 100000,
    "passCompletionRate": 0.905,
    "tackleSuccessRate": 1.0,
    "zScore": -4.796
  },
  "gamesPerEpoch": 100000,
  "name": "epoch-052",
  "opponent": {
    "parameters": {
      "forwardPassMinGain": 17.0,
      "markDistance": 64.0,
      "passChanceDefault": 0.015599999576807022,
      "passChanceForward": 0.18000000715255737,
      "passChancePressured": 0.4000000059604645,
      "passChanceWing": 0.009999999776482582,
      "shootProgressThreshold": 0.8112000226974487,
      "tackleChance": 0.2199999988079071
    },
    "sourceEpoch": 50
  },
  "session": "session-14"
}
