{
  "accepted": false,
  "candidate": {
    "parameters": {
      "forwardPassMinGain": 17.0,
      "markDistance": 71.0,
      "passChanceDefault": 0.031599998474121094,
      "passChanceForward": 0.18000000715255737,
      "passChancePressured": 0.3774000108242035,
      "passChanceWing": 0.009999999776482582,
      "shootProgressThreshold": 0.8112000226974487,
      "tackleChance": 0.21610000729560852
    }
  },
  "championEpoch": 79,
  "championParameters": {
    "forwardPassMinGain": 18.0,
    "markDistance": 67.0,
    "passChanceDefault": 0.013700000010430813,
    "passChanceForward": 0.18000000715255737,
    "passChancePressured": 0.4000000059604645,
    "passChanceWing": 0.009999999776482582,
    "shootProgressThreshold": 0.8112000226974487,
    "tackleChance": 0.21610000729560852
  },
  "createdAt": "2026-04-30T11:18:55Z",
  "epoch": 96,
  "evaluation": {
    "avgGoals": 12.39,
    "avgOutOfBounds": 0.01,
    "avgPasses": 126.26,
    "avgShots": 38.16,
    "avgTackles": 6.13,
    "baselineAvgGoals": 6.256,
    "candidateAvgGoals": 6.137,
    "candidateWon": false,
    "earlyStop": "worse",
    "elapsedMs": 5596,
    "games": 19375,
    "gamesPerSecond": 3462.29,
    "goalDiff": -2303.0,
    "maxGames": 100000,
    "passCompletionRate": 0.9,
    "tackleSuccessRate": 1.0,
    "zScore": -2.501
  },
  "gamesPerEpoch": 100000,
  "name": "epoch-096",
  "opponent": {
    "parameters": {
      "forwardPassMinGain": 18.0,
      "markDistance": 67.0,
      "passChanceDefault": 0.013700000010430813,
      "passChanceForward": 0.18000000715255737,
      "passChancePressured": 0.4000000059604645,
      "passChanceWing": 0.009999999776482582,
      "shootProgressThreshold": 0.8112000226974487,
      "tackleChance": 0.21610000729560852
    },
    "sourceEpoch": 79
  },
  "session": "session-14"
}
