{
  "accepted": false,
  "candidate": {
    "parameters": {
      "forwardPassMinGain": 16.0,
      "markDistance": 64.0,
      "passChanceDefault": 0.015599999576807022,
      "passChanceForward": 0.17319999635219574,
      "passChancePressured": 0.4000000059604645,
      "passChanceWing": 0.009999999776482582,
      "shootProgressThreshold": 0.8112000226974487,
      "tackleChance": 0.2199999988079071
    }
  },
  "championEpoch": 33,
  "championParameters": {
    "forwardPassMinGain": 17.0,
    "markDistance": 64.0,
    "passChanceDefault": 0.015599999576807022,
    "passChanceForward": 0.18000000715255737,
    "passChancePressured": 0.4000000059604645,
    "passChanceWing": 0.009999999776482582,
    "shootProgressThreshold": 0.8112000226974487,
    "tackleChance": 0.2199999988079071
  },
  "createdAt": "2026-04-30T11:06:34Z",
  "epoch": 34,
  "evaluation": {
    "avgGoals": 12.34,
    "avgOutOfBounds": 0.01,
    "avgPasses": 133.32,
    "avgShots": 38.22,
    "avgTackles": 5.6,
    "baselineAvgGoals": 6.172,
    "candidateAvgGoals": 6.167,
    "candidateWon": false,
    "earlyStop": null,
    "elapsedMs": 30345,
    "games": 100000,
    "gamesPerSecond": 3295.44,
    "goalDiff": -447.0,
    "maxGames": 100000,
    "passCompletionRate": 0.905,
    "tackleSuccessRate": 1.0,
    "zScore": -0.227
  },
  "gamesPerEpoch": 100000,
  "name": "epoch-034",
  "opponent": {
    "parameters": {
      "forwardPassMinGain": 17.0,
      "markDistance": 64.0,
      "passChanceDefault": 0.015599999576807022,
      "passChanceForward": 0.18000000715255737,
      "passChancePressured": 0.4000000059604645,
      "passChanceWing": 0.009999999776482582,
      "shootProgressThreshold": 0.8112000226974487,
      "tackleChance": 0.2199999988079071
    },
    "sourceEpoch": 33
  },
  "session": "session-14"
}
