{
  "accepted": true,
  "candidate": {
    "parameters": {
      "forwardPassMinGain": 18.0,
      "markDistance": 64.0,
      "passChanceDefault": 0.004999999888241291,
      "passChanceForward": 0.18000000715255737,
      "passChancePressured": 0.4000000059604645,
      "passChanceWing": 0.009999999776482582,
      "shootProgressThreshold": 0.8112000226974487,
      "tackleChance": 0.2199999988079071
    }
  },
  "championEpoch": 21,
  "championParameters": {
    "forwardPassMinGain": 18.0,
    "markDistance": 64.0,
    "passChanceDefault": 0.004999999888241291,
    "passChanceForward": 0.18000000715255737,
    "passChancePressured": 0.4000000059604645,
    "passChanceWing": 0.009999999776482582,
    "shootProgressThreshold": 0.8112000226974487,
    "tackleChance": 0.2199999988079071
  },
  "createdAt": "2026-04-30T11:03:24Z",
  "epoch": 21,
  "evaluation": {
    "avgGoals": 12.44,
    "avgOutOfBounds": 0.01,
    "avgPasses": 131.92,
    "avgShots": 38.56,
    "avgTackles": 5.64,
    "baselineAvgGoals": 6.214,
    "candidateAvgGoals": 6.229,
    "candidateWon": true,
    "earlyStop": null,
    "elapsedMs": 30088,
    "games": 100000,
    "gamesPerSecond": 3323.58,
    "goalDiff": 1433.0,
    "maxGames": 100000,
    "passCompletionRate": 0.903,
    "tackleSuccessRate": 1.0,
    "zScore": 0.72
  },
  "gamesPerEpoch": 100000,
  "name": "epoch-021",
  "opponent": {
    "parameters": {
      "forwardPassMinGain": 18.0,
      "markDistance": 64.0,
      "passChanceDefault": 0.004999999888241291,
      "passChanceForward": 0.17409999668598175,
      "passChancePressured": 0.4000000059604645,
      "passChanceWing": 0.009999999776482582,
      "shootProgressThreshold": 0.8112000226974487,
      "tackleChance": 0.2199999988079071
    },
    "sourceEpoch": 9
  },
  "session": "session-14"
}
