{
  "accepted": false,
  "candidate": {
    "parameters": {
      "forwardPassMinGain": 18.0,
      "markDistance": 64.0,
      "passChanceDefault": 0.004999999888241291,
      "passChanceForward": 0.17409999668598175,
      "passChancePressured": 0.4000000059604645,
      "passChanceWing": 0.013299999758601189,
      "shootProgressThreshold": 0.8112000226974487,
      "tackleChance": 0.2199999988079071
    }
  },
  "championEpoch": 9,
  "championParameters": {
    "forwardPassMinGain": 18.0,
    "markDistance": 64.0,
    "passChanceDefault": 0.004999999888241291,
    "passChanceForward": 0.17409999668598175,
    "passChancePressured": 0.4000000059604645,
    "passChanceWing": 0.009999999776482582,
    "shootProgressThreshold": 0.8112000226974487,
    "tackleChance": 0.2199999988079071
  },
  "createdAt": "2026-04-30T11:02:23Z",
  "epoch": 18,
  "evaluation": {
    "avgGoals": 12.37,
    "avgOutOfBounds": 0.01,
    "avgPasses": 132.74,
    "avgShots": 38.37,
    "avgTackles": 5.61,
    "baselineAvgGoals": 6.193,
    "candidateAvgGoals": 6.18,
    "candidateWon": false,
    "earlyStop": null,
    "elapsedMs": 30107,
    "games": 100000,
    "gamesPerSecond": 3321.49,
    "goalDiff": -1255.0,
    "maxGames": 100000,
    "passCompletionRate": 0.904,
    "tackleSuccessRate": 1.0,
    "zScore": -0.635
  },
  "gamesPerEpoch": 100000,
  "name": "epoch-018",
  "opponent": {
    "parameters": {
      "forwardPassMinGain": 18.0,
      "markDistance": 64.0,
      "passChanceDefault": 0.004999999888241291,
      "passChanceForward": 0.17409999668598175,
      "passChancePressured": 0.4000000059604645,
      "passChanceWing": 0.009999999776482582,
      "shootProgressThreshold": 0.8112000226974487,
      "tackleChance": 0.2199999988079071
    },
    "sourceEpoch": 9
  },
  "session": "session-14"
}
