{
  "accepted": false,
  "candidate": {
    "parameters": {
      "forwardPassMinGain": 18.0,
      "markDistance": 67.0,
      "passChanceDefault": 0.013700000010430813,
      "passChanceForward": 0.16830000281333923,
      "passChancePressured": 0.4000000059604645,
      "passChanceWing": 0.009999999776482582,
      "shootProgressThreshold": 0.8112000226974487,
      "tackleChance": 0.21610000729560852
    }
  },
  "championEpoch": 79,
  "championParameters": {
    "forwardPassMinGain": 18.0,
    "markDistance": 67.0,
    "passChanceDefault": 0.013700000010430813,
    "passChanceForward": 0.18000000715255737,
    "passChancePressured": 0.4000000059604645,
    "passChanceWing": 0.009999999776482582,
    "shootProgressThreshold": 0.8112000226974487,
    "tackleChance": 0.21610000729560852
  },
  "createdAt": "2026-04-30T11:15:59Z",
  "epoch": 82,
  "evaluation": {
    "avgGoals": 12.41,
    "avgOutOfBounds": 0.01,
    "avgPasses": 128.4,
    "avgShots": 38.39,
    "avgTackles": 5.91,
    "baselineAvgGoals": 6.213,
    "candidateAvgGoals": 6.195,
    "candidateWon": false,
    "earlyStop": null,
    "elapsedMs": 29586,
    "games": 100000,
    "gamesPerSecond": 3379.98,
    "goalDiff": -1876.0,
    "maxGames": 100000,
    "passCompletionRate": 0.902,
    "tackleSuccessRate": 1.0,
    "zScore": -0.906
  },
  "gamesPerEpoch": 100000,
  "name": "epoch-082",
  "opponent": {
    "parameters": {
      "forwardPassMinGain": 18.0,
      "markDistance": 67.0,
      "passChanceDefault": 0.013700000010430813,
      "passChanceForward": 0.18000000715255737,
      "passChancePressured": 0.4000000059604645,
      "passChanceWing": 0.009999999776482582,
      "shootProgressThreshold": 0.8112000226974487,
      "tackleChance": 0.21610000729560852
    },
    "sourceEpoch": 79
  },
  "session": "session-14"
}
