{
  "createdAt": "2026-05-06T02:23:44Z",
  "epoch": 0,
  "name": "epoch-000-baseline",
  "playerParams": [
    {
      "decisions": {
        "aggression": 1.8710999488830566,
        "forwardPassMinGain": 12.442999839782715,
        "markDistance": 53.44020080566406,
        "passChanceDefault": 0.004999999888241291,
        "passChanceForward": 0.04989999905228615,
        "passChancePressured": 0.019999999552965164,
        "passChanceWing": 0.020899999886751175,
        "passDirDefensive": 0.6736000180244446,
        "passDirNeutral": 1.2716000080108643,
        "passDirOffensive": 0.8256000280380249,
        "riskAppetite": 0.678600013256073,
        "shootProgressThreshold": 0.5501000285148621,
        "tackleChance": 0.0803999975323677
      },
      "gk": null,
      "spatial": {
        "ball": {
          "max": 315.1382141113281,
          "min": 0.0,
          "preferred": 29.079500198364258
        },
        "opponent": {
          "max": 241.07269287109375,
          "min": 0.0,
          "preferred": 62.64860153198242
        },
        "ownGoal": {
          "max": 635.2734985351562,
          "min": 316.18280029296875,
          "preferred": 458.8026123046875
        },
        "side": {
          "max": 506.9584045410156,
          "min": 58.92580032348633,
          "preferred": 240.63369750976562
        },
        "teammate": {
          "max": 136.82460021972656,
          "min": 33.80630111694336,
          "preferred": 95.80020141601562
        }
      }
    },
    {
      "decisions": {
        "aggression": 1.1854000091552734,
        "forwardPassMinGain": 14.77750015258789,
        "markDistance": 26.681499481201172,
        "passChanceDefault": 0.04479999840259552,
        "passChanceForward": 0.01269999984651804,
        "passChancePressured": 0.08479999750852585,
        "passChanceWing": 0.1046999990940094,
        "passDirDefensive": 1.3276000022888184,
        "passDirNeutral": 0.8547999858856201,
        "passDirOffensive": 0.9192000031471252,
        "riskAppetite": 0.45260000228881836,
        "shootProgressThreshold": 0.8133000135421753,
        "tackleChance": 0.09679999947547913
      },
      "gk": null,
      "spatial": {
        "ball": {
          "max": 350.660400390625,
          "min": 0.0,
          "preferred": 114.66400146484375
        },
        "opponent": {
          "max": 174.70260620117188,
          "min": 71.60350036621094,
          "preferred": 77.76390075683594
        },
        "ownGoal": {
          "max": 525.6047973632812,
          "min": 58.07899856567383,
          "preferred": 210.9792938232422
        },
        "side": {
          "max": 330.39080810546875,
          "min": 23.648799896240234,
          "preferred": 229.69219970703125
        },
        "teammate": {
          "max": 199.88070678710938,
          "min": 73.7145004272461,
          "preferred": 88.089599609375
        }
      }
    },
    {
      "decisions": {
        "aggression": 0.9433000087738037,
        "forwardPassMinGain": 6.48330020904541,
        "markDistance": 56.97060012817383,
        "passChanceDefault": 0.01080000028014183,
        "passChanceForward": 0.1388999968767166,
        "passChancePressured": 0.11400000005960464,
        "passChanceWing": 0.0812000036239624,
        "passDirDefensive": 0.0,
        "passDirNeutral": 0.9284999966621399,
        "passDirOffensive": 0.6883999705314636,
        "riskAppetite": 0.05719999969005585,
        "shootProgressThreshold": 0.8623999953269958,
        "tackleChance": 0.07069999724626541
      },
      "gk": null,
      "spatial": {
        "ball": {
          "max": 289.6412048339844,
          "min": 0.0,
          "preferred": 12.151000022888184
        },
        "opponent": {
          "max": 226.22470092773438,
          "min": 0.0,
          "preferred": 17.243900299072266
        },
        "ownGoal": {
          "max": 539.1680908203125,
          "min": 151.5756072998047,
          "preferred": 203.2183074951172
        },
        "side": {
          "max": 472.60699462890625,
          "min": 220.5388946533203,
          "preferred": 379.51580810546875
        },
        "teammate": {
          "max": 306.4346008300781,
          "min": 15.133199691772461,
          "preferred": 116.87100219726562
        }
      }
    },
    {
      "decisions": {
        "aggression": 1.062999963760376,
        "forwardPassMinGain": 8.56410026550293,
        "markDistance": 59.90299987792969,
        "passChanceDefault": 0.12439999729394913,
        "passChanceForward": 0.017000000923871994,
        "passChancePressured": 0.14790000021457672,
        "passChanceWing": 0.08829999715089798,
        "passDirDefensive": 0.6133999824523926,
        "passDirNeutral": 1.2961000204086304,
        "passDirOffensive": 0.3391999900341034,
        "riskAppetite": 0.49939998984336853,
        "shootProgressThreshold": 0.7139000296592712,
        "tackleChance": 0.14309999346733093
      },
      "gk": null,
      "spatial": {
        "ball": {
          "max": 297.21209716796875,
          "min": 23.600500106811523,
          "preferred": 31.17639923095703
        },
        "opponent": {
          "max": 128.8782958984375,
          "min": 13.09060001373291,
          "preferred": 20.731700897216797
        },
        "ownGoal": {
          "max": 396.6029968261719,
          "min": 47.02629852294922,
          "preferred": 359.1965026855469
        },
        "side": {
          "max": 498.0669860839844,
          "min": 109.34629821777344,
          "preferred": 399.3783874511719
        },
        "teammate": {
          "max": 148.04330444335938,
          "min": 29.244800567626953,
          "preferred": 65.3280029296875
        }
      }
    },
    {
      "decisions": {
        "aggression": 1.0,
        "forwardPassMinGain": 8.0,
        "markDistance": 48.0,
        "passChanceDefault": 0.20000000298023224,
        "passChanceForward": 0.03999999910593033,
        "passChancePressured": 0.1599999964237213,
        "passChanceWing": 0.07000000029802322,
        "passDirDefensive": 1.0,
        "passDirNeutral": 1.0,
        "passDirOffensive": 1.0,
        "riskAppetite": 0.5,
        "shootProgressThreshold": 0.7599999904632568,
        "tackleChance": 0.07999999821186066
      },
      "gk": {
        "gkDistributionZone": 0.019099999219179153,
        "gkDiveChance": 0.7354999780654907,
        "gkDiveCommitDist": 173.09719848632812,
        "gkPassTargetDist": 320.1673889160156,
        "gkRiskClearance": 0.46639999747276306
      },
      "spatial": {
        "ball": {
          "max": 600.30810546875,
          "min": 163.9801025390625,
          "preferred": 166.90809631347656
        },
        "opponent": {
          "max": 294.0769958496094,
          "min": 75.61689758300781,
          "preferred": 134.03050231933594
        },
        "ownGoal": {
          "max": 372.16351318359375,
          "min": 9.782699584960938,
          "preferred": 126.23670196533203
        },
        "side": {
          "max": 433.36920166015625,
          "min": 161.56329345703125,
          "preferred": 374.4913024902344
        },
        "teammate": {
          "max": 147.62820434570312,
          "min": 21.530399322509766,
          "preferred": 88.4437026977539
        }
      }
    }
  ],
  "role": "initial-baseline",
  "session": "s4-anneal-stage-2-20ep-5000g"
}
