{
  "accepted": true,
  "candidate": {
    "parameters": {
      "forwardPassMinGain": 12.0,
      "markDistance": 69.0,
      "passChanceDefault": 0.1088000014424324,
      "passChanceForward": 0.1712000072002411,
      "passChancePressured": 0.30790001153945923,
      "passChanceWing": 0.009999999776482582,
      "shootProgressThreshold": 0.8149999976158142,
      "tackleChance": 0.14219999313354492
    }
  },
  "championEpoch": 205,
  "championParameters": {
    "forwardPassMinGain": 12.0,
    "markDistance": 69.0,
    "passChanceDefault": 0.1088000014424324,
    "passChanceForward": 0.1712000072002411,
    "passChancePressured": 0.30790001153945923,
    "passChanceWing": 0.009999999776482582,
    "shootProgressThreshold": 0.8149999976158142,
    "tackleChance": 0.14219999313354492
  },
  "createdAt": "2026-04-30T10:49:54Z",
  "epoch": 205,
  "evaluation": {
    "avgGoals": 11.92,
    "avgOutOfBounds": 0.01,
    "avgPasses": 134.61,
    "avgShots": 37.78,
    "avgTackles": 5.53,
    "baselineAvgGoals": 5.903,
    "candidateAvgGoals": 6.012,
    "candidateWon": true,
    "earlyStop": null,
    "elapsedMs": 292,
    "games": 1000,
    "gamesPerSecond": 3424.66,
    "goalDiff": 109.0,
    "maxGames": 1000,
    "passCompletionRate": 0.913,
    "tackleSuccessRate": 1.0,
    "zScore": 0.554
  },
  "gamesPerEpoch": 1000,
  "name": "epoch-205",
  "opponent": {
    "parameters": {
      "forwardPassMinGain": 10.0,
      "markDistance": 66.0,
      "passChanceDefault": 0.1088000014424324,
      "passChanceForward": 0.1712000072002411,
      "passChancePressured": 0.3066999912261963,
      "passChanceWing": 0.009999999776482582,
      "shootProgressThreshold": 0.8149999976158142,
      "tackleChance": 0.14219999313354492
    },
    "sourceEpoch": 203
  },
  "session": "session-12"
}
