{
  "accepted": false,
  "candidate": {
    "parameters": {
      "forwardPassMinGain": 13.0,
      "markDistance": 65.0,
      "passChanceDefault": 0.016699999570846558,
      "passChanceForward": 0.18000000715255737,
      "passChancePressured": 0.2856000065803528,
      "passChanceWing": 0.009999999776482582,
      "shootProgressThreshold": 0.8119000196456909,
      "tackleChance": 0.21940000355243683
    }
  },
  "championEpoch": 379,
  "championParameters": {
    "forwardPassMinGain": 12.0,
    "markDistance": 65.0,
    "passChanceDefault": 0.016699999570846558,
    "passChanceForward": 0.18000000715255737,
    "passChancePressured": 0.3163999915122986,
    "passChanceWing": 0.009999999776482582,
    "shootProgressThreshold": 0.8119000196456909,
    "tackleChance": 0.2160000056028366
  },
  "createdAt": "2026-04-30T10:50:35Z",
  "epoch": 385,
  "evaluation": {
    "avgGoals": 12.31,
    "avgOutOfBounds": 0.01,
    "avgPasses": 132.99,
    "avgShots": 37.89,
    "avgTackles": 5.68,
    "baselineAvgGoals": 6.171,
    "candidateAvgGoals": 6.134,
    "candidateWon": false,
    "earlyStop": null,
    "elapsedMs": 295,
    "games": 1000,
    "gamesPerSecond": 3389.83,
    "goalDiff": -37.0,
    "maxGames": 1000,
    "passCompletionRate": 0.906,
    "tackleSuccessRate": 1.0,
    "zScore": -0.192
  },
  "gamesPerEpoch": 1000,
  "name": "epoch-385",
  "opponent": {
    "parameters": {
      "forwardPassMinGain": 12.0,
      "markDistance": 65.0,
      "passChanceDefault": 0.016699999570846558,
      "passChanceForward": 0.18000000715255737,
      "passChancePressured": 0.3163999915122986,
      "passChanceWing": 0.009999999776482582,
      "shootProgressThreshold": 0.8119000196456909,
      "tackleChance": 0.2160000056028366
    },
    "sourceEpoch": 379
  },
  "session": "session-12"
}
