{
  "accepted": false,
  "candidate": {
    "parameters": {
      "forwardPassMinGain": 10.0,
      "markDistance": 68.0,
      "passChanceDefault": 0.03180000185966492,
      "passChanceForward": 0.16859999299049377,
      "passChancePressured": 0.4000000059604645,
      "passChanceWing": 0.013899999670684338,
      "shootProgressThreshold": 0.8428999781608582,
      "tackleChance": 0.2199999988079071
    }
  },
  "championEpoch": 319,
  "championParameters": {
    "forwardPassMinGain": 12.0,
    "markDistance": 68.0,
    "passChanceDefault": 0.04919999837875366,
    "passChanceForward": 0.16859999299049377,
    "passChancePressured": 0.4000000059604645,
    "passChanceWing": 0.013899999670684338,
    "shootProgressThreshold": 0.8119000196456909,
    "tackleChance": 0.17759999632835388
  },
  "createdAt": "2026-04-30T10:50:20Z",
  "epoch": 323,
  "evaluation": {
    "avgGoals": 10.72,
    "avgOutOfBounds": 0.01,
    "avgPasses": 131.81,
    "avgShots": 43.42,
    "avgTackles": 5.36,
    "baselineAvgGoals": 5.639,
    "candidateAvgGoals": 5.083,
    "candidateWon": false,
    "earlyStop": "worse",
    "elapsedMs": 205,
    "games": 700,
    "gamesPerSecond": 3414.63,
    "goalDiff": -389.0,
    "maxGames": 1000,
    "passCompletionRate": 0.91,
    "tackleSuccessRate": 1.0,
    "zScore": -2.531
  },
  "gamesPerEpoch": 1000,
  "name": "epoch-323",
  "opponent": {
    "parameters": {
      "forwardPassMinGain": 12.0,
      "markDistance": 68.0,
      "passChanceDefault": 0.04919999837875366,
      "passChanceForward": 0.16859999299049377,
      "passChancePressured": 0.4000000059604645,
      "passChanceWing": 0.013899999670684338,
      "shootProgressThreshold": 0.8119000196456909,
      "tackleChance": 0.17759999632835388
    },
    "sourceEpoch": 319
  },
  "session": "session-12"
}
