{
  "accepted": true,
  "candidate": {
    "parameters": {
      "forwardPassMinGain": 9.0,
      "markDistance": 66.0,
      "passChanceDefault": 0.04919999837875366,
      "passChanceForward": 0.13269999623298645,
      "passChancePressured": 0.4000000059604645,
      "passChanceWing": 0.009999999776482582,
      "shootProgressThreshold": 0.8119000196456909,
      "tackleChance": 0.19480000436306
    }
  },
  "championEpoch": 328,
  "championParameters": {
    "forwardPassMinGain": 9.0,
    "markDistance": 66.0,
    "passChanceDefault": 0.04919999837875366,
    "passChanceForward": 0.13269999623298645,
    "passChancePressured": 0.4000000059604645,
    "passChanceWing": 0.009999999776482582,
    "shootProgressThreshold": 0.8119000196456909,
    "tackleChance": 0.19480000436306
  },
  "createdAt": "2026-04-30T10:50:22Z",
  "epoch": 328,
  "evaluation": {
    "avgGoals": 11.81,
    "avgOutOfBounds": 0.01,
    "avgPasses": 135.97,
    "avgShots": 37.27,
    "avgTackles": 5.32,
    "baselineAvgGoals": 5.887,
    "candidateAvgGoals": 5.918,
    "candidateWon": true,
    "earlyStop": null,
    "elapsedMs": 295,
    "games": 1000,
    "gamesPerSecond": 3389.83,
    "goalDiff": 31.0,
    "maxGames": 1000,
    "passCompletionRate": 0.909,
    "tackleSuccessRate": 1.0,
    "zScore": 0.154
  },
  "gamesPerEpoch": 1000,
  "name": "epoch-328",
  "opponent": {
    "parameters": {
      "forwardPassMinGain": 9.0,
      "markDistance": 66.0,
      "passChanceDefault": 0.04919999837875366,
      "passChanceForward": 0.13269999623298645,
      "passChancePressured": 0.4000000059604645,
      "passChanceWing": 0.013899999670684338,
      "shootProgressThreshold": 0.8119000196456909,
      "tackleChance": 0.19550000131130219
    },
    "sourceEpoch": 326
  },
  "session": "session-12"
}
