{
  "accepted": false,
  "candidate": {
    "parameters": {
      "forwardPassMinGain": 14.0,
      "markDistance": 66.0,
      "passChanceDefault": 0.031099999323487282,
      "passChanceForward": 0.16210000216960907,
      "passChancePressured": 0.36250001192092896,
      "passChanceWing": 0.009999999776482582,
      "shootProgressThreshold": 0.8119000196456909,
      "tackleChance": 0.20340000092983246
    }
  },
  "championEpoch": 348,
  "championParameters": {
    "forwardPassMinGain": 14.0,
    "markDistance": 66.0,
    "passChanceDefault": 0.031099999323487282,
    "passChanceForward": 0.16210000216960907,
    "passChancePressured": 0.36250001192092896,
    "passChanceWing": 0.009999999776482582,
    "shootProgressThreshold": 0.8119000196456909,
    "tackleChance": 0.20340000092983246
  },
  "createdAt": "2026-04-30T10:50:27Z",
  "epoch": 352,
  "evaluation": {
    "avgGoals": 12.21,
    "avgOutOfBounds": 0.01,
    "avgPasses": 132.48,
    "avgShots": 37.96,
    "avgTackles": 5.63,
    "baselineAvgGoals": 6.124,
    "candidateAvgGoals": 6.087,
    "candidateWon": false,
    "earlyStop": null,
    "elapsedMs": 292,
    "games": 1000,
    "gamesPerSecond": 3424.66,
    "goalDiff": -37.0,
    "maxGames": 1000,
    "passCompletionRate": 0.908,
    "tackleSuccessRate": 1.0,
    "zScore": -0.182
  },
  "gamesPerEpoch": 1000,
  "name": "epoch-352",
  "opponent": {
    "parameters": {
      "forwardPassMinGain": 14.0,
      "markDistance": 66.0,
      "passChanceDefault": 0.031099999323487282,
      "passChanceForward": 0.16210000216960907,
      "passChancePressured": 0.36250001192092896,
      "passChanceWing": 0.009999999776482582,
      "shootProgressThreshold": 0.8119000196456909,
      "tackleChance": 0.20340000092983246
    },
    "sourceEpoch": 348
  },
  "session": "session-12"
}
