{
  "accepted": true,
  "candidate": {
    "parameters": {
      "forwardPassMinGain": 10.0,
      "markDistance": 70.0,
      "passChanceDefault": 0.11789999902248383,
      "passChanceForward": 0.1469999998807907,
      "passChancePressured": 0.4000000059604645,
      "passChanceWing": 0.0142000000923872,
      "shootProgressThreshold": 0.8097000122070312,
      "tackleChance": 0.20720000565052032
    }
  },
  "championEpoch": 100,
  "championParameters": {
    "forwardPassMinGain": 10.0,
    "markDistance": 70.0,
    "passChanceDefault": 0.11789999902248383,
    "passChanceForward": 0.1469999998807907,
    "passChancePressured": 0.4000000059604645,
    "passChanceWing": 0.0142000000923872,
    "shootProgressThreshold": 0.8097000122070312,
    "tackleChance": 0.20720000565052032
  },
  "createdAt": "2026-04-30T10:49:30Z",
  "epoch": 100,
  "evaluation": {
    "avgGoals": 11.68,
    "avgOutOfBounds": 0.01,
    "avgPasses": 134.32,
    "avgShots": 36.15,
    "avgTackles": 5.87,
    "baselineAvgGoals": 5.781,
    "candidateAvgGoals": 5.9,
    "candidateWon": true,
    "earlyStop": null,
    "elapsedMs": 280,
    "games": 1000,
    "gamesPerSecond": 3571.43,
    "goalDiff": 119.0,
    "maxGames": 1000,
    "passCompletionRate": 0.909,
    "tackleSuccessRate": 1.0,
    "zScore": 0.587
  },
  "gamesPerEpoch": 1000,
  "name": "epoch-100",
  "opponent": {
    "parameters": {
      "forwardPassMinGain": 10.0,
      "markDistance": 70.0,
      "passChanceDefault": 0.10769999772310257,
      "passChanceForward": 0.1664000004529953,
      "passChancePressured": 0.4000000059604645,
      "passChanceWing": 0.01360000018030405,
      "shootProgressThreshold": 0.8097000122070312,
      "tackleChance": 0.2071000039577484
    },
    "sourceEpoch": 98
  },
  "session": "session-12"
}
