{
  "accepted": false,
  "candidate": {
    "parameters": {
      "forwardPassMinGain": 18.0,
      "markDistance": 58.0,
      "passChanceDefault": 0.00839999970048666,
      "passChanceForward": 0.1421000063419342,
      "passChancePressured": 0.3050999939441681,
      "passChanceWing": 0.009999999776482582,
      "shootProgressThreshold": 0.7971000075340271,
      "tackleChance": 0.19769999384880066
    }
  },
  "championEpoch": 475,
  "championParameters": {
    "forwardPassMinGain": 18.0,
    "markDistance": 63.0,
    "passChanceDefault": 0.00839999970048666,
    "passChanceForward": 0.17080000042915344,
    "passChancePressured": 0.3467000126838684,
    "passChanceWing": 0.009999999776482582,
    "shootProgressThreshold": 0.8119000196456909,
    "tackleChance": 0.20360000431537628
  },
  "createdAt": "2026-04-30T10:50:58Z",
  "epoch": 488,
  "evaluation": {
    "avgGoals": 11.42,
    "avgOutOfBounds": 0.01,
    "avgPasses": 132.29,
    "avgShots": 48.6,
    "avgTackles": 5.57,
    "baselineAvgGoals": 6.17,
    "candidateAvgGoals": 5.245,
    "candidateWon": false,
    "earlyStop": "worse",
    "elapsedMs": 60,
    "games": 200,
    "gamesPerSecond": 3333.33,
    "goalDiff": -185.0,
    "maxGames": 1000,
    "passCompletionRate": 0.916,
    "tackleSuccessRate": 1.0,
    "zScore": -2.587
  },
  "gamesPerEpoch": 1000,
  "name": "epoch-488",
  "opponent": {
    "parameters": {
      "forwardPassMinGain": 18.0,
      "markDistance": 63.0,
      "passChanceDefault": 0.00839999970048666,
      "passChanceForward": 0.17080000042915344,
      "passChancePressured": 0.3467000126838684,
      "passChanceWing": 0.009999999776482582,
      "shootProgressThreshold": 0.8119000196456909,
      "tackleChance": 0.20360000431537628
    },
    "sourceEpoch": 475
  },
  "session": "session-12"
}
