{
  "accepted": false,
  "candidate": {
    "parameters": {
      "forwardPassMinGain": 18.0,
      "markDistance": 69.0,
      "passChanceDefault": 0.004999999888241291,
      "passChanceForward": 0.1662999987602234,
      "passChancePressured": 0.30979999899864197,
      "passChanceWing": 0.009999999776482582,
      "shootProgressThreshold": 0.8119000196456909,
      "tackleChance": 0.2199999988079071
    }
  },
  "championEpoch": 428,
  "championParameters": {
    "forwardPassMinGain": 18.0,
    "markDistance": 69.0,
    "passChanceDefault": 0.004999999888241291,
    "passChanceForward": 0.15649999678134918,
    "passChancePressured": 0.30979999899864197,
    "passChanceWing": 0.009999999776482582,
    "shootProgressThreshold": 0.8119000196456909,
    "tackleChance": 0.2199999988079071
  },
  "createdAt": "2026-04-30T10:50:45Z",
  "epoch": 432,
  "evaluation": {
    "avgGoals": 12.51,
    "avgOutOfBounds": 0.01,
    "avgPasses": 124.54,
    "avgShots": 38.88,
    "avgTackles": 6.13,
    "baselineAvgGoals": 6.286,
    "candidateAvgGoals": 6.227,
    "candidateWon": false,
    "earlyStop": null,
    "elapsedMs": 287,
    "games": 1000,
    "gamesPerSecond": 3484.32,
    "goalDiff": -59.0,
    "maxGames": 1000,
    "passCompletionRate": 0.9,
    "tackleSuccessRate": 1.0,
    "zScore": -0.285
  },
  "gamesPerEpoch": 1000,
  "name": "epoch-432",
  "opponent": {
    "parameters": {
      "forwardPassMinGain": 18.0,
      "markDistance": 69.0,
      "passChanceDefault": 0.004999999888241291,
      "passChanceForward": 0.15649999678134918,
      "passChancePressured": 0.30979999899864197,
      "passChanceWing": 0.009999999776482582,
      "shootProgressThreshold": 0.8119000196456909,
      "tackleChance": 0.2199999988079071
    },
    "sourceEpoch": 428
  },
  "session": "session-12"
}
