{
  "accepted": false,
  "candidate": {
    "parameters": {
      "forwardPassMinGain": 11.0,
      "markDistance": 64.0,
      "passChanceDefault": 0.03629999980330467,
      "passChanceForward": 0.1777999997138977,
      "passChancePressured": 0.4000000059604645,
      "passChanceWing": 0.009999999776482582,
      "shootProgressThreshold": 0.8105000257492065,
      "tackleChance": 0.21119999885559082
    }
  },
  "championEpoch": 659,
  "championParameters": {
    "forwardPassMinGain": 11.0,
    "markDistance": 64.0,
    "passChanceDefault": 0.01119999960064888,
    "passChanceForward": 0.18000000715255737,
    "passChancePressured": 0.4000000059604645,
    "passChanceWing": 0.009999999776482582,
    "shootProgressThreshold": 0.8105000257492065,
    "tackleChance": 0.21879999339580536
  },
  "createdAt": "2026-04-30T10:51:37Z",
  "epoch": 665,
  "evaluation": {
    "avgGoals": 12.16,
    "avgOutOfBounds": 0.01,
    "avgPasses": 135.62,
    "avgShots": 37.31,
    "avgTackles": 5.58,
    "baselineAvgGoals": 6.116,
    "candidateAvgGoals": 6.039,
    "candidateWon": false,
    "earlyStop": null,
    "elapsedMs": 296,
    "games": 1000,
    "gamesPerSecond": 3378.38,
    "goalDiff": -77.0,
    "maxGames": 1000,
    "passCompletionRate": 0.907,
    "tackleSuccessRate": 1.0,
    "zScore": -0.391
  },
  "gamesPerEpoch": 1000,
  "name": "epoch-665",
  "opponent": {
    "parameters": {
      "forwardPassMinGain": 11.0,
      "markDistance": 64.0,
      "passChanceDefault": 0.01119999960064888,
      "passChanceForward": 0.18000000715255737,
      "passChancePressured": 0.4000000059604645,
      "passChanceWing": 0.009999999776482582,
      "shootProgressThreshold": 0.8105000257492065,
      "tackleChance": 0.21879999339580536
    },
    "sourceEpoch": 659
  },
  "session": "session-12"
}
