{
  "accepted": true,
  "candidate": {
    "parameters": {
      "forwardPassMinGain": 6.0,
      "markDistance": 66.0,
      "passChanceDefault": 0.007000000216066837,
      "passChanceForward": 0.14949999749660492,
      "passChancePressured": 0.399399995803833,
      "passChanceWing": 0.009999999776482582,
      "shootProgressThreshold": 0.8105000257492065,
      "tackleChance": 0.2199999988079071
    }
  },
  "championEpoch": 610,
  "championParameters": {
    "forwardPassMinGain": 6.0,
    "markDistance": 66.0,
    "passChanceDefault": 0.007000000216066837,
    "passChanceForward": 0.14949999749660492,
    "passChancePressured": 0.399399995803833,
    "passChanceWing": 0.009999999776482582,
    "shootProgressThreshold": 0.8105000257492065,
    "tackleChance": 0.2199999988079071
  },
  "createdAt": "2026-04-30T10:51:25Z",
  "epoch": 610,
  "evaluation": {
    "avgGoals": 12.02,
    "avgOutOfBounds": 0.01,
    "avgPasses": 133.56,
    "avgShots": 37.36,
    "avgTackles": 5.64,
    "baselineAvgGoals": 5.99,
    "candidateAvgGoals": 6.033,
    "candidateWon": true,
    "earlyStop": null,
    "elapsedMs": 308,
    "games": 1000,
    "gamesPerSecond": 3246.75,
    "goalDiff": 43.0,
    "maxGames": 1000,
    "passCompletionRate": 0.909,
    "tackleSuccessRate": 1.0,
    "zScore": 0.221
  },
  "gamesPerEpoch": 1000,
  "name": "epoch-610",
  "opponent": {
    "parameters": {
      "forwardPassMinGain": 5.0,
      "markDistance": 66.0,
      "passChanceDefault": 0.004999999888241291,
      "passChanceForward": 0.17470000684261322,
      "passChancePressured": 0.3905999958515167,
      "passChanceWing": 0.009999999776482582,
      "shootProgressThreshold": 0.8105000257492065,
      "tackleChance": 0.2199999988079071
    },
    "sourceEpoch": 605
  },
  "session": "session-12"
}
