{
  "accepted": false,
  "candidate": {
    "parameters": {
      "forwardPassMinGain": 16.0,
      "markDistance": 61.0,
      "passChanceDefault": 0.012500000186264515,
      "passChanceForward": 0.16419999301433563,
      "passChancePressured": 0.4000000059604645,
      "passChanceWing": 0.026499999687075615,
      "shootProgressThreshold": 0.8212000131607056,
      "tackleChance": 0.21879999339580536
    }
  },
  "championEpoch": 641,
  "championParameters": {
    "forwardPassMinGain": 11.0,
    "markDistance": 61.0,
    "passChanceDefault": 0.006599999964237213,
    "passChanceForward": 0.18000000715255737,
    "passChancePressured": 0.4000000059604645,
    "passChanceWing": 0.009999999776482582,
    "shootProgressThreshold": 0.8105000257492065,
    "tackleChance": 0.21879999339580536
  },
  "createdAt": "2026-04-30T10:51:35Z",
  "epoch": 656,
  "evaluation": {
    "avgGoals": 11.8,
    "avgOutOfBounds": 0.01,
    "avgPasses": 141.41,
    "avgShots": 38.09,
    "avgTackles": 5.02,
    "baselineAvgGoals": 6.013,
    "candidateAvgGoals": 5.787,
    "candidateWon": false,
    "earlyStop": null,
    "elapsedMs": 297,
    "games": 1000,
    "gamesPerSecond": 3367.0,
    "goalDiff": -226.0,
    "maxGames": 1000,
    "passCompletionRate": 0.911,
    "tackleSuccessRate": 1.0,
    "zScore": -1.222
  },
  "gamesPerEpoch": 1000,
  "name": "epoch-656",
  "opponent": {
    "parameters": {
      "forwardPassMinGain": 11.0,
      "markDistance": 61.0,
      "passChanceDefault": 0.006599999964237213,
      "passChanceForward": 0.18000000715255737,
      "passChancePressured": 0.4000000059604645,
      "passChanceWing": 0.009999999776482582,
      "shootProgressThreshold": 0.8105000257492065,
      "tackleChance": 0.21879999339580536
    },
    "sourceEpoch": 641
  },
  "session": "session-12"
}
