{
  "accepted": false,
  "candidate": {
    "parameters": {
      "forwardPassMinGain": 14.0,
      "markDistance": 63.0,
      "passChanceDefault": 0.059300001710653305,
      "passChanceForward": 0.17980000376701355,
      "passChancePressured": 0.36640000343322754,
      "passChanceWing": 0.018400000408291817,
      "shootProgressThreshold": 0.8061000108718872,
      "tackleChance": 0.2199999988079071
    }
  },
  "championEpoch": 807,
  "championParameters": {
    "forwardPassMinGain": 14.0,
    "markDistance": 63.0,
    "passChanceDefault": 0.059300001710653305,
    "passChanceForward": 0.1534000039100647,
    "passChancePressured": 0.36640000343322754,
    "passChanceWing": 0.009999999776482582,
    "shootProgressThreshold": 0.8061000108718872,
    "tackleChance": 0.2199999988079071
  },
  "createdAt": "2026-04-30T10:52:13Z",
  "epoch": 812,
  "evaluation": {
    "avgGoals": 11.74,
    "avgOutOfBounds": 0.01,
    "avgPasses": 140.33,
    "avgShots": 37.56,
    "avgTackles": 5.69,
    "baselineAvgGoals": 5.946,
    "candidateAvgGoals": 5.798,
    "candidateWon": false,
    "earlyStop": null,
    "elapsedMs": 298,
    "games": 1000,
    "gamesPerSecond": 3355.7,
    "goalDiff": -148.0,
    "maxGames": 1000,
    "passCompletionRate": 0.914,
    "tackleSuccessRate": 1.0,
    "zScore": -0.826
  },
  "gamesPerEpoch": 1000,
  "name": "epoch-812",
  "opponent": {
    "parameters": {
      "forwardPassMinGain": 14.0,
      "markDistance": 63.0,
      "passChanceDefault": 0.059300001710653305,
      "passChanceForward": 0.1534000039100647,
      "passChancePressured": 0.36640000343322754,
      "passChanceWing": 0.009999999776482582,
      "shootProgressThreshold": 0.8061000108718872,
      "tackleChance": 0.2199999988079071
    },
    "sourceEpoch": 807
  },
  "session": "session-12"
}
