{
  "accepted": false,
  "candidate": {
    "parameters": {
      "forwardPassMinGain": 16.0,
      "markDistance": 63.0,
      "passChanceDefault": 0.11219999939203262,
      "passChanceForward": 0.1534000039100647,
      "passChancePressured": 0.2985000014305115,
      "passChanceWing": 0.009999999776482582,
      "shootProgressThreshold": 0.7954999804496765,
      "tackleChance": 0.20270000398159027
    }
  },
  "championEpoch": 787,
  "championParameters": {
    "forwardPassMinGain": 16.0,
    "markDistance": 63.0,
    "passChanceDefault": 0.11219999939203262,
    "passChanceForward": 0.1534000039100647,
    "passChancePressured": 0.3052000105381012,
    "passChanceWing": 0.009999999776482582,
    "shootProgressThreshold": 0.8061000108718872,
    "tackleChance": 0.20270000398159027
  },
  "createdAt": "2026-04-30T10:52:07Z",
  "epoch": 789,
  "evaluation": {
    "avgGoals": 10.57,
    "avgOutOfBounds": 0.01,
    "avgPasses": 134.67,
    "avgShots": 52.07,
    "avgTackles": 5.65,
    "baselineAvgGoals": 5.469,
    "candidateAvgGoals": 5.098,
    "candidateWon": false,
    "earlyStop": null,
    "elapsedMs": 304,
    "games": 1000,
    "gamesPerSecond": 3289.47,
    "goalDiff": -371.0,
    "maxGames": 1000,
    "passCompletionRate": 0.925,
    "tackleSuccessRate": 1.0,
    "zScore": -2.331
  },
  "gamesPerEpoch": 1000,
  "name": "epoch-789",
  "opponent": {
    "parameters": {
      "forwardPassMinGain": 16.0,
      "markDistance": 63.0,
      "passChanceDefault": 0.11219999939203262,
      "passChanceForward": 0.1534000039100647,
      "passChancePressured": 0.3052000105381012,
      "passChanceWing": 0.009999999776482582,
      "shootProgressThreshold": 0.8061000108718872,
      "tackleChance": 0.20270000398159027
    },
    "sourceEpoch": 787
  },
  "session": "session-12"
}
