{
  "accepted": false,
  "candidate": {
    "parameters": {
      "forwardPassMinGain": 12.0,
      "markDistance": 73.0,
      "passChanceDefault": 0.004999999888241291,
      "passChanceForward": 0.18000000715255737,
      "passChancePressured": 0.34689998626708984,
      "passChanceWing": 0.009999999776482582,
      "shootProgressThreshold": 0.8499000072479248,
      "tackleChance": 0.2199999988079071
    }
  },
  "championEpoch": 388,
  "championParameters": {
    "forwardPassMinGain": 12.0,
    "markDistance": 68.0,
    "passChanceDefault": 0.004999999888241291,
    "passChanceForward": 0.18000000715255737,
    "passChancePressured": 0.3163999915122986,
    "passChanceWing": 0.009999999776482582,
    "shootProgressThreshold": 0.8119000196456909,
    "tackleChance": 0.2199999988079071
  },
  "createdAt": "2026-04-30T10:50:36Z",
  "epoch": 392,
  "evaluation": {
    "avgGoals": 10.65,
    "avgOutOfBounds": 0.01,
    "avgPasses": 122.31,
    "avgShots": 46.74,
    "avgTackles": 6.0,
    "baselineAvgGoals": 5.893,
    "candidateAvgGoals": 4.76,
    "candidateWon": false,
    "earlyStop": "worse",
    "elapsedMs": 44,
    "games": 150,
    "gamesPerSecond": 3409.09,
    "goalDiff": -170.0,
    "maxGames": 1000,
    "passCompletionRate": 0.904,
    "tackleSuccessRate": 1.0,
    "zScore": -2.513
  },
  "gamesPerEpoch": 1000,
  "name": "epoch-392",
  "opponent": {
    "parameters": {
      "forwardPassMinGain": 12.0,
      "markDistance": 68.0,
      "passChanceDefault": 0.004999999888241291,
      "passChanceForward": 0.18000000715255737,
      "passChancePressured": 0.3163999915122986,
      "passChanceWing": 0.009999999776482582,
      "shootProgressThreshold": 0.8119000196456909,
      "tackleChance": 0.2199999988079071
    },
    "sourceEpoch": 388
  },
  "session": "session-12"
}
