{
  "accepted": false,
  "candidate": {
    "parameters": {
      "forwardPassMinGain": 10.0,
      "markDistance": 69.0,
      "passChanceDefault": 0.1331000030040741,
      "passChanceForward": 0.1615999937057495,
      "passChancePressured": 0.28610000014305115,
      "passChanceWing": 0.009999999776482582,
      "shootProgressThreshold": 0.7857999801635742,
      "tackleChance": 0.13230000436306
    }
  },
  "championEpoch": 170,
  "championParameters": {
    "forwardPassMinGain": 8.0,
    "markDistance": 66.0,
    "passChanceDefault": 0.11309999972581863,
    "passChanceForward": 0.1615999937057495,
    "passChancePressured": 0.28610000014305115,
    "passChanceWing": 0.009999999776482582,
    "shootProgressThreshold": 0.8149999976158142,
    "tackleChance": 0.16030000150203705
  },
  "createdAt": "2026-04-30T10:49:46Z",
  "epoch": 172,
  "evaluation": {
    "avgGoals": 5.4,
    "avgOutOfBounds": 0.0,
    "avgPasses": 116.31,
    "avgShots": 105.13,
    "avgTackles": 3.43,
    "baselineAvgGoals": 3.25,
    "candidateAvgGoals": 2.15,
    "candidateWon": false,
    "earlyStop": "worse",
    "elapsedMs": 29,
    "games": 100,
    "gamesPerSecond": 3448.28,
    "goalDiff": -110.0,
    "maxGames": 1000,
    "passCompletionRate": 0.947,
    "tackleSuccessRate": 1.0,
    "zScore": -3.29
  },
  "gamesPerEpoch": 1000,
  "name": "epoch-172",
  "opponent": {
    "parameters": {
      "forwardPassMinGain": 8.0,
      "markDistance": 66.0,
      "passChanceDefault": 0.11309999972581863,
      "passChanceForward": 0.1615999937057495,
      "passChancePressured": 0.28610000014305115,
      "passChanceWing": 0.009999999776482582,
      "shootProgressThreshold": 0.8149999976158142,
      "tackleChance": 0.16030000150203705
    },
    "sourceEpoch": 170
  },
  "session": "session-12"
}
