{
  "accepted": false,
  "candidate": {
    "parameters": {
      "forwardPassMinGain": 12.0,
      "markDistance": 73.0,
      "passChanceDefault": 0.09700000286102295,
      "passChanceForward": 0.18000000715255737,
      "passChancePressured": 0.3977999985218048,
      "passChanceWing": 0.009999999776482582,
      "shootProgressThreshold": 0.8715999722480774,
      "tackleChance": 0.2199999988079071
    }
  },
  "championEpoch": 729,
  "championParameters": {
    "forwardPassMinGain": 14.0,
    "markDistance": 66.0,
    "passChanceDefault": 0.09700000286102295,
    "passChanceForward": 0.18000000715255737,
    "passChancePressured": 0.4000000059604645,
    "passChanceWing": 0.009999999776482582,
    "shootProgressThreshold": 0.8145999908447266,
    "tackleChance": 0.2199999988079071
  },
  "createdAt": "2026-04-30T10:51:55Z",
  "epoch": 734,
  "evaluation": {
    "avgGoals": 7.18,
    "avgOutOfBounds": 0.0,
    "avgPasses": 131.47,
    "avgShots": 61.03,
    "avgTackles": 4.91,
    "baselineAvgGoals": 4.49,
    "candidateAvgGoals": 2.69,
    "candidateWon": false,
    "earlyStop": "worse",
    "elapsedMs": 29,
    "games": 100,
    "gamesPerSecond": 3448.28,
    "goalDiff": -180.0,
    "maxGames": 1000,
    "passCompletionRate": 0.911,
    "tackleSuccessRate": 1.0,
    "zScore": -4.48
  },
  "gamesPerEpoch": 1000,
  "name": "epoch-734",
  "opponent": {
    "parameters": {
      "forwardPassMinGain": 14.0,
      "markDistance": 66.0,
      "passChanceDefault": 0.09700000286102295,
      "passChanceForward": 0.18000000715255737,
      "passChancePressured": 0.4000000059604645,
      "passChanceWing": 0.009999999776482582,
      "shootProgressThreshold": 0.8145999908447266,
      "tackleChance": 0.2199999988079071
    },
    "sourceEpoch": 729
  },
  "session": "session-12"
}
