{
  "accepted": false,
  "candidate": {
    "parameters": {
      "forwardPassMinGain": 14.0,
      "markDistance": 59.0,
      "passChanceDefault": 0.039500001817941666,
      "passChanceForward": 0.13439999520778656,
      "passChancePressured": 0.4000000059604645,
      "passChanceWing": 0.009999999776482582,
      "shootProgressThreshold": 0.8087000250816345,
      "tackleChance": 0.2076999992132187
    }
  },
  "championEpoch": 678,
  "championParameters": {
    "forwardPassMinGain": 14.0,
    "markDistance": 64.0,
    "passChanceDefault": 0.039500001817941666,
    "passChanceForward": 0.18000000715255737,
    "passChancePressured": 0.36739999055862427,
    "passChanceWing": 0.009999999776482582,
    "shootProgressThreshold": 0.8087000250816345,
    "tackleChance": 0.2199999988079071
  },
  "createdAt": "2026-04-30T10:51:41Z",
  "epoch": 681,
  "evaluation": {
    "avgGoals": 12.03,
    "avgOutOfBounds": 0.01,
    "avgPasses": 138.67,
    "avgShots": 38.0,
    "avgTackles": 5.37,
    "baselineAvgGoals": 6.103,
    "candidateAvgGoals": 5.929,
    "candidateWon": false,
    "earlyStop": null,
    "elapsedMs": 295,
    "games": 1000,
    "gamesPerSecond": 3389.83,
    "goalDiff": -174.0,
    "maxGames": 1000,
    "passCompletionRate": 0.91,
    "tackleSuccessRate": 1.0,
    "zScore": -0.929
  },
  "gamesPerEpoch": 1000,
  "name": "epoch-681",
  "opponent": {
    "parameters": {
      "forwardPassMinGain": 14.0,
      "markDistance": 64.0,
      "passChanceDefault": 0.039500001817941666,
      "passChanceForward": 0.18000000715255737,
      "passChancePressured": 0.36739999055862427,
      "passChanceWing": 0.009999999776482582,
      "shootProgressThreshold": 0.8087000250816345,
      "tackleChance": 0.2199999988079071
    },
    "sourceEpoch": 678
  },
  "session": "session-12"
}
