{
  "accepted": false,
  "candidate": {
    "parameters": {
      "forwardPassMinGain": 6.0,
      "markDistance": 58.0,
      "passChanceDefault": 0.01889999955892563,
      "passChanceForward": 0.16300000250339508,
      "passChancePressured": 0.3815999925136566,
      "passChanceWing": 0.009999999776482582,
      "shootProgressThreshold": 0.8037999868392944,
      "tackleChance": 0.186599999666214
    }
  },
  "championEpoch": 597,
  "championParameters": {
    "forwardPassMinGain": 6.0,
    "markDistance": 66.0,
    "passChanceDefault": 0.01889999955892563,
    "passChanceForward": 0.17470000684261322,
    "passChancePressured": 0.3815999925136566,
    "passChanceWing": 0.009999999776482582,
    "shootProgressThreshold": 0.8037999868392944,
    "tackleChance": 0.18930000066757202
  },
  "createdAt": "2026-04-30T10:51:22Z",
  "epoch": 602,
  "evaluation": {
    "avgGoals": 11.73,
    "avgOutOfBounds": 0.01,
    "avgPasses": 138.75,
    "avgShots": 38.58,
    "avgTackles": 5.6,
    "baselineAvgGoals": 5.996,
    "candidateAvgGoals": 5.737,
    "candidateWon": false,
    "earlyStop": null,
    "elapsedMs": 295,
    "games": 1000,
    "gamesPerSecond": 3389.83,
    "goalDiff": -259.0,
    "maxGames": 1000,
    "passCompletionRate": 0.914,
    "tackleSuccessRate": 1.0,
    "zScore": -1.46
  },
  "gamesPerEpoch": 1000,
  "name": "epoch-602",
  "opponent": {
    "parameters": {
      "forwardPassMinGain": 6.0,
      "markDistance": 66.0,
      "passChanceDefault": 0.01889999955892563,
      "passChanceForward": 0.17470000684261322,
      "passChancePressured": 0.3815999925136566,
      "passChanceWing": 0.009999999776482582,
      "shootProgressThreshold": 0.8037999868392944,
      "tackleChance": 0.18930000066757202
    },
    "sourceEpoch": 597
  },
  "session": "session-12"
}
