{
  "accepted": false,
  "candidate": {
    "parameters": {
      "forwardPassMinGain": 11.0,
      "markDistance": 61.0,
      "passChanceDefault": 0.004999999888241291,
      "passChanceForward": 0.15880000591278076,
      "passChancePressured": 0.3248000144958496,
      "passChanceWing": 0.009999999776482582,
      "shootProgressThreshold": 0.8026999831199646,
      "tackleChance": 0.20350000262260437
    }
  },
  "championEpoch": 510,
  "championParameters": {
    "forwardPassMinGain": 14.0,
    "markDistance": 67.0,
    "passChanceDefault": 0.004999999888241291,
    "passChanceForward": 0.15880000591278076,
    "passChancePressured": 0.3248000144958496,
    "passChanceWing": 0.009999999776482582,
    "shootProgressThreshold": 0.8026999831199646,
    "tackleChance": 0.20350000262260437
  },
  "createdAt": "2026-04-30T10:51:05Z",
  "epoch": 519,
  "evaluation": {
    "avgGoals": 11.93,
    "avgOutOfBounds": 0.01,
    "avgPasses": 132.48,
    "avgShots": 40.39,
    "avgTackles": 6.07,
    "baselineAvgGoals": 6.045,
    "candidateAvgGoals": 5.884,
    "candidateWon": false,
    "earlyStop": null,
    "elapsedMs": 295,
    "games": 1000,
    "gamesPerSecond": 3389.83,
    "goalDiff": -161.0,
    "maxGames": 1000,
    "passCompletionRate": 0.913,
    "tackleSuccessRate": 1.0,
    "zScore": -0.878
  },
  "gamesPerEpoch": 1000,
  "name": "epoch-519",
  "opponent": {
    "parameters": {
      "forwardPassMinGain": 14.0,
      "markDistance": 67.0,
      "passChanceDefault": 0.004999999888241291,
      "passChanceForward": 0.15880000591278076,
      "passChancePressured": 0.3248000144958496,
      "passChanceWing": 0.009999999776482582,
      "shootProgressThreshold": 0.8026999831199646,
      "tackleChance": 0.20350000262260437
    },
    "sourceEpoch": 510
  },
  "session": "session-12"
}
