{
  "accepted": false,
  "candidate": {
    "parameters": {
      "forwardPassMinGain": 16.0,
      "markDistance": 63.0,
      "passChanceDefault": 0.11219999939203262,
      "passChanceForward": 0.17190000414848328,
      "passChancePressured": 0.3052000105381012,
      "passChanceWing": 0.009999999776482582,
      "shootProgressThreshold": 0.8061000108718872,
      "tackleChance": 0.20270000398159027
    }
  },
  "championEpoch": 787,
  "championParameters": {
    "forwardPassMinGain": 16.0,
    "markDistance": 63.0,
    "passChanceDefault": 0.11219999939203262,
    "passChanceForward": 0.1534000039100647,
    "passChancePressured": 0.3052000105381012,
    "passChanceWing": 0.009999999776482582,
    "shootProgressThreshold": 0.8061000108718872,
    "tackleChance": 0.20270000398159027
  },
  "createdAt": "2026-04-30T10:52:08Z",
  "epoch": 791,
  "evaluation": {
    "avgGoals": 11.91,
    "avgOutOfBounds": 0.01,
    "avgPasses": 139.74,
    "avgShots": 38.44,
    "avgTackles": 5.64,
    "baselineAvgGoals": 5.989,
    "candidateAvgGoals": 5.922,
    "candidateWon": false,
    "earlyStop": null,
    "elapsedMs": 296,
    "games": 1000,
    "gamesPerSecond": 3378.38,
    "goalDiff": -67.0,
    "maxGames": 1000,
    "passCompletionRate": 0.917,
    "tackleSuccessRate": 1.0,
    "zScore": -0.383
  },
  "gamesPerEpoch": 1000,
  "name": "epoch-791",
  "opponent": {
    "parameters": {
      "forwardPassMinGain": 16.0,
      "markDistance": 63.0,
      "passChanceDefault": 0.11219999939203262,
      "passChanceForward": 0.1534000039100647,
      "passChancePressured": 0.3052000105381012,
      "passChanceWing": 0.009999999776482582,
      "shootProgressThreshold": 0.8061000108718872,
      "tackleChance": 0.20270000398159027
    },
    "sourceEpoch": 787
  },
  "session": "session-12"
}
