{
  "accepted": false,
  "candidate": {
    "parameters": {
      "forwardPassMinGain": 17.0,
      "markDistance": 67.0,
      "passChanceDefault": 0.04690000042319298,
      "passChanceForward": 0.1695999950170517,
      "passChancePressured": 0.36410000920295715,
      "passChanceWing": 0.009999999776482582,
      "shootProgressThreshold": 0.8062999844551086,
      "tackleChance": 0.13369999825954437
    }
  },
  "championEpoch": 832,
  "championParameters": {
    "forwardPassMinGain": 17.0,
    "markDistance": 67.0,
    "passChanceDefault": 0.03350000083446503,
    "passChanceForward": 0.1695999950170517,
    "passChancePressured": 0.4000000059604645,
    "passChanceWing": 0.009999999776482582,
    "shootProgressThreshold": 0.8062999844551086,
    "tackleChance": 0.18520000576972961
  },
  "createdAt": "2026-04-30T10:52:20Z",
  "epoch": 840,
  "evaluation": {
    "avgGoals": 12.18,
    "avgOutOfBounds": 0.01,
    "avgPasses": 130.27,
    "avgShots": 38.92,
    "avgTackles": 5.9,
    "baselineAvgGoals": 6.196,
    "candidateAvgGoals": 5.986,
    "candidateWon": false,
    "earlyStop": null,
    "elapsedMs": 295,
    "games": 1000,
    "gamesPerSecond": 3389.83,
    "goalDiff": -210.0,
    "maxGames": 1000,
    "passCompletionRate": 0.91,
    "tackleSuccessRate": 1.0,
    "zScore": -1.018
  },
  "gamesPerEpoch": 1000,
  "name": "epoch-840",
  "opponent": {
    "parameters": {
      "forwardPassMinGain": 17.0,
      "markDistance": 67.0,
      "passChanceDefault": 0.03350000083446503,
      "passChanceForward": 0.1695999950170517,
      "passChancePressured": 0.4000000059604645,
      "passChanceWing": 0.009999999776482582,
      "shootProgressThreshold": 0.8062999844551086,
      "tackleChance": 0.18520000576972961
    },
    "sourceEpoch": 832
  },
  "session": "session-12"
}
