{
  "accepted": false,
  "candidate": {
    "parameters": {
      "forwardPassMinGain": 14.0,
      "markDistance": 63.0,
      "passChanceDefault": 0.04399999976158142,
      "passChanceForward": 0.18000000715255737,
      "passChancePressured": 0.3481999933719635,
      "passChanceWing": 0.013299999758601189,
      "shootProgressThreshold": 0.7289999723434448,
      "tackleChance": 0.18529999256134033
    }
  },
  "championEpoch": 23,
  "championParameters": {
    "forwardPassMinGain": 18.0,
    "markDistance": 66.0,
    "passChanceDefault": 0.051600001752376556,
    "passChanceForward": 0.18000000715255737,
    "passChancePressured": 0.3481999933719635,
    "passChanceWing": 0.009999999776482582,
    "shootProgressThreshold": 0.8133999705314636,
    "tackleChance": 0.19820000231266022
  },
  "createdAt": "2026-04-30T10:49:14Z",
  "epoch": 24,
  "evaluation": {
    "avgGoals": 3.03,
    "avgOutOfBounds": 0.08,
    "avgPasses": 107.1,
    "avgShots": 122.33,
    "avgTackles": 4.84,
    "baselineAvgGoals": 2.95,
    "candidateAvgGoals": 0.08,
    "candidateWon": false,
    "earlyStop": "worse",
    "elapsedMs": 30,
    "games": 100,
    "gamesPerSecond": 3333.33,
    "goalDiff": -287.0,
    "maxGames": 1000,
    "passCompletionRate": 0.935,
    "tackleSuccessRate": 1.0,
    "zScore": -8.38
  },
  "gamesPerEpoch": 1000,
  "name": "epoch-024",
  "opponent": {
    "parameters": {
      "forwardPassMinGain": 18.0,
      "markDistance": 66.0,
      "passChanceDefault": 0.051600001752376556,
      "passChanceForward": 0.18000000715255737,
      "passChancePressured": 0.3481999933719635,
      "passChanceWing": 0.009999999776482582,
      "shootProgressThreshold": 0.8133999705314636,
      "tackleChance": 0.19820000231266022
    },
    "sourceEpoch": 23
  },
  "session": "session-12"
}
