{
  "accepted": false,
  "candidate": {
    "parameters": {
      "forwardPassMinGain": 12.0,
      "markDistance": 76.0,
      "passChanceDefault": 0.13030000030994415,
      "passChanceForward": 0.155799999833107,
      "passChancePressured": 0.3212999999523163,
      "passChanceWing": 0.009999999776482582,
      "shootProgressThreshold": 0.8029000163078308,
      "tackleChance": 0.16369999945163727
    }
  },
  "championEpoch": 165,
  "championParameters": {
    "forwardPassMinGain": 12.0,
    "markDistance": 66.0,
    "passChanceDefault": 0.13030000030994415,
    "passChanceForward": 0.1445000022649765,
    "passChancePressured": 0.35679998993873596,
    "passChanceWing": 0.009999999776482582,
    "shootProgressThreshold": 0.8029000163078308,
    "tackleChance": 0.16369999945163727
  },
  "createdAt": "2026-04-30T10:49:44Z",
  "epoch": 166,
  "evaluation": {
    "avgGoals": 11.6,
    "avgOutOfBounds": 0.01,
    "avgPasses": 129.47,
    "avgShots": 39.09,
    "avgTackles": 6.53,
    "baselineAvgGoals": 5.925,
    "candidateAvgGoals": 5.677,
    "candidateWon": false,
    "earlyStop": null,
    "elapsedMs": 283,
    "games": 1000,
    "gamesPerSecond": 3533.57,
    "goalDiff": -248.0,
    "maxGames": 1000,
    "passCompletionRate": 0.91,
    "tackleSuccessRate": 1.0,
    "zScore": -1.311
  },
  "gamesPerEpoch": 1000,
  "name": "epoch-166",
  "opponent": {
    "parameters": {
      "forwardPassMinGain": 12.0,
      "markDistance": 66.0,
      "passChanceDefault": 0.13030000030994415,
      "passChanceForward": 0.1445000022649765,
      "passChancePressured": 0.35679998993873596,
      "passChanceWing": 0.009999999776482582,
      "shootProgressThreshold": 0.8029000163078308,
      "tackleChance": 0.16369999945163727
    },
    "sourceEpoch": 165
  },
  "session": "session-12"
}
