{
  "accepted": true,
  "candidate": {
    "parameters": {
      "forwardPassMinGain": 11.0,
      "markDistance": 64.0,
      "passChanceDefault": 0.01119999960064888,
      "passChanceForward": 0.18000000715255737,
      "passChancePressured": 0.4000000059604645,
      "passChanceWing": 0.009999999776482582,
      "shootProgressThreshold": 0.8105000257492065,
      "tackleChance": 0.21879999339580536
    }
  },
  "championEpoch": 659,
  "championParameters": {
    "forwardPassMinGain": 11.0,
    "markDistance": 64.0,
    "passChanceDefault": 0.01119999960064888,
    "passChanceForward": 0.18000000715255737,
    "passChancePressured": 0.4000000059604645,
    "passChanceWing": 0.009999999776482582,
    "shootProgressThreshold": 0.8105000257492065,
    "tackleChance": 0.21879999339580536
  },
  "createdAt": "2026-04-30T10:51:36Z",
  "epoch": 659,
  "evaluation": {
    "avgGoals": 12.21,
    "avgOutOfBounds": 0.01,
    "avgPasses": 136.97,
    "avgShots": 37.66,
    "avgTackles": 5.4,
    "baselineAvgGoals": 6.041,
    "candidateAvgGoals": 6.171,
    "candidateWon": true,
    "earlyStop": null,
    "elapsedMs": 297,
    "games": 1000,
    "gamesPerSecond": 3367.0,
    "goalDiff": 130.0,
    "maxGames": 1000,
    "passCompletionRate": 0.908,
    "tackleSuccessRate": 1.0,
    "zScore": 0.679
  },
  "gamesPerEpoch": 1000,
  "name": "epoch-659",
  "opponent": {
    "parameters": {
      "forwardPassMinGain": 11.0,
      "markDistance": 61.0,
      "passChanceDefault": 0.006599999964237213,
      "passChanceForward": 0.18000000715255737,
      "passChancePressured": 0.4000000059604645,
      "passChanceWing": 0.009999999776482582,
      "shootProgressThreshold": 0.8105000257492065,
      "tackleChance": 0.21879999339580536
    },
    "sourceEpoch": 641
  },
  "session": "session-12"
}
