{
  "accepted": false,
  "candidate": {
    "parameters": {
      "forwardPassMinGain": 13.0,
      "markDistance": 68.0,
      "passChanceDefault": 0.03579999879002571,
      "passChanceForward": 0.1573999971151352,
      "passChancePressured": 0.3418999910354614,
      "passChanceWing": 0.009999999776482582,
      "shootProgressThreshold": 0.8252999782562256,
      "tackleChance": 0.15469999611377716
    }
  },
  "championEpoch": 133,
  "championParameters": {
    "forwardPassMinGain": 12.0,
    "markDistance": 67.0,
    "passChanceDefault": 0.08739999681711197,
    "passChanceForward": 0.1573999971151352,
    "passChancePressured": 0.3418999910354614,
    "passChanceWing": 0.009999999776482582,
    "shootProgressThreshold": 0.8097000122070312,
    "tackleChance": 0.16349999606609344
  },
  "createdAt": "2026-04-30T10:49:39Z",
  "epoch": 140,
  "evaluation": {
    "avgGoals": 11.79,
    "avgOutOfBounds": 0.01,
    "avgPasses": 132.08,
    "avgShots": 39.35,
    "avgTackles": 5.57,
    "baselineAvgGoals": 5.942,
    "candidateAvgGoals": 5.845,
    "candidateWon": false,
    "earlyStop": null,
    "elapsedMs": 283,
    "games": 1000,
    "gamesPerSecond": 3533.57,
    "goalDiff": -97.0,
    "maxGames": 1000,
    "passCompletionRate": 0.912,
    "tackleSuccessRate": 1.0,
    "zScore": -0.489
  },
  "gamesPerEpoch": 1000,
  "name": "epoch-140",
  "opponent": {
    "parameters": {
      "forwardPassMinGain": 12.0,
      "markDistance": 67.0,
      "passChanceDefault": 0.08739999681711197,
      "passChanceForward": 0.1573999971151352,
      "passChancePressured": 0.3418999910354614,
      "passChanceWing": 0.009999999776482582,
      "shootProgressThreshold": 0.8097000122070312,
      "tackleChance": 0.16349999606609344
    },
    "sourceEpoch": 133
  },
  "session": "session-12"
}
