{
  "accepted": false,
  "candidate": {
    "parameters": {
      "forwardPassMinGain": 16.0,
      "markDistance": 72.0,
      "passChanceDefault": 0.13030000030994415,
      "passChanceForward": 0.1445000022649765,
      "passChancePressured": 0.35679998993873596,
      "passChanceWing": 0.009999999776482582,
      "shootProgressThreshold": 0.8029000163078308,
      "tackleChance": 0.1834000051021576
    }
  },
  "championEpoch": 165,
  "championParameters": {
    "forwardPassMinGain": 12.0,
    "markDistance": 66.0,
    "passChanceDefault": 0.13030000030994415,
    "passChanceForward": 0.1445000022649765,
    "passChancePressured": 0.35679998993873596,
    "passChanceWing": 0.009999999776482582,
    "shootProgressThreshold": 0.8029000163078308,
    "tackleChance": 0.16369999945163727
  },
  "createdAt": "2026-04-30T10:49:45Z",
  "epoch": 167,
  "evaluation": {
    "avgGoals": 11.54,
    "avgOutOfBounds": 0.01,
    "avgPasses": 132.52,
    "avgShots": 39.38,
    "avgTackles": 6.18,
    "baselineAvgGoals": 5.814,
    "candidateAvgGoals": 5.727,
    "candidateWon": false,
    "earlyStop": null,
    "elapsedMs": 285,
    "games": 1000,
    "gamesPerSecond": 3508.77,
    "goalDiff": -87.0,
    "maxGames": 1000,
    "passCompletionRate": 0.916,
    "tackleSuccessRate": 1.0,
    "zScore": -0.453
  },
  "gamesPerEpoch": 1000,
  "name": "epoch-167",
  "opponent": {
    "parameters": {
      "forwardPassMinGain": 12.0,
      "markDistance": 66.0,
      "passChanceDefault": 0.13030000030994415,
      "passChanceForward": 0.1445000022649765,
      "passChancePressured": 0.35679998993873596,
      "passChanceWing": 0.009999999776482582,
      "shootProgressThreshold": 0.8029000163078308,
      "tackleChance": 0.16369999945163727
    },
    "sourceEpoch": 165
  },
  "session": "session-12"
}
