{
  "accepted": false,
  "candidate": {
    "parameters": {
      "forwardPassMinGain": 14.0,
      "markDistance": 65.0,
      "passChanceDefault": 0.03009999915957451,
      "passChanceForward": 0.1777999997138977,
      "passChancePressured": 0.3628000020980835,
      "passChanceWing": 0.009999999776482582,
      "shootProgressThreshold": 0.8515999913215637,
      "tackleChance": 0.2199999988079071
    }
  },
  "championEpoch": 360,
  "championParameters": {
    "forwardPassMinGain": 14.0,
    "markDistance": 66.0,
    "passChanceDefault": 0.03009999915957451,
    "passChanceForward": 0.1777999997138977,
    "passChancePressured": 0.38179999589920044,
    "passChanceWing": 0.009999999776482582,
    "shootProgressThreshold": 0.8119000196456909,
    "tackleChance": 0.2199999988079071
  },
  "createdAt": "2026-04-30T10:50:30Z",
  "epoch": 364,
  "evaluation": {
    "avgGoals": 10.26,
    "avgOutOfBounds": 0.0,
    "avgPasses": 132.96,
    "avgShots": 47.54,
    "avgTackles": 4.9,
    "baselineAvgGoals": 5.88,
    "candidateAvgGoals": 4.38,
    "candidateWon": false,
    "earlyStop": "worse",
    "elapsedMs": 29,
    "games": 100,
    "gamesPerSecond": 3448.28,
    "goalDiff": -150.0,
    "maxGames": 1000,
    "passCompletionRate": 0.907,
    "tackleSuccessRate": 1.0,
    "zScore": -2.746
  },
  "gamesPerEpoch": 1000,
  "name": "epoch-364",
  "opponent": {
    "parameters": {
      "forwardPassMinGain": 14.0,
      "markDistance": 66.0,
      "passChanceDefault": 0.03009999915957451,
      "passChanceForward": 0.1777999997138977,
      "passChancePressured": 0.38179999589920044,
      "passChanceWing": 0.009999999776482582,
      "shootProgressThreshold": 0.8119000196456909,
      "tackleChance": 0.2199999988079071
    },
    "sourceEpoch": 360
  },
  "session": "session-12"
}
