{
  "accepted": true,
  "candidate": {
    "parameters": {
      "forwardPassMinGain": 14.0,
      "markDistance": 66.0,
      "passChanceDefault": 0.1324000060558319,
      "passChanceForward": 0.18000000715255737,
      "passChancePressured": 0.33649998903274536,
      "passChanceWing": 0.03310000151395798,
      "shootProgressThreshold": 0.8145999908447266,
      "tackleChance": 0.2199999988079071
    }
  },
  "championEpoch": 740,
  "championParameters": {
    "forwardPassMinGain": 14.0,
    "markDistance": 66.0,
    "passChanceDefault": 0.1324000060558319,
    "passChanceForward": 0.18000000715255737,
    "passChancePressured": 0.33649998903274536,
    "passChanceWing": 0.03310000151395798,
    "shootProgressThreshold": 0.8145999908447266,
    "tackleChance": 0.2199999988079071
  },
  "createdAt": "2026-04-30T10:51:56Z",
  "epoch": 740,
  "evaluation": {
    "avgGoals": 11.14,
    "avgOutOfBounds": 0.01,
    "avgPasses": 148.52,
    "avgShots": 34.41,
    "avgTackles": 5.22,
    "baselineAvgGoals": 5.526,
    "candidateAvgGoals": 5.615,
    "candidateWon": true,
    "earlyStop": null,
    "elapsedMs": 297,
    "games": 1000,
    "gamesPerSecond": 3367.0,
    "goalDiff": 89.0,
    "maxGames": 1000,
    "passCompletionRate": 0.923,
    "tackleSuccessRate": 1.0,
    "zScore": 0.501
  },
  "gamesPerEpoch": 1000,
  "name": "epoch-740",
  "opponent": {
    "parameters": {
      "forwardPassMinGain": 14.0,
      "markDistance": 66.0,
      "passChanceDefault": 0.11289999634027481,
      "passChanceForward": 0.18000000715255737,
      "passChancePressured": 0.33649998903274536,
      "passChanceWing": 0.03310000151395798,
      "shootProgressThreshold": 0.8145999908447266,
      "tackleChance": 0.2199999988079071
    },
    "sourceEpoch": 738
  },
  "session": "session-12"
}
