{
  "accepted": false,
  "candidate": {
    "parameters": {
      "forwardPassMinGain": 14.0,
      "markDistance": 69.0,
      "passChanceDefault": 0.0640999972820282,
      "passChanceForward": 0.1446000039577484,
      "passChancePressured": 0.4000000059604645,
      "passChanceWing": 0.009999999776482582,
      "shootProgressThreshold": 0.8367999792098999,
      "tackleChance": 0.18629999458789825
    }
  },
  "championEpoch": 855,
  "championParameters": {
    "forwardPassMinGain": 14.0,
    "markDistance": 69.0,
    "passChanceDefault": 0.03350000083446503,
    "passChanceForward": 0.1446000039577484,
    "passChancePressured": 0.4000000059604645,
    "passChanceWing": 0.009999999776482582,
    "shootProgressThreshold": 0.8054999709129333,
    "tackleChance": 0.1987999975681305
  },
  "createdAt": "2026-04-30T10:52:27Z",
  "epoch": 875,
  "evaluation": {
    "avgGoals": 11.21,
    "avgOutOfBounds": 0.01,
    "avgPasses": 127.85,
    "avgShots": 42.27,
    "avgTackles": 5.74,
    "baselineAvgGoals": 5.785,
    "candidateAvgGoals": 5.42,
    "candidateWon": false,
    "earlyStop": null,
    "elapsedMs": 294,
    "games": 1000,
    "gamesPerSecond": 3401.36,
    "goalDiff": -365.0,
    "maxGames": 1000,
    "passCompletionRate": 0.905,
    "tackleSuccessRate": 1.0,
    "zScore": -1.91
  },
  "gamesPerEpoch": 1000,
  "name": "epoch-875",
  "opponent": {
    "parameters": {
      "forwardPassMinGain": 14.0,
      "markDistance": 69.0,
      "passChanceDefault": 0.03350000083446503,
      "passChanceForward": 0.1446000039577484,
      "passChancePressured": 0.4000000059604645,
      "passChanceWing": 0.009999999776482582,
      "shootProgressThreshold": 0.8054999709129333,
      "tackleChance": 0.1987999975681305
    },
    "sourceEpoch": 855
  },
  "session": "session-12"
}
