{
  "accepted": false,
  "candidate": {
    "parameters": {
      "forwardPassMinGain": 11.0,
      "markDistance": 64.0,
      "passChanceDefault": 0.02969999983906746,
      "passChanceForward": 0.15559999644756317,
      "passChancePressured": 0.4000000059604645,
      "passChanceWing": 0.020899999886751175,
      "shootProgressThreshold": 0.8080999851226807,
      "tackleChance": 0.18690000474452972
    }
  },
  "championEpoch": 659,
  "championParameters": {
    "forwardPassMinGain": 11.0,
    "markDistance": 64.0,
    "passChanceDefault": 0.01119999960064888,
    "passChanceForward": 0.18000000715255737,
    "passChancePressured": 0.4000000059604645,
    "passChanceWing": 0.009999999776482582,
    "shootProgressThreshold": 0.8105000257492065,
    "tackleChance": 0.21879999339580536
  },
  "createdAt": "2026-04-30T10:51:37Z",
  "epoch": 663,
  "evaluation": {
    "avgGoals": 11.8,
    "avgOutOfBounds": 0.0,
    "avgPasses": 139.07,
    "avgShots": 36.82,
    "avgTackles": 5.54,
    "baselineAvgGoals": 5.975,
    "candidateAvgGoals": 5.827,
    "candidateWon": false,
    "earlyStop": null,
    "elapsedMs": 299,
    "games": 1000,
    "gamesPerSecond": 3344.48,
    "goalDiff": -148.0,
    "maxGames": 1000,
    "passCompletionRate": 0.913,
    "tackleSuccessRate": 1.0,
    "zScore": -0.779
  },
  "gamesPerEpoch": 1000,
  "name": "epoch-663",
  "opponent": {
    "parameters": {
      "forwardPassMinGain": 11.0,
      "markDistance": 64.0,
      "passChanceDefault": 0.01119999960064888,
      "passChanceForward": 0.18000000715255737,
      "passChancePressured": 0.4000000059604645,
      "passChanceWing": 0.009999999776482582,
      "shootProgressThreshold": 0.8105000257492065,
      "tackleChance": 0.21879999339580536
    },
    "sourceEpoch": 659
  },
  "session": "session-12"
}
