{
  "accepted": false,
  "candidate": {
    "parameters": {
      "forwardPassMinGain": 14.0,
      "markDistance": 60.0,
      "passChanceDefault": 0.09560000151395798,
      "passChanceForward": 0.18000000715255737,
      "passChancePressured": 0.30979999899864197,
      "passChanceWing": 0.009999999776482582,
      "shootProgressThreshold": 0.8234000205993652,
      "tackleChance": 0.2199999988079071
    }
  },
  "championEpoch": 741,
  "championParameters": {
    "forwardPassMinGain": 14.0,
    "markDistance": 66.0,
    "passChanceDefault": 0.1080000028014183,
    "passChanceForward": 0.18000000715255737,
    "passChancePressured": 0.30979999899864197,
    "passChanceWing": 0.026799999177455902,
    "shootProgressThreshold": 0.8145999908447266,
    "tackleChance": 0.2199999988079071
  },
  "createdAt": "2026-04-30T10:51:57Z",
  "epoch": 745,
  "evaluation": {
    "avgGoals": 11.48,
    "avgOutOfBounds": 0.01,
    "avgPasses": 143.92,
    "avgShots": 37.66,
    "avgTackles": 5.15,
    "baselineAvgGoals": 5.849,
    "candidateAvgGoals": 5.626,
    "candidateWon": false,
    "earlyStop": null,
    "elapsedMs": 295,
    "games": 1000,
    "gamesPerSecond": 3389.83,
    "goalDiff": -223.0,
    "maxGames": 1000,
    "passCompletionRate": 0.916,
    "tackleSuccessRate": 1.0,
    "zScore": -1.277
  },
  "gamesPerEpoch": 1000,
  "name": "epoch-745",
  "opponent": {
    "parameters": {
      "forwardPassMinGain": 14.0,
      "markDistance": 66.0,
      "passChanceDefault": 0.1080000028014183,
      "passChanceForward": 0.18000000715255737,
      "passChancePressured": 0.30979999899864197,
      "passChanceWing": 0.026799999177455902,
      "shootProgressThreshold": 0.8145999908447266,
      "tackleChance": 0.2199999988079071
    },
    "sourceEpoch": 741
  },
  "session": "session-12"
}
