{
  "accepted": false,
  "candidate": {
    "parameters": {
      "forwardPassMinGain": 16.0,
      "markDistance": 63.0,
      "passChanceDefault": 0.051600001752376556,
      "passChanceForward": 0.18000000715255737,
      "passChancePressured": 0.3481999933719635,
      "passChanceWing": 0.009999999776482582,
      "shootProgressThreshold": 0.8693000078201294,
      "tackleChance": 0.19820000231266022
    }
  },
  "championEpoch": 23,
  "championParameters": {
    "forwardPassMinGain": 18.0,
    "markDistance": 66.0,
    "passChanceDefault": 0.051600001752376556,
    "passChanceForward": 0.18000000715255737,
    "passChancePressured": 0.3481999933719635,
    "passChanceWing": 0.009999999776482582,
    "shootProgressThreshold": 0.8133999705314636,
    "tackleChance": 0.19820000231266022
  },
  "createdAt": "2026-04-30T10:49:15Z",
  "epoch": 28,
  "evaluation": {
    "avgGoals": 7.57,
    "avgOutOfBounds": 0.01,
    "avgPasses": 134.94,
    "avgShots": 65.61,
    "avgTackles": 4.59,
    "baselineAvgGoals": 4.59,
    "candidateAvgGoals": 2.98,
    "candidateWon": false,
    "earlyStop": "worse",
    "elapsedMs": 29,
    "games": 100,
    "gamesPerSecond": 3448.28,
    "goalDiff": -161.0,
    "maxGames": 1000,
    "passCompletionRate": 0.922,
    "tackleSuccessRate": 1.0,
    "zScore": -3.481
  },
  "gamesPerEpoch": 1000,
  "name": "epoch-028",
  "opponent": {
    "parameters": {
      "forwardPassMinGain": 18.0,
      "markDistance": 66.0,
      "passChanceDefault": 0.051600001752376556,
      "passChanceForward": 0.18000000715255737,
      "passChancePressured": 0.3481999933719635,
      "passChanceWing": 0.009999999776482582,
      "shootProgressThreshold": 0.8133999705314636,
      "tackleChance": 0.19820000231266022
    },
    "sourceEpoch": 23
  },
  "session": "session-12"
}
