{
  "accepted": true,
  "candidate": {
    "parameters": {
      "forwardPassMinGain": 6.0,
      "markDistance": 66.0,
      "passChanceDefault": 0.01889999955892563,
      "passChanceForward": 0.17470000684261322,
      "passChancePressured": 0.3815999925136566,
      "passChanceWing": 0.009999999776482582,
      "shootProgressThreshold": 0.8037999868392944,
      "tackleChance": 0.18930000066757202
    }
  },
  "championEpoch": 597,
  "championParameters": {
    "forwardPassMinGain": 6.0,
    "markDistance": 66.0,
    "passChanceDefault": 0.01889999955892563,
    "passChanceForward": 0.17470000684261322,
    "passChancePressured": 0.3815999925136566,
    "passChanceWing": 0.009999999776482582,
    "shootProgressThreshold": 0.8037999868392944,
    "tackleChance": 0.18930000066757202
  },
  "createdAt": "2026-04-30T10:51:21Z",
  "epoch": 597,
  "evaluation": {
    "avgGoals": 11.75,
    "avgOutOfBounds": 0.0,
    "avgPasses": 134.44,
    "avgShots": 38.42,
    "avgTackles": 5.99,
    "baselineAvgGoals": 5.827,
    "candidateAvgGoals": 5.924,
    "candidateWon": true,
    "earlyStop": null,
    "elapsedMs": 295,
    "games": 1000,
    "gamesPerSecond": 3389.83,
    "goalDiff": 97.0,
    "maxGames": 1000,
    "passCompletionRate": 0.914,
    "tackleSuccessRate": 1.0,
    "zScore": 0.502
  },
  "gamesPerEpoch": 1000,
  "name": "epoch-597",
  "opponent": {
    "parameters": {
      "forwardPassMinGain": 6.0,
      "markDistance": 66.0,
      "passChanceDefault": 0.01889999955892563,
      "passChanceForward": 0.17470000684261322,
      "passChancePressured": 0.4000000059604645,
      "passChanceWing": 0.009999999776482582,
      "shootProgressThreshold": 0.8037999868392944,
      "tackleChance": 0.18930000066757202
    },
    "sourceEpoch": 594
  },
  "session": "session-12"
}
