{
  "accepted": false,
  "candidate": {
    "parameters": {
      "forwardPassMinGain": 16.0,
      "markDistance": 72.0,
      "passChanceDefault": 0.1088000014424324,
      "passChanceForward": 0.13750000298023224,
      "passChancePressured": 0.375900000333786,
      "passChanceWing": 0.009999999776482582,
      "shootProgressThreshold": 0.8003000020980835,
      "tackleChance": 0.20999999344348907
    }
  },
  "championEpoch": 242,
  "championParameters": {
    "forwardPassMinGain": 15.0,
    "markDistance": 67.0,
    "passChanceDefault": 0.1088000014424324,
    "passChanceForward": 0.1551000028848648,
    "passChancePressured": 0.375900000333786,
    "passChanceWing": 0.009999999776482582,
    "shootProgressThreshold": 0.8266000151634216,
    "tackleChance": 0.1800999939441681
  },
  "createdAt": "2026-04-30T10:50:03Z",
  "epoch": 250,
  "evaluation": {
    "avgGoals": 11.31,
    "avgOutOfBounds": 0.01,
    "avgPasses": 128.78,
    "avgShots": 42.88,
    "avgTackles": 6.07,
    "baselineAvgGoals": 5.695,
    "candidateAvgGoals": 5.612,
    "candidateWon": false,
    "earlyStop": null,
    "elapsedMs": 295,
    "games": 1000,
    "gamesPerSecond": 3389.83,
    "goalDiff": -83.0,
    "maxGames": 1000,
    "passCompletionRate": 0.91,
    "tackleSuccessRate": 1.0,
    "zScore": -0.434
  },
  "gamesPerEpoch": 1000,
  "name": "epoch-250",
  "opponent": {
    "parameters": {
      "forwardPassMinGain": 15.0,
      "markDistance": 67.0,
      "passChanceDefault": 0.1088000014424324,
      "passChanceForward": 0.1551000028848648,
      "passChancePressured": 0.375900000333786,
      "passChanceWing": 0.009999999776482582,
      "shootProgressThreshold": 0.8266000151634216,
      "tackleChance": 0.1800999939441681
    },
    "sourceEpoch": 242
  },
  "session": "session-12"
}
