{
  "accepted": false,
  "candidate": {
    "parameters": {
      "forwardPassMinGain": 14.0,
      "markDistance": 66.0,
      "passChanceDefault": 0.05400000140070915,
      "passChanceForward": 0.16220000386238098,
      "passChancePressured": 0.3564999997615814,
      "passChanceWing": 0.04560000076889992,
      "shootProgressThreshold": 0.76910001039505,
      "tackleChance": 0.2199999988079071
    }
  },
  "championEpoch": 685,
  "championParameters": {
    "forwardPassMinGain": 14.0,
    "markDistance": 66.0,
    "passChanceDefault": 0.05400000140070915,
    "passChanceForward": 0.18000000715255737,
    "passChancePressured": 0.4000000059604645,
    "passChanceWing": 0.009999999776482582,
    "shootProgressThreshold": 0.8087000250816345,
    "tackleChance": 0.2199999988079071
  },
  "createdAt": "2026-04-30T10:51:43Z",
  "epoch": 686,
  "evaluation": {
    "avgGoals": 2.71,
    "avgOutOfBounds": 0.01,
    "avgPasses": 109.96,
    "avgShots": 132.87,
    "avgTackles": 2.2,
    "baselineAvgGoals": 2.06,
    "candidateAvgGoals": 0.65,
    "candidateWon": false,
    "earlyStop": "worse",
    "elapsedMs": 32,
    "games": 100,
    "gamesPerSecond": 3125.0,
    "goalDiff": -141.0,
    "maxGames": 1000,
    "passCompletionRate": 0.967,
    "tackleSuccessRate": 1.0,
    "zScore": -6.047
  },
  "gamesPerEpoch": 1000,
  "name": "epoch-686",
  "opponent": {
    "parameters": {
      "forwardPassMinGain": 14.0,
      "markDistance": 66.0,
      "passChanceDefault": 0.05400000140070915,
      "passChanceForward": 0.18000000715255737,
      "passChancePressured": 0.4000000059604645,
      "passChanceWing": 0.009999999776482582,
      "shootProgressThreshold": 0.8087000250816345,
      "tackleChance": 0.2199999988079071
    },
    "sourceEpoch": 685
  },
  "session": "session-12"
}
