{
  "accepted": true,
  "candidate": {
    "parameters": {
      "forwardPassMinGain": 15.0,
      "markDistance": 66.0,
      "passChanceDefault": 0.011099999770522118,
      "passChanceForward": 0.18000000715255737,
      "passChancePressured": 0.3352999985218048,
      "passChanceWing": 0.020400000736117363,
      "shootProgressThreshold": 0.8026999831199646,
      "tackleChance": 0.21060000360012054
    }
  },
  "championEpoch": 505,
  "championParameters": {
    "forwardPassMinGain": 15.0,
    "markDistance": 66.0,
    "passChanceDefault": 0.011099999770522118,
    "passChanceForward": 0.18000000715255737,
    "passChancePressured": 0.3352999985218048,
    "passChanceWing": 0.020400000736117363,
    "shootProgressThreshold": 0.8026999831199646,
    "tackleChance": 0.21060000360012054
  },
  "createdAt": "2026-04-30T10:51:01Z",
  "epoch": 505,
  "evaluation": {
    "avgGoals": 11.84,
    "avgOutOfBounds": 0.01,
    "avgPasses": 133.59,
    "avgShots": 37.98,
    "avgTackles": 5.99,
    "baselineAvgGoals": 5.911,
    "candidateAvgGoals": 5.931,
    "candidateWon": true,
    "earlyStop": null,
    "elapsedMs": 292,
    "games": 1000,
    "gamesPerSecond": 3424.66,
    "goalDiff": 20.0,
    "maxGames": 1000,
    "passCompletionRate": 0.915,
    "tackleSuccessRate": 1.0,
    "zScore": 0.102
  },
  "gamesPerEpoch": 1000,
  "name": "epoch-505",
  "opponent": {
    "parameters": {
      "forwardPassMinGain": 14.0,
      "markDistance": 69.0,
      "passChanceDefault": 0.004999999888241291,
      "passChanceForward": 0.18000000715255737,
      "passChancePressured": 0.3352999985218048,
      "passChanceWing": 0.020400000736117363,
      "shootProgressThreshold": 0.8119000196456909,
      "tackleChance": 0.21250000596046448
    },
    "sourceEpoch": 501
  },
  "session": "session-12"
}
