{
  "accepted": false,
  "candidate": {
    "parameters": {
      "forwardPassMinGain": 14.0,
      "markDistance": 69.0,
      "passChanceDefault": 0.004999999888241291,
      "passChanceForward": 0.15839999914169312,
      "passChancePressured": 0.28859999775886536,
      "passChanceWing": 0.030400000512599945,
      "shootProgressThreshold": 0.8639000058174133,
      "tackleChance": 0.20350000262260437
    }
  },
  "championEpoch": 510,
  "championParameters": {
    "forwardPassMinGain": 14.0,
    "markDistance": 67.0,
    "passChanceDefault": 0.004999999888241291,
    "passChanceForward": 0.15880000591278076,
    "passChancePressured": 0.3248000144958496,
    "passChanceWing": 0.009999999776482582,
    "shootProgressThreshold": 0.8026999831199646,
    "tackleChance": 0.20350000262260437
  },
  "createdAt": "2026-04-30T10:51:05Z",
  "epoch": 520,
  "evaluation": {
    "avgGoals": 8.75,
    "avgOutOfBounds": 0.01,
    "avgPasses": 129.96,
    "avgShots": 57.48,
    "avgTackles": 5.43,
    "baselineAvgGoals": 5.06,
    "candidateAvgGoals": 3.69,
    "candidateWon": false,
    "earlyStop": "worse",
    "elapsedMs": 29,
    "games": 100,
    "gamesPerSecond": 3448.28,
    "goalDiff": -137.0,
    "maxGames": 1000,
    "passCompletionRate": 0.925,
    "tackleSuccessRate": 1.0,
    "zScore": -2.679
  },
  "gamesPerEpoch": 1000,
  "name": "epoch-520",
  "opponent": {
    "parameters": {
      "forwardPassMinGain": 14.0,
      "markDistance": 67.0,
      "passChanceDefault": 0.004999999888241291,
      "passChanceForward": 0.15880000591278076,
      "passChancePressured": 0.3248000144958496,
      "passChanceWing": 0.009999999776482582,
      "shootProgressThreshold": 0.8026999831199646,
      "tackleChance": 0.20350000262260437
    },
    "sourceEpoch": 510
  },
  "session": "session-12"
}
