{
  "accepted": false,
  "candidate": {
    "parameters": {
      "forwardPassMinGain": 6.0,
      "markDistance": 63.0,
      "passChanceDefault": 0.013199999928474426,
      "passChanceForward": 0.17980000376701355,
      "passChancePressured": 0.32330000400543213,
      "passChanceWing": 0.013799999840557575,
      "shootProgressThreshold": 0.8417999744415283,
      "tackleChance": 0.13779999315738678
    }
  },
  "championEpoch": 578,
  "championParameters": {
    "forwardPassMinGain": 6.0,
    "markDistance": 67.0,
    "passChanceDefault": 0.004999999888241291,
    "passChanceForward": 0.17990000545978546,
    "passChancePressured": 0.32330000400543213,
    "passChanceWing": 0.009999999776482582,
    "shootProgressThreshold": 0.7985000014305115,
    "tackleChance": 0.15299999713897705
  },
  "createdAt": "2026-04-30T10:51:18Z",
  "epoch": 579,
  "evaluation": {
    "avgGoals": 10.36,
    "avgOutOfBounds": 0.01,
    "avgPasses": 133.31,
    "avgShots": 48.32,
    "avgTackles": 5.21,
    "baselineAvgGoals": 5.247,
    "candidateAvgGoals": 5.116,
    "candidateWon": false,
    "earlyStop": null,
    "elapsedMs": 295,
    "games": 1000,
    "gamesPerSecond": 3389.83,
    "goalDiff": -131.0,
    "maxGames": 1000,
    "passCompletionRate": 0.92,
    "tackleSuccessRate": 1.0,
    "zScore": -0.76
  },
  "gamesPerEpoch": 1000,
  "name": "epoch-579",
  "opponent": {
    "parameters": {
      "forwardPassMinGain": 6.0,
      "markDistance": 67.0,
      "passChanceDefault": 0.004999999888241291,
      "passChanceForward": 0.17990000545978546,
      "passChancePressured": 0.32330000400543213,
      "passChanceWing": 0.009999999776482582,
      "shootProgressThreshold": 0.7985000014305115,
      "tackleChance": 0.15299999713897705
    },
    "sourceEpoch": 578
  },
  "session": "session-12"
}
