{
  "accepted": false,
  "candidate": {
    "playerParams": [
      {
        "aggression": 1.9832663536071777,
        "base": {
          "forwardPassMinGain": 15.0,
          "markDistance": 52.0,
          "passChanceDefault": 0.08540000021457672,
          "passChanceForward": 0.18000000715255737,
          "passChancePressured": 0.4000000059604645,
          "passChanceWing": 0.07419999688863754,
          "shootProgressThreshold": 0.7613000273704529,
          "tackleChance": 0.2199999988079071
        },
        "blockAvoidance": 0.8438128232955933,
        "blockDistance": 26.52882957458496,
        "chemistryBonus": 0.0,
        "chemistryTargetId": -1,
        "clearShotBonus": 0.05843879282474518,
        "corridorPreference": 1,
        "edgeAvoidance": 0.06440730392932892,
        "goalAttraction": 0.0,
        "pressureRadius": 76.1490707397461,
        "riskAppetite": 0.49636805057525635,
        "visionRadius": 1000000000.0,
        "zoneAggression": [
          1.3525627851486206,
          0.8730491995811462,
          1.3810710906982422,
          0.6886999607086182,
          0.9990993738174438
        ]
      },
      {
        "aggression": 0.9969774484634399,
        "base": {
          "forwardPassMinGain": 18.0,
          "markDistance": 53.0,
          "passChanceDefault": 0.008500000461935997,
          "passChanceForward": 0.1501999944448471,
          "passChancePressured": 0.4000000059604645,
          "passChanceWing": 0.009999999776482582,
          "shootProgressThreshold": 0.8827999830245972,
          "tackleChance": 0.17569999396800995
        },
        "blockAvoidance": 0.666160523891449,
        "blockDistance": 23.064971923828125,
        "chemistryBonus": 0.0,
        "chemistryTargetId": -1,
        "clearShotBonus": 0.2417895793914795,
        "corridorPreference": 1,
        "edgeAvoidance": 0.023766830563545227,
        "goalAttraction": 0.10631972551345825,
        "pressureRadius": 80.87024688720703,
        "riskAppetite": 0.6086151003837585,
        "visionRadius": 1000000000.0,
        "zoneAggression": [
          0.7590702772140503,
          0.9011235237121582,
          1.0348055362701416,
          0.9702624082565308,
          1.1883519887924194
        ]
      },
      {
        "aggression": 1.3848568201065063,
        "base": {
          "forwardPassMinGain": 14.0,
          "markDistance": 73.0,
          "passChanceDefault": 0.004999999888241291,
          "passChanceForward": 0.13330000638961792,
          "passChancePressured": 0.3686000108718872,
          "passChanceWing": 0.009999999776482582,
          "shootProgressThreshold": 0.8125,
          "tackleChance": 0.19050000607967377
        },
        "blockAvoidance": 0.48274195194244385,
        "blockDistance": 28.884891510009766,
        "chemistryBonus": 0.0,
        "chemistryTargetId": -1,
        "clearShotBonus": 0.09796097874641418,
        "corridorPreference": 0,
        "edgeAvoidance": 0.0,
        "goalAttraction": 0.3883086144924164,
        "pressureRadius": 67.1866683959961,
        "riskAppetite": 0.48881658911705017,
        "visionRadius": 1000000000.0,
        "zoneAggression": [
          0.8627408742904663,
          1.0934957265853882,
          0.7344033718109131,
          0.9602222442626953,
          0.7993286848068237
        ]
      },
      {
        "aggression": 1.2033013105392456,
        "base": {
          "forwardPassMinGain": 12.0,
          "markDistance": 85.0,
          "passChanceDefault": 0.11949999630451202,
          "passChanceForward": 0.18000000715255737,
          "passChancePressured": 0.36719998717308044,
          "passChanceWing": 0.014000000432133675,
          "shootProgressThreshold": 0.8999999761581421,
          "tackleChance": 0.1615000069141388
        },
        "blockAvoidance": 0.48394501209259033,
        "blockDistance": 32.74515914916992,
        "chemistryBonus": 0.0,
        "chemistryTargetId": -1,
        "clearShotBonus": 0.11941354721784592,
        "corridorPreference": -1,
        "edgeAvoidance": 0.672926664352417,
        "goalAttraction": 0.1520499289035797,
        "pressureRadius": 104.56285858154297,
        "riskAppetite": 0.5551488995552063,
        "visionRadius": 1000000000.0,
        "zoneAggression": [
          1.347736120223999,
          1.0,
          0.8180598616600037,
          1.0755372047424316,
          0.7986208200454712
        ]
      },
      {
        "aggression": 1.3676310777664185,
        "base": {
          "forwardPassMinGain": 18.0,
          "markDistance": 73.0,
          "passChanceDefault": 0.004999999888241291,
          "passChanceForward": 0.14229999482631683,
          "passChancePressured": 0.387800008058548,
          "passChanceWing": 0.06520000100135803,
          "shootProgressThreshold": 0.873199999332428,
          "tackleChance": 0.12399999797344208
        },
        "blockAvoidance": 0.4430065155029297,
        "blockDistance": 13.189903259277344,
        "chemistryBonus": 0.0,
        "chemistryTargetId": -1,
        "clearShotBonus": 0.4386817216873169,
        "corridorPreference": -1,
        "edgeAvoidance": 0.5076799988746643,
        "goalAttraction": 0.0,
        "pressureRadius": 59.22733688354492,
        "riskAppetite": 0.3275676667690277,
        "visionRadius": 1000000000.0,
        "zoneAggression": [
          1.0357625484466553,
          1.056975245475769,
          1.177075743675232,
          1.0636335611343384,
          0.8616378903388977
        ]
      }
    ]
  },
  "championEpoch": 39,
  "championPlayerParams": [
    {
      "aggression": 1.7160168886184692,
      "base": {
        "forwardPassMinGain": 15.0,
        "markDistance": 52.0,
        "passChanceDefault": 0.08540000021457672,
        "passChanceForward": 0.18000000715255737,
        "passChancePressured": 0.4000000059604645,
        "passChanceWing": 0.07419999688863754,
        "shootProgressThreshold": 0.7613000273704529,
        "tackleChance": 0.2199999988079071
      },
      "blockAvoidance": 0.7314885258674622,
      "blockDistance": 26.52882957458496,
      "chemistryBonus": 0.0,
      "chemistryTargetId": -1,
      "clearShotBonus": 0.05843879282474518,
      "corridorPreference": 1,
      "edgeAvoidance": 0.06440730392932892,
      "goalAttraction": 0.0,
      "pressureRadius": 76.1490707397461,
      "riskAppetite": 0.43865764141082764,
      "visionRadius": 1000000000.0,
      "zoneAggression": [
        1.3525627851486206,
        0.8730491995811462,
        1.3810710906982422,
        0.5696296095848083,
        0.9990993738174438
      ]
    },
    {
      "aggression": 0.9969774484634399,
      "base": {
        "forwardPassMinGain": 17.0,
        "markDistance": 53.0,
        "passChanceDefault": 0.008500000461935997,
        "passChanceForward": 0.1615999937057495,
        "passChancePressured": 0.4000000059604645,
        "passChanceWing": 0.009999999776482582,
        "shootProgressThreshold": 0.8113999962806702,
        "tackleChance": 0.17569999396800995
      },
      "blockAvoidance": 0.666160523891449,
      "blockDistance": 23.383054733276367,
      "chemistryBonus": 0.0,
      "chemistryTargetId": -1,
      "clearShotBonus": 0.2417895793914795,
      "corridorPreference": 1,
      "edgeAvoidance": 0.023766830563545227,
      "goalAttraction": 0.0,
      "pressureRadius": 84.02432250976562,
      "riskAppetite": 0.6086151003837585,
      "visionRadius": 1000000000.0,
      "zoneAggression": [
        0.7590702772140503,
        0.9011235237121582,
        1.0348055362701416,
        0.9702624082565308,
        1.1883519887924194
      ]
    },
    {
      "aggression": 1.3848568201065063,
      "base": {
        "forwardPassMinGain": 14.0,
        "markDistance": 73.0,
        "passChanceDefault": 0.004999999888241291,
        "passChanceForward": 0.13330000638961792,
        "passChancePressured": 0.3686000108718872,
        "passChanceWing": 0.009999999776482582,