{
  "acceptedCount": 1,
  "acceptedEpochs": [
    6
  ],
  "averageEpochElapsedMs": 828,
  "bestGoalDiff": 2194.0,
  "epochs": 20,
  "finalChampionEpoch": 6,
  "finalChampionPlayerParams": [
    {
      "decisions": {
        "aggression": 1.0245000123977661,
        "forwardPassMinGain": 16.510900497436523,
        "markDistance": 57.64419937133789,
        "passChanceDefault": 0.1979999989271164,
        "passChanceForward": 0.016499999910593033,
        "passChancePressured": 0.19699999690055847,
        "passChanceWing": 0.0333000011742115,
        "passDirDefensive": 1.5429999828338623,
        "passDirNeutral": 0.28870001435279846,
        "passDirOffensive": 1.5880999565124512,
        "riskAppetite": 0.3384999930858612,
        "shootProgressThreshold": 0.8219000101089478,
        "tackleChance": 0.21299999952316284
      },
      "gk": null,
      "spatial": {
        "ball": {
          "max": 88.64019775390625,
          "min": 2.803100109100342,
          "preferred": 25.0314998626709
        },
        "opponent": {
          "max": 229.33250427246094,
          "min": 122.1104965209961,
          "preferred": 205.29190063476562
        },
        "ownGoal": {
          "max": 727.1168823242188,
          "min": 688.6004028320312,
          "preferred": 709.976318359375
        },
        "side": {
          "max": 520.0,
          "min": 16.99920082092285,
          "preferred": 203.42239379882812
        },
        "teammate": {
          "max": 307.430908203125,
          "min": 171.5955047607422,
          "preferred": 252.64639282226562
        }
      }
    },
    {
      "decisions": {
        "aggression": 0.6470000147819519,
        "forwardPassMinGain": 18.0,
        "markDistance": 73.4269027709961,
        "passChanceDefault": 0.09889999777078629,
        "passChanceForward": 0.021700000390410423,
        "passChancePressured": 0.21459999680519104,
        "passChanceWing": 0.009999999776482582,
        "passDirDefensive": 0.2011999934911728,
        "passDirNeutral": 0.41280001401901245,
        "passDirOffensive": 0.4293999969959259,
        "riskAppetite": 1.0,
        "shootProgressThreshold": 0.7049999833106995,
        "tackleChance": 0.20239999890327454
      },
      "gk": null,
      "spatial": {
        "ball": {
          "max": 18.01289939880371,
          "min": 15.605899810791016,
          "preferred": 15.605899810791016
        },
        "opponent": {
          "max": 288.58099365234375,
          "min": 0.0,
          "preferred": 143.58700561523438
        },
        "ownGoal": {
          "max": 303.5703125,
          "min": 271.0956115722656,
          "preferred": 271.0956115722656
        },
        "side": {
          "max": 332.7466125488281,
          "min": 51.079898834228516,
          "preferred": 332.7466125488281
        },
        "teammate": {
          "max": 361.035400390625,
          "min": 54.06909942626953,
          "preferred": 141.77749633789062
        }
      }
    },
    {
      "decisions": {
        "aggression": 2.0,
        "forwardPassMinGain": 15.248800277709961,
        "markDistance": 43.90019989013672,
        "passChanceDefault": 0.12520000338554382,
        "passChanceForward": 0.14429999887943268,
        "passChancePressured": 0.13249999284744263,
        "passChanceWing": 0.1728000044822693,
        "passDirDefensive": 1.7307000160217285,
        "passDirNeutral": 1.823199987411499,
        "passDirOffensive": 1.4743000268936157,
        "riskAppetite": 1.0,
        "shootProgressThreshold": 0.7946000099182129,
        "tackleChance": 0.11879999935626984
      },
      "gk": null,
      "spatial": {
        "ball": {
          "max": 54.27560043334961,
          "min": 0.0,
          "preferred": 6.669300079345703
        },
        "opponent": {
          "max": 239.00869750976562,
          "min": 0.0,
          "preferred": 161.69479370117188
        },
        "ownGoal": {
          "max": 634.8961181640625,
          "min": 403.7851867675781,
          "preferred": 447.9021911621094
        },
        "side": {
          "max": 482.2713928222656,
          "min": 270.5902099609375,
          "preferred": 311.760009765625
        },
        "teammate": {
          "max": 378.62548828125,
          "min": 86.3136978149414,
          "preferred": 130.09979248046875
        }
      }
    },
    {
      "decisions": {
        "aggression": 1.9185999631881714,
        "forwardPassMinGain": 11.444899559020996,
        "markDistance": 30.73189926147461,
        "passChanceDefault": 0.07840000092983246,
        "passChanceForward": 0.04019999876618385,
        "passChancePressured": 0.12370000034570694,
        "passChanceWing": 0.21639999747276306,
        "passDirDefensive": 0.14790000021457672,
        "passDirNeutral": 0.6333000063896179,
        "passDirOffensive": 0.7573000192642212,
        "riskAppetite": 0.09470000118017197,
        "shootProgressThreshold": 0.7074999809265137,
        "tackleChance": 0.0658000037074089
      },
      "gk": null,
      "spatial": {
        "ball": {
          "max": 476.01739501953125,
          "min": 92.68710327148438,
          "preferred": 338.78009033203125
        },
        "opponent": {
          "max": 290.3721008300781,
          "min": 42.9723014831543,
          "preferred": 95.63629913330078
        },
        "ownGoal": {
          "max": 876.25439453125,
          "min": 484.4939880371094,
          "preferred": 633.5211791992188
        },
        "side": {
          "max": 290.7737121582031,
          "min": 86.2229995727539,
          "preferred": 223.41180419921875
        },
        "teammate": {
          "max": 172.05630493164062,
          "min": 53.55780029296875,
          "preferred": 76.24710083007812
        }
      }
    },
    {
      "decisions": {
        "aggression": 1.041100025177002,
        "forwardPassMinGain": 0.0,
        "markDistance": 25.40169906616211,
        "passChanceDefault": 0.02669999934732914,
        "passChanceForward": 0.15230000019073486,
        "passChancePressured": 0.4000000059604645,
        "passChanceWing": 0.21170000731945038,
        "passDirDefensive": 0.5310999751091003,
        "passDirNeutral": 0.0,
        "passDirOffensive": 0.7997999787330627,
        "riskAppetite": 0.5960000157356262,
        "shootProgressThreshold": 0.6841999888420105,
        "tackleChance": 0.2078000009059906
      },
      "gk": {
        "gkDistributionZone": 0.43149998784065247,
        "gkDiveChance": 0.894599974155426,
        "gkDiveCommitDist": 197.33450317382812,
        "gkPassTargetDist": 93.78160095214844,
        "gkRiskClearance": 0.5105000138282776
      },
      "spatial": {
        "ball": {
          "max": 568.837890625,
          "min": 522.57861328125,
          "preferred": 568.837890625
        },
        "opponent": {
          "max": 281.6890869140625,
          "min": 89.0968017578125,
          "preferred": 89.0968017578125
        },
        "ownGoal": {
          "max": 236.5648956298828,
          "min": 118.32060241699219,
          "preferred": 164.94569396972656
        },
        "side": {
          "max": 97.71430206298828,
          "min": 13.587300300598145,
          "preferred": 19.392799377441406
        },
        "teammate": {
          "max": 400.0,
          "min": 44.59550094604492,
          "preferred": 244.64849853515625
        }
      }
    }
  ],
  "finishedAt": "2026-05-07T07:09:58Z",
  "gamesPerEpoch": 5000,
  "history": [
    {
      "accepted": false,
      "baselineAvgGoals": 11.74,
      "candidateAvgGoals": 6.76,
      "championEpoch": 0,
      "earlyStop": "worse",
      "elapsedMs": 176,
      "epoch": 1,
      "gamesRun": 100,
      "goalDiff": -498.0,
      "zScore": -10.652
    },
    {
      "accepted": false,
      "baselineAvgGoals": 7.95,
      "candidateAvgGoals": 7.53,
      "championEpoch": 0,
      "earlyStop": "indecisive",
      "elapsedMs": 168,
      "epoch": 2,
      "gamesRun": 100,
      "goalDiff": -42.0,