{
  "createdAt": "2026-05-05T09:08:09Z",
  "epoch": 0,
  "name": "epoch-000-baseline",
  "playerParams": [
    {
      "decisions": {
        "aggression": 1.8033000230789185,
        "forwardPassMinGain": 0.0,
        "markDistance": 74.00389862060547,
        "passChanceDefault": 0.06360000371932983,
        "passChanceForward": 0.03750000149011612,
        "passChancePressured": 0.2061000019311905,
        "passChanceWing": 0.25,
        "passDirDefensive": 1.0061999559402466,
        "passDirNeutral": 1.617900013923645,
        "passDirOffensive": 0.7738999724388123,
        "riskAppetite": 0.5710999965667725,
        "shootProgressThreshold": 0.6166999936103821,
        "tackleChance": 0.1964000016450882
      },
      "spatial": {
        "ball": {
          "max": 75.74759674072266,
          "min": 0.0,
          "preferred": 0.0
        },
        "opponent": {
          "max": 196.41580200195312,
          "min": 72.91410064697266,
          "preferred": 130.893798828125
        },
        "ownGoal": {
          "max": 798.0720825195312,
          "min": 409.4010009765625,
          "preferred": 688.9859008789062
        },
        "side": {
          "max": 172.3560028076172,
          "min": 43.31340026855469,
          "preferred": 55.562801361083984
        },
        "teammate": {
          "max": 336.5090026855469,
          "min": 192.54530334472656,
          "preferred": 262.6636962890625
        }
      }
    },
    {
      "decisions": {
        "aggression": 1.5879000425338745,
        "forwardPassMinGain": 3.461400032043457,
        "markDistance": 30.640399932861328,
        "passChanceDefault": 0.12229999899864197,
        "passChanceForward": 0.035599999129772186,
        "passChancePressured": 0.019999999552965164,
        "passChanceWing": 0.07259999960660934,
        "passDirDefensive": 1.7484999895095825,
        "passDirNeutral": 0.25619998574256897,
        "passDirOffensive": 2.0,
        "riskAppetite": 0.2827000021934509,
        "shootProgressThreshold": 0.6261000037193298,
        "tackleChance": 0.13130000233650208
      },
      "spatial": {
        "ball": {
          "max": 619.3314819335938,
          "min": 45.33470153808594,
          "preferred": 108.70359802246094
        },
        "opponent": {
          "max": 342.9179992675781,
          "min": 79.74400329589844,
          "preferred": 125.91799926757812
        },
        "ownGoal": {
          "max": 347.4309997558594,
          "min": 105.76470184326172,
          "preferred": 347.4309997558594
        },
        "side": {
          "max": 346.27899169921875,
          "min": 146.1717987060547,
          "preferred": 346.27899169921875
        },
        "teammate": {
          "max": 81.23750305175781,
          "min": 76.02580261230469,
          "preferred": 81.23750305175781
        }
      }
    },
    {
      "decisions": {
        "aggression": 1.061900019645691,
        "forwardPassMinGain": 6.098700046539307,
        "markDistance": 35.39970016479492,
        "passChanceDefault": 0.1972000002861023,
        "passChanceForward": 0.03139999881386757,
        "passChancePressured": 0.33090001344680786,
        "passChanceWing": 0.03799999877810478,
        "passDirDefensive": 1.57260000705719,
        "passDirNeutral": 0.36820000410079956,
        "passDirOffensive": 1.3640999794006348,
        "riskAppetite": 0.7677000164985657,
        "shootProgressThreshold": 0.5501999855041504,
        "tackleChance": 0.17890000343322754
      },
      "spatial": {
        "ball": {
          "max": 40.299800872802734,
          "min": 0.0,
          "preferred": 2.7388999462127686
        },
        "opponent": {
          "max": 46.883201599121094,
          "min": 0.0,
          "preferred": 39.07160186767578
        },
        "ownGoal": {
          "max": 495.7515869140625,
          "min": 2.0933001041412354,
          "preferred": 491.794189453125
        },
        "side": {
          "max": 509.12548828125,
          "min": 311.218994140625,
          "preferred": 412.02288818359375
        },
        "teammate": {
          "max": 92.08679962158203,
          "min": 64.70680236816406,
          "preferred": 64.70680236816406
        }
      }
    },
    {
      "decisions": {
        "aggression": 1.9250999689102173,
        "forwardPassMinGain": 14.463500022888184,
        "markDistance": 73.44290161132812,
        "passChanceDefault": 0.1664000004529953,
        "passChanceForward": 0.11309999972581863,
        "passChancePressured": 0.08250000327825546,
        "passChanceWing": 0.010499999858438969,
        "passDirDefensive": 0.0,
        "passDirNeutral": 1.697700023651123,
        "passDirOffensive": 1.2766000032424927,
        "riskAppetite": 0.03480000048875809,
        "shootProgressThreshold": 0.550000011920929,
        "tackleChance": 0.055399999022483826
      },
      "spatial": {
        "ball": {
          "max": 42.93239974975586,
          "min": 26.72089958190918,
          "preferred": 36.125099182128906
        },
        "opponent": {
          "max": 108.28130340576172,
          "min": 30.33449935913086,
          "preferred": 83.8478012084961
        },
        "ownGoal": {
          "max": 438.9632873535156,
          "min": 370.3935852050781,
          "preferred": 372.0602111816406
        },
        "side": {
          "max": 293.3952941894531,
          "min": 74.01529693603516,
          "preferred": 293.3952941894531
        },
        "teammate": {
          "max": 82.64219665527344,
          "min": 13.145600318908691,
          "preferred": 71.64689636230469
        }
      }
    },
    {
      "decisions": {
        "aggression": 1.7785999774932861,
        "forwardPassMinGain": 5.540999889373779,
        "markDistance": 25.0,
        "passChanceDefault": 0.09889999777078629,
        "passChanceForward": 0.030500000342726707,
        "passChancePressured": 0.16750000417232513,
        "passChanceWing": 0.17790000140666962,
        "passDirDefensive": 0.7149999737739563,
        "passDirNeutral": 2.0,
        "passDirOffensive": 1.4881000518798828,
        "riskAppetite": 0.38440001010894775,
        "shootProgressThreshold": 0.7925999760627747,
        "tackleChance": 0.035999998450279236
      },
      "spatial": {
        "ball": {
          "max": 676.868896484375,
          "min": 217.1425018310547,
          "preferred": 427.8428039550781
        },
        "opponent": {
          "max": 249.4927978515625,
          "min": 209.57699584960938,
          "preferred": 209.57699584960938
        },
        "ownGoal": {
          "max": 817.9591064453125,
          "min": 60.24209976196289,
          "preferred": 380.6430969238281
        },
        "side": {
          "max": 293.5730895996094,
          "min": 215.5532989501953,
          "preferred": 215.5532989501953
        },
        "teammate": {
          "max": 392.30108642578125,
          "min": 162.3441925048828,
          "preferred": 338.5733947753906
        }
      }
    }
  ],
  "role": "initial-baseline",
  "session": "anneal-stage-2-20ep-5000g"
}
