{
  "accepted": false,
  "candidate": {
    "parameters": {
      "forwardPassMinGain": 18.0,
      "markDistance": 67.0,
      "passChanceDefault": 0.01119999960064888,
      "passChanceForward": 0.18000000715255737,
      "passChancePressured": 0.4000000059604645,
      "passChanceWing": 0.03060000017285347,
      "shootProgressThreshold": 0.7871000170707703,
      "tackleChance": 0.2199999988079071
    }
  },
  "championEpoch": 10,
  "championParameters": {
    "forwardPassMinGain": 18.0,
    "markDistance": 67.0,
    "passChanceDefault": 0.013700000010430813,
    "passChanceForward": 0.18000000715255737,
    "passChancePressured": 0.4000000059604645,
    "passChanceWing": 0.009999999776482582,
    "shootProgressThreshold": 0.8111000061035156,
    "tackleChance": 0.2199999988079071
  },
  "createdAt": "2026-04-30T11:52:19Z",
  "epoch": 37,
  "evaluation": {
    "avgGoals": 6.72,
    "avgOutOfBounds": 0.03,
    "avgPasses": 117.62,
    "avgShots": 92.29,
    "avgTackles": 4.22,
    "baselineAvgGoals": 4.2,
    "candidateAvgGoals": 2.52,
    "candidateWon": false,
    "earlyStop": "worse",
    "elapsedMs": 29,
    "games": 100,
    "gamesPerSecond": 3448.28,
    "goalDiff": -168.0,
    "maxGames": 1000000,
    "passCompletionRate": 0.936,
    "tackleSuccessRate": 1.0,
    "zScore": -3.965
  },
  "gamesPerEpoch": 1000000,
  "name": "epoch-037",
  "opponent": {
    "parameters": {
      "forwardPassMinGain": 18.0,
      "markDistance": 67.0,
      "passChanceDefault": 0.013700000010430813,
      "passChanceForward": 0.18000000715255737,
      "passChancePressured": 0.4000000059604645,
      "passChanceWing": 0.009999999776482582,
      "shootProgressThreshold": 0.8111000061035156,
      "tackleChance": 0.2199999988079071
    },
    "sourceEpoch": 10
  },
  "session": "session-15"
}
