{
  "description": "tempest-united: final champion after 3-stage adaptive anneal",
  "name": "tempest-united",
  "playerParams": [
    {
      "decisions": {
        "aggression": 1.8602999448776245,
        "forwardPassMinGain": 3.4045000076293945,
        "markDistance": 70.8833999633789,
        "passChanceDefault": 0.07240000367164612,
        "passChanceForward": 0.029200000688433647,
        "passChancePressured": 0.19009999930858612,
        "passChanceWing": 0.25,
        "passDirDefensive": 1.0046000480651855,
        "passDirNeutral": 1.4473999738693237,
        "passDirOffensive": 0.7616000175476074,
        "riskAppetite": 0.5425000190734863,
        "shootProgressThreshold": 0.7233999967575073,
        "tackleChance": 0.2199999988079071
      },
      "spatial": {
        "ball": {
          "max": 0.0,
          "min": 0.0,
          "preferred": 0.0
        },
        "opponent": {
          "max": 203.4477996826172,
          "min": 44.424400329589844,
          "preferred": 199.32789611816406
        },
        "ownGoal": {
          "max": 800.2872924804688,
          "min": 357.01568603515625,
          "preferred": 584.1962890625
        },
        "side": {
          "max": 126.94229888916016,
          "min": 72.37840270996094,
          "preferred": 126.94229888916016
        },
        "teammate": {
          "max": 328.4971008300781,
          "min": 196.8090057373047,
          "preferred": 266.10931396484375
        }
      }
    },
    {
      "decisions": {
        "aggression": 1.6268999576568604,
        "forwardPassMinGain": 7.07390022277832,
        "markDistance": 25.0,
        "passChanceDefault": 0.12229999899864197,
        "passChanceForward": 0.043699998408555984,
        "passChancePressured": 0.019999999552965164,
        "passChanceWing": 0.052000001072883606,
        "passDirDefensive": 1.7484999895095825,
        "passDirNeutral": 0.3190999925136566,
        "passDirOffensive": 1.804900050163269,
        "riskAppetite": 0.39250001311302185,
        "shootProgressThreshold": 0.6789000034332275,
        "tackleChance": 0.0908999964594841
      },
      "spatial": {
        "ball": {
          "max": 632.859619140625,
          "min": 0.0,
          "preferred": 113.5282974243164
        },
        "opponent": {
          "max": 342.9179992675781,
          "min": 0.0,
          "preferred": 61.764198303222656
        },
        "ownGoal": {
          "max": 347.4309997558594,
          "min": 76.510498046875,
          "preferred": 252.06610107421875
        },
        "side": {
          "max": 343.2294921875,
          "min": 86.42530059814453,
          "preferred": 335.40521240234375
        },
        "teammate": {
          "max": 67.9135971069336,
          "min": 24.527599334716797,
          "preferred": 67.9135971069336
        }
      }
    },
    {
      "decisions": {
        "aggression": 1.1718000173568726,
        "forwardPassMinGain": 3.9716999530792236,
        "markDistance": 32.35110092163086,
        "passChanceDefault": 0.19140000641345978,
        "passChanceForward": 0.04089999943971634,
        "passChancePressured": 0.33090001344680786,
        "passChanceWing": 0.048700001090765,
        "passDirDefensive": 1.3812999725341797,
        "passDirNeutral": 0.09950000047683716,
        "passDirOffensive": 1.2031999826431274,
        "riskAppetite": 0.7910000085830688,
        "shootProgressThreshold": 0.550000011920929,
        "tackleChance": 0.2199999988079071
      },
      "spatial": {
        "ball": {
          "max": 30.604700088500977,
          "min": 0.9498999714851379,
          "preferred": 30.604700088500977
        },
        "opponent": {
          "max": 47.774200439453125,
          "min": 0.0,
          "preferred": 47.774200439453125
        },
        "ownGoal": {
          "max": 675.2078247070312,
          "min": 6.044899940490723,
          "preferred": 397.7434997558594
        },
        "side": {
          "max": 500.9812927246094,
          "min": 337.2742004394531,
          "preferred": 408.2041015625
        },
        "teammate": {
          "max": 71.38040161132812,
          "min": 29.492599487304688,
          "preferred": 29.492599487304688
        }
      }
    },
    {
      "decisions": {
        "aggression": 1.9253000020980835,
        "forwardPassMinGain": 16.621200561523438,
        "markDistance": 56.6870002746582,
        "passChanceDefault": 0.15029999613761902,
        "passChanceForward": 0.0142000000923872,
        "passChancePressured": 0.11990000307559967,
        "passChanceWing": 0.009999999776482582,
        "passDirDefensive": 0.05739999935030937,
        "passDirNeutral": 1.3473999500274658,
        "passDirOffensive": 1.9093999862670898,
        "riskAppetite": 0.03480000048875809,
        "shootProgressThreshold": 0.550000011920929,
        "tackleChance": 0.11089999973773956
      },
      "spatial": {
        "ball": {
          "max": 42.93239974975586,
          "min": 26.298599243164062,
          "preferred": 26.298599243164062
        },
        "opponent": {
          "max": 79.65509796142578,
          "min": 17.19580078125,
          "preferred": 79.65509796142578
        },
        "ownGoal": {
          "max": 479.4143981933594,
          "min": 410.6979064941406,
          "preferred": 410.6979064941406
        },
        "side": {
          "max": 276.97601318359375,
          "min": 61.8135986328125,
          "preferred": 276.97601318359375
        },
        "teammate": {
          "max": 57.981300354003906,
          "min": 13.145600318908691,
          "preferred": 57.981300354003906
        }
      }
    },
    {
      "decisions": {
        "aggression": 1.6648999452590942,
        "forwardPassMinGain": 6.853899955749512,
        "markDistance": 25.0,
        "passChanceDefault": 0.10869999974966049,
        "passChanceForward": 0.025800000876188278,
        "passChancePressured": 0.1876000016927719,
        "passChanceWing": 0.18639999628067017,
        "passDirDefensive": 0.8201000094413757,
        "passDirNeutral": 1.3729000091552734,
        "passDirOffensive": 1.4881000518798828,
        "riskAppetite": 0.5724999904632568,
        "shootProgressThreshold": 0.7953000068664551,
        "tackleChance": 0.031700000166893005
      },
      "spatial": {
        "ball": {
          "max": 665.6246948242188,
          "min": 73.22540283203125,
          "preferred": 289.97760009765625
        },
        "opponent": {
          "max": 258.4632873535156,
          "min": 156.29559326171875,
          "preferred": 215.54420471191406
        },
        "ownGoal": {
          "max": 873.5258178710938,
          "min": 33.326698303222656,
          "preferred": 425.05108642578125
        },
        "side": {
          "max": 311.8410949707031,
          "min": 209.60899353027344,
          "preferred": 209.60899353027344
        },
        "teammate": {
          "max": 400.0,
          "min": 92.89440155029297,
          "preferred": 305.60931396484375
        }
      }
    }
  ],
  "trainedAt": "2026-05-05T09:13:52Z",
  "trainedFromCluster": true,
  "type": "team-policy-v6",
  "version": 2
}
