{
  "acceptedCount": 1,
  "acceptedEpochs": [
    8
  ],
  "averageEpochElapsedMs": 327,
  "bestGoalDiff": 166.0,
  "epochs": 20,
  "finalChampionEpoch": 8,
  "finalChampionPlayerParams": [
    {
      "decisions": {
        "aggression": 1.6224000453948975,
        "forwardPassMinGain": 2.5181000232696533,
        "markDistance": 81.7114028930664,
        "passChanceDefault": 0.06650000065565109,
        "passChanceForward": 0.025699999183416367,
        "passChancePressured": 0.19599999487400055,
        "passChanceWing": 0.2207999974489212,
        "passDirDefensive": 0.12620000541210175,
        "passDirNeutral": 1.7527999877929688,
        "passDirOffensive": 0.4957999885082245,
        "riskAppetite": 0.48330000042915344,
        "shootProgressThreshold": 0.5810999870300293,
        "tackleChance": 0.2199999988079071
      },
      "spatial": {
        "ball": {
          "max": 0.0,
          "min": 0.0,
          "preferred": 0.0
        },
        "opponent": {
          "max": 196.41580200195312,
          "min": 4.588699817657471,
          "preferred": 182.6439971923828
        },
        "ownGoal": {
          "max": 767.1337890625,
          "min": 366.5740966796875,
          "preferred": 575.3405151367188
        },
        "side": {
          "max": 218.47959899902344,
          "min": 112.51820373535156,
          "preferred": 112.51820373535156
        },
        "teammate": {
          "max": 268.8627014160156,
          "min": 194.72950744628906,
          "preferred": 268.8627014160156
        }
      }
    },
    {
      "decisions": {
        "aggression": 1.5879000425338745,
        "forwardPassMinGain": 7.07390022277832,
        "markDistance": 25.0,
        "passChanceDefault": 0.12229999899864197,
        "passChanceForward": 0.043699998408555984,
        "passChancePressured": 0.07199999690055847,
        "passChanceWing": 0.05290000140666962,
        "passDirDefensive": 1.7060999870300293,
        "passDirNeutral": 0.21539999544620514,
        "passDirOffensive": 2.0,
        "riskAppetite": 0.3573000133037567,
        "shootProgressThreshold": 0.7376000285148621,
        "tackleChance": 0.09030000120401382
      },
      "spatial": {
        "ball": {
          "max": 619.3314819335938,
          "min": 0.0,
          "preferred": 108.70359802246094
        },
        "opponent": {
          "max": 369.5920104980469,
          "min": 23.637300491333008,
          "preferred": 78.08419799804688
        },
        "ownGoal": {
          "max": 347.4309997558594,
          "min": 115.3125991821289,
          "preferred": 347.4309997558594
        },
        "side": {
          "max": 374.610107421875,
          "min": 96.36830139160156,
          "preferred": 369.2965087890625
        },
        "teammate": {
          "max": 76.02580261230469,
          "min": 67.9135971069336,
          "preferred": 76.02580261230469
        }
      }
    },
    {
      "decisions": {
        "aggression": 1.061900019645691,
        "forwardPassMinGain": 3.9716999530792236,
        "markDistance": 38.5348014831543,
        "passChanceDefault": 0.1835000067949295,
        "passChanceForward": 0.048700001090765,
        "passChancePressured": 0.29490000009536743,
        "passChanceWing": 0.03590000048279762,
        "passDirDefensive": 0.1768999993801117,
        "passDirNeutral": 0.0,
        "passDirOffensive": 1.1090999841690063,
        "riskAppetite": 0.8212000131607056,
        "shootProgressThreshold": 0.5730999708175659,
        "tackleChance": 0.1941000074148178
      },
      "spatial": {
        "ball": {
          "max": 21.705299377441406,
          "min": 7.82480001449585,
          "preferred": 7.82480001449585
        },
        "opponent": {
          "max": 63.457801818847656,
          "min": 0.0,
          "preferred": 27.870899200439453
        },
        "ownGoal": {
          "max": 666.5260009765625,
          "min": 39.27000045776367,
          "preferred": 431.1575012207031
        },
        "side": {
          "max": 449.0382080078125,
          "min": 337.2742004394531,
          "preferred": 347.5907897949219
        },
        "teammate": {
          "max": 42.91059875488281,
          "min": 0.0,
          "preferred": 0.6000999808311462
        }
      }
    },
    {
      "decisions": {
        "aggression": 1.9250999689102173,
        "forwardPassMinGain": 14.463500022888184,
        "markDistance": 65.50289916992188,
        "passChanceDefault": 0.18639999628067017,
        "passChanceForward": 0.07240000367164612,
        "passChancePressured": 0.12549999356269836,
        "passChanceWing": 0.010499999858438969,
        "passDirDefensive": 0.09149999916553497,
        "passDirNeutral": 1.7007999420166016,
        "passDirOffensive": 1.6003999710083008,
        "riskAppetite": 0.0,
        "shootProgressThreshold": 0.550000011920929,
        "tackleChance": 0.05480000004172325
      },
      "spatial": {
        "ball": {
          "max": 22.07309913635254,
          "min": 0.0,
          "preferred": 7.596199989318848
        },
        "opponent": {
          "max": 83.4020004272461,
          "min": 24.03969955444336,
          "preferred": 34.68450164794922
        },
        "ownGoal": {
          "max": 446.6236877441406,
          "min": 395.3236999511719,
          "preferred": 421.4984130859375
        },
        "side": {
          "max": 235.55580139160156,
          "min": 29.1018009185791,
          "preferred": 235.55580139160156
        },
        "teammate": {
          "max": 50.75600051879883,
          "min": 37.37860107421875,
          "preferred": 38.510501861572266
        }
      }
    },
    {
      "decisions": {
        "aggression": 1.6360000371932983,
        "forwardPassMinGain": 5.925000190734863,
        "markDistance": 25.0,
        "passChanceDefault": 0.09889999777078629,
        "passChanceForward": 0.018799999728798866,
        "passChancePressured": 0.20149999856948853,
        "passChanceWing": 0.17790000140666962,
        "passDirDefensive": 0.6739000082015991,
        "passDirNeutral": 1.3499000072479248,
        "passDirOffensive": 1.5986000299453735,
        "riskAppetite": 0.5724999904632568,
        "shootProgressThreshold": 0.8486999869346619,
        "tackleChance": 0.054499998688697815
      },
      "spatial": {
        "ball": {
          "max": 700.0,
          "min": 245.739501953125,
          "preferred": 350.85308837890625
        },
        "opponent": {
          "max": 265.3568115234375,
          "min": 248.68460083007812,
          "preferred": 248.68460083007812
        },
        "ownGoal": {
          "max": 900.0,
          "min": 60.24209976196289,
          "preferred": 422.5476989746094
        },
        "side": {
          "max": 297.8468017578125,
          "min": 189.31460571289062,
          "preferred": 215.14610290527344
        },
        "teammate": {
          "max": 400.0,
          "min": 129.55140686035156,
          "preferred": 314.14990234375
        }
      }
    }
  ],
  "finishedAt": "2026-05-05T09:09:53Z",
  "gamesPerEpoch": 5000,
  "history": [
    {
      "accepted": false,
      "baselineAvgGoals": 12.15,
      "candidateAvgGoals": 4.45,
      "championEpoch": 0,
      "earlyStop": "worse",
      "elapsedMs": 181,
      "epoch": 1,
      "gamesRun": 100,
      "goalDiff": -770.0,
      "zScore": -20.557
    },
    {
      "accepted": false,
      "baselineAvgGoals": 12.5,
      "candidateAvgGoals": 6.89,
      "championEpoch": 0,
      "earlyStop": "worse",
      "elapsedMs": 185,
      "epoch": 2,
      "gamesRun": 100,
      "goalDiff": -561.0,
      "zScore": -9.596
    },
    {
      "accepted": false,
      "baselineAvgGoals": 10.01,
      "candidateAvgGoals": 7.91,
      "championEpoch": 0,
      "earlyStop": "worse",
      "elapsedMs": 184,
      "epoch": 3,
      "gamesRun": 100,
      "goalDiff": -210.0,
      "zScore": -4.47
    },
    {
      "accepted": false,
      "baselineAvgGoals": 9.424,