{
  "accepted": false,
  "candidate": {
    "parameters": {
      "forwardPassMinGain": 18.0,
      "markDistance": 67.0,
      "passChanceDefault": 0.004999999888241291,
      "passChanceForward": 0.18000000715255737,
      "passChancePressured": 0.4000000059604645,
      "passChanceWing": 0.009999999776482582,
      "shootProgressThreshold": 0.8111000061035156,
      "tackleChance": 0.210999995470047
    }
  },
  "championEpoch": 10,
  "championParameters": {
    "forwardPassMinGain": 18.0,
    "markDistance": 67.0,
    "passChanceDefault": 0.013700000010430813,
    "passChanceForward": 0.18000000715255737,
    "passChancePressured": 0.4000000059604645,
    "passChanceWing": 0.009999999776482582,
    "shootProgressThreshold": 0.8111000061035156,
    "tackleChance": 0.2199999988079071
  },
  "createdAt": "2026-04-30T11:52:19Z",
  "epoch": 36,
  "evaluation": {
    "avgGoals": 12.44,
    "avgOutOfBounds": 0.01,
    "avgPasses": 128.18,
    "avgShots": 38.39,
    "avgTackles": 5.92,
    "baselineAvgGoals": 6.224,
    "candidateAvgGoals": 6.214,
    "candidateWon": false,
    "earlyStop": null,
    "elapsedMs": 313072,
    "games": 1000000,
    "gamesPerSecond": 3194.15,
    "goalDiff": -9712.0,
    "maxGames": 1000000,
    "passCompletionRate": 0.902,
    "tackleSuccessRate": 1.0,
    "zScore": -1.483
  },
  "gamesPerEpoch": 1000000,
  "name": "epoch-036",
  "opponent": {
    "parameters": {
      "forwardPassMinGain": 18.0,
      "markDistance": 67.0,
      "passChanceDefault": 0.013700000010430813,
      "passChanceForward": 0.18000000715255737,
      "passChancePressured": 0.4000000059604645,
      "passChanceWing": 0.009999999776482582,
      "shootProgressThreshold": 0.8111000061035156,
      "tackleChance": 0.2199999988079071
    },
    "sourceEpoch": 10
  },
  "session": "session-15"
}
