{
  "accepted": true,
  "candidate": {
    "parameters": {
      "forwardPassMinGain": 18.0,
      "markDistance": 67.0,
      "passChanceDefault": 0.013700000010430813,
      "passChanceForward": 0.18000000715255737,
      "passChancePressured": 0.4000000059604645,
      "passChanceWing": 0.009999999776482582,
      "shootProgressThreshold": 0.8111000061035156,
      "tackleChance": 0.2199999988079071
    }
  },
  "championEpoch": 10,
  "championParameters": {
    "forwardPassMinGain": 18.0,
    "markDistance": 67.0,
    "passChanceDefault": 0.013700000010430813,
    "passChanceForward": 0.18000000715255737,
    "passChancePressured": 0.4000000059604645,
    "passChanceWing": 0.009999999776482582,
    "shootProgressThreshold": 0.8111000061035156,
    "tackleChance": 0.2199999988079071
  },
  "createdAt": "2026-04-30T11:32:50Z",
  "epoch": 10,
  "evaluation": {
    "avgGoals": 12.42,
    "avgOutOfBounds": 0.01,
    "avgPasses": 128.48,
    "avgShots": 38.32,
    "avgTackles": 5.91,
    "baselineAvgGoals": 6.209,
    "candidateAvgGoals": 6.213,
    "candidateWon": true,
    "earlyStop": null,
    "elapsedMs": 308248,
    "games": 1000000,
    "gamesPerSecond": 3244.14,
    "goalDiff": 3773.0,
    "maxGames": 1000000,
    "passCompletionRate": 0.902,
    "tackleSuccessRate": 1.0,
    "zScore": 0.577
  },
  "gamesPerEpoch": 1000000,
  "name": "epoch-010",
  "opponent": {
    "parameters": {
      "forwardPassMinGain": 18.0,
      "markDistance": 67.0,
      "passChanceDefault": 0.013700000010430813,
      "passChanceForward": 0.18000000715255737,
      "passChancePressured": 0.4000000059604645,
      "passChanceWing": 0.009999999776482582,
      "shootProgressThreshold": 0.8112000226974487,
      "tackleChance": 0.21610000729560852
    },
    "sourceEpoch": 0
  },
  "session": "session-15"
}
