{
  "accepted": true,
  "candidate": {
    "parameters": {
      "forwardPassMinGain": 18.0,
      "markDistance": 67.0,
      "passChanceDefault": 0.004999999888241291,
      "passChanceForward": 0.18000000715255737,
      "passChancePressured": 0.36899998784065247,
      "passChanceWing": 0.009999999776482582,
      "shootProgressThreshold": 0.8133999705314636,
      "tackleChance": 0.21739999949932098
    }
  },
  "championEpoch": 4,
  "championParameters": {
    "forwardPassMinGain": 18.0,
    "markDistance": 67.0,
    "passChanceDefault": 0.004999999888241291,
    "passChanceForward": 0.18000000715255737,
    "passChancePressured": 0.36899998784065247,
    "passChanceWing": 0.009999999776482582,
    "shootProgressThreshold": 0.8133999705314636,
    "tackleChance": 0.21739999949932098
  },
  "createdAt": "2026-04-30T10:53:56Z",
  "epoch": 4,
  "evaluation": {
    "avgGoals": 12.45,
    "avgOutOfBounds": 0.01,
    "avgPasses": 127.64,
    "avgShots": 38.73,
    "avgTackles": 5.86,
    "baselineAvgGoals": 6.226,
    "candidateAvgGoals": 6.229,
    "candidateWon": true,
    "earlyStop": null,
    "elapsedMs": 29029,
    "games": 100000,
    "gamesPerSecond": 3444.83,
    "goalDiff": 255.0,
    "maxGames": 100000,
    "passCompletionRate": 0.901,
    "tackleSuccessRate": 1.0,
    "zScore": 0.124
  },
  "gamesPerEpoch": 100000,
  "name": "epoch-004",
  "opponent": {
    "parameters": {
      "forwardPassMinGain": 18.0,
      "markDistance": 67.0,
      "passChanceDefault": 0.004999999888241291,
      "passChanceForward": 0.18000000715255737,
      "passChancePressured": 0.36899998784065247,
      "passChanceWing": 0.009999999776482582,
      "shootProgressThreshold": 0.8133999705314636,
      "tackleChance": 0.21739999949932098
    },
    "sourceEpoch": 0
  },
  "session": "session-13"
}
