{
  "createdAt": "2026-05-07T06:59:56Z",
  "epoch": 0,
  "name": "epoch-000-baseline",
  "playerParams": [
    {
      "decisions": {
        "aggression": 1.0859999656677246,
        "forwardPassMinGain": 16.76409912109375,
        "markDistance": 50.81760025024414,
        "passChanceDefault": 0.1615000069141388,
        "passChanceForward": 0.016499999910593033,
        "passChancePressured": 0.19930000603199005,
        "passChanceWing": 0.03689999878406525,
        "passDirDefensive": 1.720900058746338,
        "passDirNeutral": 0.2930000126361847,
        "passDirOffensive": 1.6397000551223755,
        "riskAppetite": 0.35519999265670776,
        "shootProgressThreshold": 0.8242999911308289,
        "tackleChance": 0.21240000426769257
      },
      "gk": null,
      "spatial": {
        "ball": {
          "max": 76.86150360107422,
          "min": 1.1217999458312988,
          "preferred": 23.19879913330078
        },
        "opponent": {
          "max": 233.8717041015625,
          "min": 125.7249984741211,
          "preferred": 192.0594024658203
        },
        "ownGoal": {
          "max": 724.0938110351562,
          "min": 694.826904296875,
          "preferred": 695.9443969726562
        },
        "side": {
          "max": 518.9727172851562,
          "min": 17.93280029296875,
          "preferred": 177.8437957763672
        },
        "teammate": {
          "max": 307.430908203125,
          "min": 172.00210571289062,
          "preferred": 248.03109741210938
        }
      }
    },
    {
      "decisions": {
        "aggression": 0.6470000147819519,
        "forwardPassMinGain": 16.999500274658203,
        "markDistance": 69.98400115966797,
        "passChanceDefault": 0.09889999777078629,
        "passChanceForward": 0.021700000390410423,
        "passChancePressured": 0.21459999680519104,
        "passChanceWing": 0.009999999776482582,
        "passDirDefensive": 0.2011999934911728,
        "passDirNeutral": 0.41280001401901245,
        "passDirOffensive": 0.28769999742507935,
        "riskAppetite": 1.0,
        "shootProgressThreshold": 0.691100001335144,
        "tackleChance": 0.20239999890327454
      },
      "gk": null,
      "spatial": {
        "ball": {
          "max": 18.01289939880371,
          "min": 15.605899810791016,
          "preferred": 15.605899810791016
        },
        "opponent": {
          "max": 288.58099365234375,
          "min": 0.0,
          "preferred": 143.58700561523438
        },
        "ownGoal": {
          "max": 303.5703125,
          "min": 271.0956115722656,
          "preferred": 271.0956115722656
        },
        "side": {
          "max": 332.7466125488281,
          "min": 56.79520034790039,
          "preferred": 332.7466125488281
        },
        "teammate": {
          "max": 361.035400390625,
          "min": 67.24040222167969,
          "preferred": 141.77749633789062
        }
      }
    },
    {
      "decisions": {
        "aggression": 1.9527000188827515,
        "forwardPassMinGain": 14.831199645996094,
        "markDistance": 45.60820007324219,
        "passChanceDefault": 0.12520000338554382,
        "passChanceForward": 0.16019999980926514,
        "passChancePressured": 0.13249999284744263,
        "passChanceWing": 0.14090000092983246,
        "passDirDefensive": 1.8564000129699707,
        "passDirNeutral": 1.856600046157837,
        "passDirOffensive": 1.4743000268936157,
        "riskAppetite": 0.9445000290870667,
        "shootProgressThreshold": 0.7677000164985657,
        "tackleChance": 0.09059999883174896
      },
      "gk": null,
      "spatial": {
        "ball": {
          "max": 54.27560043334961,
          "min": 6.669300079345703,
          "preferred": 6.669300079345703
        },
        "opponent": {
          "max": 220.9138946533203,
          "min": 0.0,
          "preferred": 161.69479370117188
        },
        "ownGoal": {
          "max": 700.7471923828125,
          "min": 403.7851867675781,
          "preferred": 403.7851867675781
        },
        "side": {
          "max": 464.6131896972656,
          "min": 257.3493957519531,
          "preferred": 319.6588134765625
        },
        "teammate": {
          "max": 378.62548828125,
          "min": 86.3136978149414,
          "preferred": 139.09710693359375
        }
      }
    },
    {
      "decisions": {
        "aggression": 1.9185999631881714,
        "forwardPassMinGain": 11.444899559020996,
        "markDistance": 30.73189926147461,
        "passChanceDefault": 0.07840000092983246,
        "passChanceForward": 0.03579999879002571,
        "passChancePressured": 0.12240000069141388,
        "passChanceWing": 0.22059999406337738,
        "passDirDefensive": 0.14790000021457672,
        "passDirNeutral": 0.6115000247955322,
        "passDirOffensive": 0.7832000255584717,
        "riskAppetite": 0.09799999743700027,
        "shootProgressThreshold": 0.7075999975204468,
        "tackleChance": 0.06949999928474426
      },
      "gk": null,
      "spatial": {
        "ball": {
          "max": 474.9335021972656,
          "min": 90.44950103759766,
          "preferred": 344.7703857421875
        },
        "opponent": {
          "max": 287.8434143066406,
          "min": 42.9723014831543,
          "preferred": 99.48670196533203
        },
        "ownGoal": {
          "max": 872.7705078125,
          "min": 484.4939880371094,
          "preferred": 630.8587036132812
        },
        "side": {
          "max": 290.7737121582031,
          "min": 86.2229995727539,
          "preferred": 223.9385986328125
        },
        "teammate": {
          "max": 168.35850524902344,
          "min": 57.121299743652344,
          "preferred": 75.2571029663086
        }
      }
    },
    {
      "decisions": {
        "aggression": 1.041100025177002,
        "forwardPassMinGain": 0.0,
        "markDistance": 25.40169906616211,
        "passChanceDefault": 0.02669999934732914,
        "passChanceForward": 0.15230000019073486,
        "passChancePressured": 0.4000000059604645,
        "passChanceWing": 0.21170000731945038,
        "passDirDefensive": 0.5310999751091003,
        "passDirNeutral": 0.0,
        "passDirOffensive": 0.7997999787330627,
        "riskAppetite": 0.5960000157356262,
        "shootProgressThreshold": 0.6841999888420105,
        "tackleChance": 0.2078000009059906
      },
      "gk": {
        "gkDistributionZone": 0.43149998784065247,
        "gkDiveChance": 0.894599974155426,
        "gkDiveCommitDist": 197.33450317382812,
        "gkPassTargetDist": 80.0,
        "gkRiskClearance": 0.5105000138282776
      },
      "spatial": {
        "ball": {
          "max": 568.837890625,
          "min": 522.57861328125,
          "preferred": 568.837890625
        },
        "opponent": {
          "max": 281.6890869140625,
          "min": 89.0968017578125,
          "preferred": 89.0968017578125
        },
        "ownGoal": {
          "max": 236.5648956298828,
          "min": 55.78459930419922,
          "preferred": 193.73199462890625
        },
        "side": {
          "max": 97.71430206298828,
          "min": 13.587300300598145,
          "preferred": 55.087799072265625
        },
        "teammate": {
          "max": 400.0,
          "min": 44.59550094604492,
          "preferred": 240.4541015625
        }
      }
    }
  ],
  "role": "initial-baseline",
  "session": "s21-anneal-stage-1-50ep-500g"
}
