{
  "accepted": false,
  "candidate": {
    "parameters": {
      "forwardPassMinGain": 18.0,
      "markDistance": 67.0,
      "passChanceDefault": 0.013700000010430813,
      "passChanceForward": 0.18000000715255737,
      "passChancePressured": 0.4000000059604645,
      "passChanceWing": 0.03759999945759773,
      "shootProgressThreshold": 0.8413000106811523,
      "tackleChance": 0.2199999988079071
    }
  },
  "championEpoch": 0,
  "championParameters": {
    "forwardPassMinGain": 18.0,
    "markDistance": 67.0,
    "passChanceDefault": 0.013700000010430813,
    "passChanceForward": 0.18000000715255737,
    "passChancePressured": 0.4000000059604645,
    "passChanceWing": 0.009999999776482582,
    "shootProgressThreshold": 0.8111000061035156,
    "tackleChance": 0.2199999988079071
  },
  "createdAt": "2026-04-30T12:18:34Z",
  "epoch": 4,
  "evaluation": {
    "avgGoals": 10.81,
    "avgOutOfBounds": 0.01,
    "avgPasses": 134.67,
    "avgShots": 42.69,
    "avgTackles": 5.35,
    "baselineAvgGoals": 5.823,
    "candidateAvgGoals": 4.99,
    "candidateWon": false,
    "earlyStop": "worse",
    "elapsedMs": 89,
    "games": 300,
    "gamesPerSecond": 3370.79,
    "goalDiff": -250.0,
    "maxGames": 1000000,
    "passCompletionRate": 0.908,
    "tackleSuccessRate": 1.0,
    "zScore": -2.534
  },
  "gamesPerEpoch": 1000000,
  "name": "epoch-004",
  "opponent": {
    "parameters": {
      "forwardPassMinGain": 18.0,
      "markDistance": 67.0,
      "passChanceDefault": 0.013700000010430813,
      "passChanceForward": 0.18000000715255737,
      "passChancePressured": 0.4000000059604645,
      "passChanceWing": 0.009999999776482582,
      "shootProgressThreshold": 0.8111000061035156,
      "tackleChance": 0.2199999988079071
    },
    "sourceEpoch": 0
  },
  "session": "session-16"
}
