{
  "description": "tempest-united: final champion after 3-stage adaptive anneal",
  "name": "tempest-united",
  "playerParams": [
    {
      "decisions": {
        "aggression": 1.7102999687194824,
        "forwardPassMinGain": 1.8725999593734741,
        "markDistance": 85.0,
        "passChanceDefault": 0.09350000321865082,
        "passChanceForward": 0.004999999888241291,
        "passChancePressured": 0.31150001287460327,
        "passChanceWing": 0.25,
        "passDirDefensive": 1.0648000240325928,
        "passDirNeutral": 1.8105000257492065,
        "passDirOffensive": 0.5983999967575073,
        "riskAppetite": 0.45249998569488525,
        "shootProgressThreshold": 0.6302000284194946,
        "tackleChance": 0.2199999988079071
      },
      "spatial": {
        "ball": {
          "max": 0.0,
          "min": 0.0,
          "preferred": 0.0
        },
        "opponent": {
          "max": 219.01040649414062,
          "min": 47.20909881591797,
          "preferred": 166.2281951904297
        },
        "ownGoal": {
          "max": 725.9752807617188,
          "min": 395.2088928222656,
          "preferred": 594.9736938476562
        },
        "side": {
          "max": 177.6717071533203,
          "min": 70.07430267333984,
          "preferred": 70.07430267333984
        },
        "teammate": {
          "max": 237.8159942626953,
          "min": 230.02479553222656,
          "preferred": 237.8159942626953
        }
      }
    },
    {
      "decisions": {
        "aggression": 1.6449999809265137,
        "forwardPassMinGain": 6.055200099945068,
        "markDistance": 26.085599899291992,
        "passChanceDefault": 0.12559999525547028,
        "passChanceForward": 0.06729999929666519,
        "passChancePressured": 0.019999999552965164,
        "passChanceWing": 0.12700000405311584,
        "passDirDefensive": 1.5606000423431396,
        "passDirNeutral": 0.0892999991774559,
        "passDirOffensive": 2.0,
        "riskAppetite": 0.33399999141693115,
        "shootProgressThreshold": 0.7053999900817871,
        "tackleChance": 0.07940000295639038
      },
      "spatial": {
        "ball": {
          "max": 620.8713989257812,
          "min": 29.599899291992188,
          "preferred": 98.11949920654297
        },
        "opponent": {
          "max": 338.7832946777344,
          "min": 12.706700325012207,
          "preferred": 127.59100341796875
        },
        "ownGoal": {
          "max": 399.6227111816406,
          "min": 287.3074951171875,
          "preferred": 323.8858947753906
        },
        "side": {
          "max": 400.5632019042969,
          "min": 83.60690307617188,
          "preferred": 335.1238098144531
        },
        "teammate": {
          "max": 111.17829895019531,
          "min": 20.47719955444336,
          "preferred": 76.02580261230469
        }
      }
    },
    {
      "decisions": {
        "aggression": 0.05730000138282776,
        "forwardPassMinGain": 3.148699998855591,
        "markDistance": 40.22700119018555,
        "passChanceDefault": 0.19120000302791595,
        "passChanceForward": 0.03139999881386757,
        "passChancePressured": 0.30160000920295715,
        "passChanceWing": 0.07819999754428864,
        "passDirDefensive": 1.5771000385284424,
        "passDirNeutral": 0.11150000244379044,
        "passDirOffensive": 0.5429999828338623,
        "riskAppetite": 0.8007000088691711,
        "shootProgressThreshold": 0.550000011920929,
        "tackleChance": 0.2199999988079071
      },
      "spatial": {
        "ball": {
          "max": 133.20120239257812,
          "min": 15.604999542236328,
          "preferred": 36.2151985168457
        },
        "opponent": {
          "max": 47.774200439453125,
          "min": 0.0,
          "preferred": 0.0
        },
        "ownGoal": {
          "max": 784.0211791992188,
          "min": 0.1362999975681305,
          "preferred": 447.9540100097656
        },
        "side": {
          "max": 467.07958984375,
          "min": 337.2742004394531,
          "preferred": 375.05938720703125
        },
        "teammate": {
          "max": 77.4540023803711,
          "min": 0.0,
          "preferred": 11.029199600219727
        }
      }
    },
    {
      "decisions": {
        "aggression": 2.0,
        "forwardPassMinGain": 10.376899719238281,
        "markDistance": 62.779701232910156,
        "passChanceDefault": 0.1615999937057495,
        "passChanceForward": 0.07689999788999557,
        "passChancePressured": 0.13339999318122864,
        "passChanceWing": 0.009999999776482582,
        "passDirDefensive": 0.18289999663829803,
        "passDirNeutral": 1.697700023651123,
        "passDirOffensive": 1.6775000095367432,
        "riskAppetite": 0.11500000208616257,
        "shootProgressThreshold": 0.5898000001907349,
        "tackleChance": 0.10289999842643738
      },
      "spatial": {
        "ball": {
          "max": 70.55919647216797,
          "min": 36.1609992980957,
          "preferred": 59.040199279785156
        },
        "opponent": {
          "max": 111.76000213623047,
          "min": 35.28379821777344,
          "preferred": 64.21080017089844
        },
        "ownGoal": {
          "max": 354.2919006347656,
          "min": 324.3389892578125,
          "preferred": 354.2919006347656
        },
        "side": {
          "max": 257.9872131347656,
          "min": 34.79650115966797,
          "preferred": 257.9872131347656
        },
        "teammate": {
          "max": 63.58810043334961,
          "min": 0.0,
          "preferred": 31.621599197387695
        }
      }
    },
    {
      "decisions": {
        "aggression": 0.13660000264644623,
        "forwardPassMinGain": 5.450099945068359,
        "markDistance": 37.01810073852539,
        "passChanceDefault": 0.013899999670684338,
        "passChanceForward": 0.01269999984651804,
        "passChancePressured": 0.22130000591278076,
        "passChanceWing": 0.09350000321865082,
        "passDirDefensive": 0.6844000220298767,
        "passDirNeutral": 1.374400019645691,
        "passDirOffensive": 1.236199975013733,
        "riskAppetite": 0.4426000118255615,
        "shootProgressThreshold": 0.7620999813079834,
        "tackleChance": 0.05350000038743019
      },
      "spatial": {
        "ball": {
          "max": 700.0,
          "min": 197.8809051513672,
          "preferred": 340.819091796875
        },
        "opponent": {
          "max": 249.86419677734375,
          "min": 167.33700561523438,
          "preferred": 213.0290069580078
        },
        "ownGoal": {
          "max": 807.5106201171875,
          "min": 64.92369842529297,
          "preferred": 471.3136901855469
        },
        "side": {
          "max": 244.03179931640625,
          "min": 148.32879638671875,
          "preferred": 244.03179931640625
        },
        "teammate": {
          "max": 400.0,
          "min": 80.310302734375,
          "preferred": 348.327392578125
        }
      }
    }
  ],
  "trainedAt": "2026-05-05T09:04:48Z",
  "trainedFromCluster": true,
  "type": "team-policy-v6",
  "version": 2
}
