{
  "name": "session-6-best",
  "parameters": {
    "forwardPassMinGain": 14.0,
    "markDistance": 68.0,
    "passChanceDefault": 0.012500000186264515,
    "passChanceForward": 0.1542000025510788,
    "passChancePressured": 0.4000000059604645,
    "passChanceWing": 0.01730000041425228,
    "shootProgressThreshold": 0.8133999705314636,
    "tackleChance": 0.2053000032901764
  },
  "sourceEpoch": 998,
  "sourceSession": "session-6",
  "type": "rule-policy",
  "version": 1
}
