{
  "accepted": false,
  "candidate": {
    "parameters": {
      "forwardPassMinGain": 14.0,
      "markDistance": 65.0,
      "passChanceDefault": 0.08290000259876251,
      "passChanceForward": 0.18000000715255737,
      "passChancePressured": 0.4000000059604645,
      "passChanceWing": 0.009999999776482582,
      "shootProgressThreshold": 0.79339998960495,
      "tackleChance": 0.2199999988079071
    }
  },
  "championEpoch": 994,
  "championParameters": {
    "forwardPassMinGain": 14.0,
    "markDistance": 68.0,
    "passChanceDefault": 0.04960000142455101,
    "passChanceForward": 0.18000000715255737,
    "passChancePressured": 0.4000000059604645,
    "passChanceWing": 0.009999999776482582,
    "shootProgressThreshold": 0.8133999705314636,
    "tackleChance": 0.2199999988079071
  },
  "createdAt": "2026-04-30T10:07:04Z",
  "epoch": 995,
  "evaluation": {
    "avgGoals": 9.97,
    "avgOutOfBounds": 0.0,
    "avgPasses": 128.42,
    "avgShots": 58.01,
    "avgTackles": 5.35,
    "baselineAvgGoals": 5.373,
    "candidateAvgGoals": 4.595,
    "candidateWon": false,
    "earlyStop": "worse",
    "elapsedMs": 110,
    "games": 375,
    "gamesPerSecond": 3409.09,
    "goalDiff": -292.0,
    "maxGames": 1000,
    "passCompletionRate": 0.921,
    "tackleSuccessRate": 1.0,
    "zScore": -2.725
  },
  "gamesPerEpoch": 1000,
  "name": "epoch-995",
  "opponent": {
    "parameters": {
      "forwardPassMinGain": 14.0,
      "markDistance": 68.0,
      "passChanceDefault": 0.04960000142455101,
      "passChanceForward": 0.18000000715255737,
      "passChancePressured": 0.4000000059604645,
      "passChanceWing": 0.009999999776482582,
      "shootProgressThreshold": 0.8133999705314636,
      "tackleChance": 0.2199999988079071
    },
    "sourceEpoch": 994
  },
  "session": "session-6"
}
