{
  "accepted": false,
  "candidate": {
    "parameters": {
      "forwardPassMinGain": 15.0,
      "markDistance": 59.0,
      "passChanceDefault": 0.008299999870359898,
      "passChanceForward": 0.17820000648498535,
      "passChancePressured": 0.3612000048160553,
      "passChanceWing": 0.009999999776482582,
      "shootProgressThreshold": 0.8137999773025513,
      "tackleChance": 0.17900000512599945
    }
  },
  "championEpoch": 812,
  "championParameters": {
    "forwardPassMinGain": 15.0,
    "markDistance": 59.0,
    "passChanceDefault": 0.008299999870359898,
    "passChanceForward": 0.17820000648498535,
    "passChancePressured": 0.3612000048160553,
    "passChanceWing": 0.009999999776482582,
    "shootProgressThreshold": 0.8137999773025513,
    "tackleChance": 0.17900000512599945
  },
  "createdAt": "2026-04-30T10:06:22Z",
  "epoch": 815,
  "evaluation": {
    "avgGoals": 12.24,
    "avgOutOfBounds": 0.0,
    "avgPasses": 139.53,
    "avgShots": 38.66,
    "avgTackles": 4.96,
    "baselineAvgGoals": 6.181,
    "candidateAvgGoals": 6.063,
    "candidateWon": false,
    "earlyStop": null,
    "elapsedMs": 292,
    "games": 1000,
    "gamesPerSecond": 3424.66,
    "goalDiff": -118.0,
    "maxGames": 1000,
    "passCompletionRate": 0.906,
    "tackleSuccessRate": 1.0,
    "zScore": -0.678
  },
  "gamesPerEpoch": 1000,
  "name": "epoch-815",
  "opponent": {
    "parameters": {
      "forwardPassMinGain": 15.0,
      "markDistance": 59.0,
      "passChanceDefault": 0.008299999870359898,
      "passChanceForward": 0.17820000648498535,
      "passChancePressured": 0.3612000048160553,
      "passChanceWing": 0.009999999776482582,
      "shootProgressThreshold": 0.8137999773025513,
      "tackleChance": 0.17900000512599945
    },
    "sourceEpoch": 812
  },
  "session": "session-6"
}
