{
  "accepted": false,
  "candidate": {
    "parameters": {
      "forwardPassMinGain": 14.0,
      "markDistance": 67.0,
      "passChanceDefault": 0.03189999982714653,
      "passChanceForward": 0.13459999859333038,
      "passChancePressured": 0.27480000257492065,
      "passChanceWing": 0.01679999940097332,
      "shootProgressThreshold": 0.810699999332428,
      "tackleChance": 0.2199999988079071
    }
  },
  "championEpoch": 673,
  "championParameters": {
    "forwardPassMinGain": 17.0,
    "markDistance": 67.0,
    "passChanceDefault": 0.03400000184774399,
    "passChanceForward": 0.13459999859333038,
    "passChancePressured": 0.271699994802475,
    "passChanceWing": 0.009999999776482582,
    "shootProgressThreshold": 0.8195000290870667,
    "tackleChance": 0.2199999988079071
  },
  "createdAt": "2026-04-30T10:05:50Z",
  "epoch": 678,
  "evaluation": {
    "avgGoals": 12.03,
    "avgOutOfBounds": 0.01,
    "avgPasses": 130.87,
    "avgShots": 39.35,
    "avgTackles": 5.92,
    "baselineAvgGoals": 6.09,
    "candidateAvgGoals": 5.935,
    "candidateWon": false,
    "earlyStop": null,
    "elapsedMs": 288,
    "games": 1000,
    "gamesPerSecond": 3472.22,
    "goalDiff": -155.0,
    "maxGames": 1000,
    "passCompletionRate": 0.91,
    "tackleSuccessRate": 1.0,
    "zScore": -0.831
  },
  "gamesPerEpoch": 1000,
  "name": "epoch-678",
  "opponent": {
    "parameters": {
      "forwardPassMinGain": 17.0,
      "markDistance": 67.0,
      "passChanceDefault": 0.03400000184774399,
      "passChanceForward": 0.13459999859333038,
      "passChancePressured": 0.271699994802475,
      "passChanceWing": 0.009999999776482582,
      "shootProgressThreshold": 0.8195000290870667,
      "tackleChance": 0.2199999988079071
    },
    "sourceEpoch": 673
  },
  "session": "session-6"
}
