{
  "accepted": true,
  "candidate": {
    "parameters": {
      "forwardPassMinGain": 18.0,
      "markDistance": 66.0,
      "passChanceDefault": 0.15119999647140503,
      "passChanceForward": 0.07400000095367432,
      "passChancePressured": 0.38199999928474426,
      "passChanceWing": 0.009999999776482582,
      "shootProgressThreshold": 0.8120999932289124,
      "tackleChance": 0.16369999945163727
    }
  },
  "championEpoch": 475,
  "championParameters": {
    "forwardPassMinGain": 18.0,
    "markDistance": 66.0,
    "passChanceDefault": 0.15119999647140503,
    "passChanceForward": 0.07400000095367432,
    "passChancePressured": 0.38199999928474426,
    "passChanceWing": 0.009999999776482582,
    "shootProgressThreshold": 0.8120999932289124,
    "tackleChance": 0.16369999945163727
  },
  "createdAt": "2026-04-30T10:05:05Z",
  "epoch": 475,
  "evaluation": {
    "avgGoals": 11.54,
    "avgOutOfBounds": 0.01,
    "avgPasses": 139.26,
    "avgShots": 39.24,
    "avgTackles": 5.06,
    "baselineAvgGoals": 5.708,
    "candidateAvgGoals": 5.831,
    "candidateWon": true,
    "earlyStop": null,
    "elapsedMs": 290,
    "games": 1000,
    "gamesPerSecond": 3448.28,
    "goalDiff": 123.0,
    "maxGames": 1000,
    "passCompletionRate": 0.915,
    "tackleSuccessRate": 1.0,
    "zScore": 0.665
  },
  "gamesPerEpoch": 1000,
  "name": "epoch-475",
  "opponent": {
    "parameters": {
      "forwardPassMinGain": 18.0,
      "markDistance": 61.0,
      "passChanceDefault": 0.15119999647140503,
      "passChanceForward": 0.07400000095367432,
      "passChancePressured": 0.38199999928474426,
      "passChanceWing": 0.009999999776482582,
      "shootProgressThreshold": 0.8120999932289124,
      "tackleChance": 0.1599999964237213
    },
    "sourceEpoch": 473
  },
  "session": "session-6"
}
