{
  "accepted": true,
  "candidate": {
    "parameters": {
      "forwardPassMinGain": 16.0,
      "markDistance": 66.0,
      "passChanceDefault": 0.15719999372959137,
      "passChanceForward": 0.06920000165700912,
      "passChancePressured": 0.4000000059604645,
      "passChanceWing": 0.022299999371170998,
      "shootProgressThreshold": 0.8100000023841858,
      "tackleChance": 0.15629999339580536
    }
  },
  "championEpoch": 460,
  "championParameters": {
    "forwardPassMinGain": 16.0,
    "markDistance": 66.0,
    "passChanceDefault": 0.15719999372959137,
    "passChanceForward": 0.06920000165700912,
    "passChancePressured": 0.4000000059604645,
    "passChanceWing": 0.022299999371170998,
    "shootProgressThreshold": 0.8100000023841858,
    "tackleChance": 0.15629999339580536
  },
  "createdAt": "2026-04-30T10:05:01Z",
  "epoch": 460,
  "evaluation": {
    "avgGoals": 11.06,
    "avgOutOfBounds": 0.01,
    "avgPasses": 142.94,
    "avgShots": 37.93,
    "avgTackles": 5.2,
    "baselineAvgGoals": 5.496,
    "candidateAvgGoals": 5.567,
    "candidateWon": true,
    "earlyStop": null,
    "elapsedMs": 289,
    "games": 1000,
    "gamesPerSecond": 3460.21,
    "goalDiff": 71.0,
    "maxGames": 1000,
    "passCompletionRate": 0.923,
    "tackleSuccessRate": 1.0,
    "zScore": 0.381
  },
  "gamesPerEpoch": 1000,
  "name": "epoch-460",
  "opponent": {
    "parameters": {
      "forwardPassMinGain": 16.0,
      "markDistance": 66.0,
      "passChanceDefault": 0.16920000314712524,
      "passChanceForward": 0.09359999746084213,
      "passChancePressured": 0.4000000059604645,
      "passChanceWing": 0.022299999371170998,
      "shootProgressThreshold": 0.8061000108718872,
      "tackleChance": 0.15629999339580536
    },
    "sourceEpoch": 454
  },
  "session": "session-6"
}
