{
  "accepted": false,
  "candidate": {
    "parameters": {
      "forwardPassMinGain": 18.0,
      "markDistance": 71.0,
      "passChanceDefault": 0.1307000070810318,
      "passChanceForward": 0.048500001430511475,
      "passChancePressured": 0.4000000059604645,
      "passChanceWing": 0.009999999776482582,
      "shootProgressThreshold": 0.8055999875068665,
      "tackleChance": 0.21089999377727509
    }
  },
  "championEpoch": 3,
  "championParameters": {
    "forwardPassMinGain": 18.0,
    "markDistance": 65.0,
    "passChanceDefault": 0.1307000070810318,
    "passChanceForward": 0.0868000015616417,
    "passChancePressured": 0.4000000059604645,
    "passChanceWing": 0.009999999776482582,
    "shootProgressThreshold": 0.8055999875068665,
    "tackleChance": 0.21089999377727509
  },
  "createdAt": "2026-04-30T10:03:18Z",
  "epoch": 7,
  "evaluation": {
    "avgGoals": 11.33,
    "avgOutOfBounds": 0.01,
    "avgPasses": 130.65,
    "avgShots": 41.2,
    "avgTackles": 5.96,
    "baselineAvgGoals": 5.755,
    "candidateAvgGoals": 5.578,
    "candidateWon": false,
    "earlyStop": null,
    "elapsedMs": 278,
    "games": 1000,
    "gamesPerSecond": 3597.12,
    "goalDiff": -177.0,
    "maxGames": 1000,
    "passCompletionRate": 0.914,
    "tackleSuccessRate": 1.0,
    "zScore": -0.935
  },
  "gamesPerEpoch": 1000,
  "name": "epoch-007",
  "opponent": {
    "parameters": {
      "forwardPassMinGain": 18.0,
      "markDistance": 65.0,
      "passChanceDefault": 0.1307000070810318,
      "passChanceForward": 0.0868000015616417,
      "passChancePressured": 0.4000000059604645,
      "passChanceWing": 0.009999999776482582,
      "shootProgressThreshold": 0.8055999875068665,
      "tackleChance": 0.21089999377727509
    },
    "sourceEpoch": 3
  },
  "session": "session-6"
}
