{
  "accepted": false,
  "candidate": {
    "parameters": {
      "forwardPassMinGain": 14.0,
      "markDistance": 66.0,
      "passChanceDefault": 0.004999999888241291,
      "passChanceForward": 0.1160999983549118,
      "passChancePressured": 0.23399999737739563,
      "passChanceWing": 0.02290000021457672,
      "shootProgressThreshold": 0.8335000276565552,
      "tackleChance": 0.19169999659061432
    }
  },
  "championEpoch": 597,
  "championParameters": {
    "forwardPassMinGain": 14.0,
    "markDistance": 66.0,
    "passChanceDefault": 0.004999999888241291,
    "passChanceForward": 0.1160999983549118,
    "passChancePressured": 0.26739999651908875,
    "passChanceWing": 0.02290000021457672,
    "shootProgressThreshold": 0.8149999976158142,
    "tackleChance": 0.19169999659061432
  },
  "createdAt": "2026-04-30T10:05:34Z",
  "epoch": 601,
  "evaluation": {
    "avgGoals": 11.19,
    "avgOutOfBounds": 0.01,
    "avgPasses": 133.9,
    "avgShots": 41.8,
    "avgTackles": 5.35,
    "baselineAvgGoals": 5.777,
    "candidateAvgGoals": 5.415,
    "candidateWon": false,
    "earlyStop": null,
    "elapsedMs": 288,
    "games": 1000,
    "gamesPerSecond": 3472.22,
    "goalDiff": -362.0,
    "maxGames": 1000,
    "passCompletionRate": 0.913,
    "tackleSuccessRate": 1.0,
    "zScore": -2.119
  },
  "gamesPerEpoch": 1000,
  "name": "epoch-601",
  "opponent": {
    "parameters": {
      "forwardPassMinGain": 14.0,
      "markDistance": 66.0,
      "passChanceDefault": 0.004999999888241291,
      "passChanceForward": 0.1160999983549118,
      "passChancePressured": 0.26739999651908875,
      "passChanceWing": 0.02290000021457672,
      "shootProgressThreshold": 0.8149999976158142,
      "tackleChance": 0.19169999659061432
    },
    "sourceEpoch": 597
  },
  "session": "session-6"
}
