{
  "accepted": false,
  "candidate": {
    "parameters": {
      "forwardPassMinGain": 18.0,
      "markDistance": 62.0,
      "passChanceDefault": 0.07119999825954437,
      "passChanceForward": 0.11540000140666962,
      "passChancePressured": 0.37389999628067017,
      "passChanceWing": 0.009999999776482582,
      "shootProgressThreshold": 0.8104000091552734,
      "tackleChance": 0.16459999978542328
    }
  },
  "championEpoch": 250,
  "championParameters": {
    "forwardPassMinGain": 18.0,
    "markDistance": 68.0,
    "passChanceDefault": 0.08500000089406967,
    "passChanceForward": 0.11540000140666962,
    "passChancePressured": 0.39969998598098755,
    "passChanceWing": 0.009999999776482582,
    "shootProgressThreshold": 0.8104000091552734,
    "tackleChance": 0.16459999978542328
  },
  "createdAt": "2026-04-30T10:04:13Z",
  "epoch": 252,
  "evaluation": {
    "avgGoals": 12.0,
    "avgOutOfBounds": 0.01,
    "avgPasses": 134.24,
    "avgShots": 38.7,
    "avgTackles": 5.41,
    "baselineAvgGoals": 6.044,
    "candidateAvgGoals": 5.956,
    "candidateWon": false,
    "earlyStop": null,
    "elapsedMs": 285,
    "games": 1000,
    "gamesPerSecond": 3508.77,
    "goalDiff": -88.0,
    "maxGames": 1000,
    "passCompletionRate": 0.91,
    "tackleSuccessRate": 1.0,
    "zScore": -0.454
  },
  "gamesPerEpoch": 1000,
  "name": "epoch-252",
  "opponent": {
    "parameters": {
      "forwardPassMinGain": 18.0,
      "markDistance": 68.0,
      "passChanceDefault": 0.08500000089406967,
      "passChanceForward": 0.11540000140666962,
      "passChancePressured": 0.39969998598098755,
      "passChanceWing": 0.009999999776482582,
      "shootProgressThreshold": 0.8104000091552734,
      "tackleChance": 0.16459999978542328
    },
    "sourceEpoch": 250
  },
  "session": "session-6"
}
