{
  "accepted": false,
  "candidate": {
    "parameters": {
      "forwardPassMinGain": 11.0,
      "markDistance": 69.0,
      "passChanceDefault": 0.004999999888241291,
      "passChanceForward": 0.14390000700950623,
      "passChancePressured": 0.3237999975681305,
      "passChanceWing": 0.009999999776482582,
      "shootProgressThreshold": 0.7882000207901001,
      "tackleChance": 0.19169999659061432
    }
  },
  "championEpoch": 755,
  "championParameters": {
    "forwardPassMinGain": 13.0,
    "markDistance": 69.0,
    "passChanceDefault": 0.004999999888241291,
    "passChanceForward": 0.1462000012397766,
    "passChancePressured": 0.3237999975681305,
    "passChanceWing": 0.009999999776482582,
    "shootProgressThreshold": 0.8151000142097473,
    "tackleChance": 0.18459999561309814
  },
  "createdAt": "2026-04-30T10:06:08Z",
  "epoch": 756,
  "evaluation": {
    "avgGoals": 7.58,
    "avgOutOfBounds": 0.0,
    "avgPasses": 114.15,
    "avgShots": 86.64,
    "avgTackles": 4.49,
    "baselineAvgGoals": 4.65,
    "candidateAvgGoals": 2.93,
    "candidateWon": false,
    "earlyStop": "worse",
    "elapsedMs": 30,
    "games": 100,
    "gamesPerSecond": 3333.33,
    "goalDiff": -172.0,
    "maxGames": 1000,
    "passCompletionRate": 0.929,
    "tackleSuccessRate": 1.0,
    "zScore": -3.78
  },
  "gamesPerEpoch": 1000,
  "name": "epoch-756",
  "opponent": {
    "parameters": {
      "forwardPassMinGain": 13.0,
      "markDistance": 69.0,
      "passChanceDefault": 0.004999999888241291,
      "passChanceForward": 0.1462000012397766,
      "passChancePressured": 0.3237999975681305,
      "passChanceWing": 0.009999999776482582,
      "shootProgressThreshold": 0.8151000142097473,
      "tackleChance": 0.18459999561309814
    },
    "sourceEpoch": 755
  },
  "session": "session-6"
}
