{
  "accepted": false,
  "candidate": {
    "parameters": {
      "forwardPassMinGain": 18.0,
      "markDistance": 59.0,
      "passChanceDefault": 0.10260000079870224,
      "passChanceForward": 0.18000000715255737,
      "passChancePressured": 0.3878999948501587,
      "passChanceWing": 0.009999999776482582,
      "shootProgressThreshold": 0.8141999840736389,
      "tackleChance": 0.21780000627040863
    }
  },
  "championEpoch": 966,
  "championParameters": {
    "forwardPassMinGain": 18.0,
    "markDistance": 63.0,
    "passChanceDefault": 0.10260000079870224,
    "passChanceForward": 0.17790000140666962,
    "passChancePressured": 0.3878999948501587,
    "passChanceWing": 0.009999999776482582,
    "shootProgressThreshold": 0.8141999840736389,
    "tackleChance": 0.2199999988079071
  },
  "createdAt": "2026-04-30T10:06:59Z",
  "epoch": 972,
  "evaluation": {
    "avgGoals": 11.99,
    "avgOutOfBounds": 0.01,
    "avgPasses": 142.32,
    "avgShots": 37.5,
    "avgTackles": 5.13,
    "baselineAvgGoals": 6.025,
    "candidateAvgGoals": 5.969,
    "candidateWon": false,
    "earlyStop": null,
    "elapsedMs": 294,
    "games": 1000,
    "gamesPerSecond": 3401.36,
    "goalDiff": -56.0,
    "maxGames": 1000,
    "passCompletionRate": 0.91,
    "tackleSuccessRate": 1.0,
    "zScore": -0.306
  },
  "gamesPerEpoch": 1000,
  "name": "epoch-972",
  "opponent": {
    "parameters": {
      "forwardPassMinGain": 18.0,
      "markDistance": 63.0,
      "passChanceDefault": 0.10260000079870224,
      "passChanceForward": 0.17790000140666962,
      "passChancePressured": 0.3878999948501587,
      "passChanceWing": 0.009999999776482582,
      "shootProgressThreshold": 0.8141999840736389,
      "tackleChance": 0.2199999988079071
    },
    "sourceEpoch": 966
  },
  "session": "session-6"
}
