{
  "accepted": false,
  "candidate": {
    "parameters": {
      "forwardPassMinGain": 17.0,
      "markDistance": 67.0,
      "passChanceDefault": 0.05999999865889549,
      "passChanceForward": 0.10499999672174454,
      "passChancePressured": 0.2689000070095062,
      "passChanceWing": 0.05270000174641609,
      "shootProgressThreshold": 0.8051999807357788,
      "tackleChance": 0.2199999988079071
    }
  },
  "championEpoch": 673,
  "championParameters": {
    "forwardPassMinGain": 17.0,
    "markDistance": 67.0,
    "passChanceDefault": 0.03400000184774399,
    "passChanceForward": 0.13459999859333038,
    "passChancePressured": 0.271699994802475,
    "passChanceWing": 0.009999999776482582,
    "shootProgressThreshold": 0.8195000290870667,
    "tackleChance": 0.2199999988079071
  },
  "createdAt": "2026-04-30T10:05:50Z",
  "epoch": 680,
  "evaluation": {
    "avgGoals": 11.3,
    "avgOutOfBounds": 0.01,
    "avgPasses": 139.62,
    "avgShots": 38.38,
    "avgTackles": 5.64,
    "baselineAvgGoals": 5.936,
    "candidateAvgGoals": 5.366,
    "candidateWon": false,
    "earlyStop": "worse",
    "elapsedMs": 181,
    "games": 625,
    "gamesPerSecond": 3453.04,
    "goalDiff": -356.0,
    "maxGames": 1000,
    "passCompletionRate": 0.921,
    "tackleSuccessRate": 1.0,
    "zScore": -2.508
  },
  "gamesPerEpoch": 1000,
  "name": "epoch-680",
  "opponent": {
    "parameters": {
      "forwardPassMinGain": 17.0,
      "markDistance": 67.0,
      "passChanceDefault": 0.03400000184774399,
      "passChanceForward": 0.13459999859333038,
      "passChancePressured": 0.271699994802475,
      "passChanceWing": 0.009999999776482582,
      "shootProgressThreshold": 0.8195000290870667,
      "tackleChance": 0.2199999988079071
    },
    "sourceEpoch": 673
  },
  "session": "session-6"
}
