{
  "accepted": false,
  "candidate": {
    "parameters": {
      "forwardPassMinGain": 14.0,
      "markDistance": 61.0,
      "passChanceDefault": 0.044599998742341995,
      "passChanceForward": 0.18000000715255737,
      "passChancePressured": 0.32749998569488525,
      "passChanceWing": 0.009999999776482582,
      "shootProgressThreshold": 0.8019000291824341,
      "tackleChance": 0.17759999632835388
    }
  },
  "championEpoch": 837,
  "championParameters": {
    "forwardPassMinGain": 10.0,
    "markDistance": 61.0,
    "passChanceDefault": 0.0494999997317791,
    "passChanceForward": 0.18000000715255737,
    "passChancePressured": 0.32749998569488525,
    "passChanceWing": 0.009999999776482582,
    "shootProgressThreshold": 0.8203999996185303,
    "tackleChance": 0.2199999988079071
  },
  "createdAt": "2026-04-30T10:06:28Z",
  "epoch": 841,
  "evaluation": {
    "avgGoals": 11.73,
    "avgOutOfBounds": 0.01,
    "avgPasses": 140.44,
    "avgShots": 39.41,
    "avgTackles": 5.34,
    "baselineAvgGoals": 5.878,
    "candidateAvgGoals": 5.855,
    "candidateWon": false,
    "earlyStop": null,
    "elapsedMs": 294,
    "games": 1000,
    "gamesPerSecond": 3401.36,
    "goalDiff": -23.0,
    "maxGames": 1000,
    "passCompletionRate": 0.913,
    "tackleSuccessRate": 1.0,
    "zScore": -0.13
  },
  "gamesPerEpoch": 1000,
  "name": "epoch-841",
  "opponent": {
    "parameters": {
      "forwardPassMinGain": 10.0,
      "markDistance": 61.0,
      "passChanceDefault": 0.0494999997317791,
      "passChanceForward": 0.18000000715255737,
      "passChancePressured": 0.32749998569488525,
      "passChanceWing": 0.009999999776482582,
      "shootProgressThreshold": 0.8203999996185303,
      "tackleChance": 0.2199999988079071
    },
    "sourceEpoch": 837
  },
  "session": "session-6"
}
