{
  "accepted": true,
  "candidate": {
    "parameters": {
      "forwardPassMinGain": 16.0,
      "markDistance": 63.0,
      "passChanceDefault": 0.1712000072002411,
      "passChanceForward": 0.048500001430511475,
      "passChancePressured": 0.3785000145435333,
      "passChanceWing": 0.03629999980330467,
      "shootProgressThreshold": 0.8098999857902527,
      "tackleChance": 0.16609999537467957
    }
  },
  "championEpoch": 419,
  "championParameters": {
    "forwardPassMinGain": 16.0,
    "markDistance": 63.0,
    "passChanceDefault": 0.1712000072002411,
    "passChanceForward": 0.048500001430511475,
    "passChancePressured": 0.3785000145435333,
    "passChanceWing": 0.03629999980330467,
    "shootProgressThreshold": 0.8098999857902527,
    "tackleChance": 0.16609999537467957
  },
  "createdAt": "2026-04-30T10:04:51Z",
  "epoch": 419,
  "evaluation": {
    "avgGoals": 10.46,
    "avgOutOfBounds": 0.0,
    "avgPasses": 150.0,
    "avgShots": 37.2,
    "avgTackles": 4.63,
    "baselineAvgGoals": 5.2,
    "candidateAvgGoals": 5.257,
    "candidateWon": true,
    "earlyStop": null,
    "elapsedMs": 294,
    "games": 1000,
    "gamesPerSecond": 3401.36,
    "goalDiff": 57.0,
    "maxGames": 1000,
    "passCompletionRate": 0.927,
    "tackleSuccessRate": 1.0,
    "zScore": 0.324
  },
  "gamesPerEpoch": 1000,
  "name": "epoch-419",
  "opponent": {
    "parameters": {
      "forwardPassMinGain": 14.0,
      "markDistance": 66.0,
      "passChanceDefault": 0.1712000072002411,
      "passChanceForward": 0.050700001418590546,
      "passChancePressured": 0.3978999853134155,
      "passChanceWing": 0.03139999881386757,
      "shootProgressThreshold": 0.8098999857902527,
      "tackleChance": 0.16609999537467957
    },
    "sourceEpoch": 416
  },
  "session": "session-6"
}
