{
  "accepted": true,
  "candidate": {
    "parameters": {
      "forwardPassMinGain": 18.0,
      "markDistance": 65.0,
      "passChanceDefault": 0.08110000193119049,
      "passChanceForward": 0.18000000715255737,
      "passChancePressured": 0.4000000059604645,
      "passChanceWing": 0.019999999552965164,
      "shootProgressThreshold": 0.8130999803543091,
      "tackleChance": 0.2199999988079071
    }
  },
  "championEpoch": 940,
  "championParameters": {
    "forwardPassMinGain": 18.0,
    "markDistance": 65.0,
    "passChanceDefault": 0.08110000193119049,
    "passChanceForward": 0.18000000715255737,
    "passChancePressured": 0.4000000059604645,
    "passChanceWing": 0.019999999552965164,
    "shootProgressThreshold": 0.8130999803543091,
    "tackleChance": 0.2199999988079071
  },
  "createdAt": "2026-04-30T10:06:51Z",
  "epoch": 940,
  "evaluation": {
    "avgGoals": 11.8,
    "avgOutOfBounds": 0.01,
    "avgPasses": 139.57,
    "avgShots": 36.24,
    "avgTackles": 5.51,
    "baselineAvgGoals": 5.883,
    "candidateAvgGoals": 5.912,
    "candidateWon": true,
    "earlyStop": null,
    "elapsedMs": 289,
    "games": 1000,
    "gamesPerSecond": 3460.21,
    "goalDiff": 29.0,
    "maxGames": 1000,
    "passCompletionRate": 0.91,
    "tackleSuccessRate": 1.0,
    "zScore": 0.15
  },
  "gamesPerEpoch": 1000,
  "name": "epoch-940",
  "opponent": {
    "parameters": {
      "forwardPassMinGain": 18.0,
      "markDistance": 66.0,
      "passChanceDefault": 0.07119999825954437,
      "passChanceForward": 0.16920000314712524,
      "passChancePressured": 0.4000000059604645,
      "passChanceWing": 0.019999999552965164,
      "shootProgressThreshold": 0.8130999803543091,
      "tackleChance": 0.2199999988079071
    },
    "sourceEpoch": 934
  },
  "session": "session-6"
}
