{
  "accepted": true,
  "candidate": {
    "parameters": {
      "forwardPassMinGain": 16.0,
      "markDistance": 64.0,
      "passChanceDefault": 0.004999999888241291,
      "passChanceForward": 0.1728000044822693,
      "passChancePressured": 0.3752000033855438,
      "passChanceWing": 0.02850000001490116,
      "shootProgressThreshold": 0.800000011920929,
      "tackleChance": 0.18459999561309814
    }
  },
  "championEpoch": 785,
  "championParameters": {
    "forwardPassMinGain": 16.0,
    "markDistance": 64.0,
    "passChanceDefault": 0.004999999888241291,
    "passChanceForward": 0.1728000044822693,
    "passChancePressured": 0.3752000033855438,
    "passChanceWing": 0.02850000001490116,
    "shootProgressThreshold": 0.800000011920929,
    "tackleChance": 0.18459999561309814
  },
  "createdAt": "2026-04-30T10:06:15Z",
  "epoch": 785,
  "evaluation": {
    "avgGoals": 11.2,
    "avgOutOfBounds": 0.01,
    "avgPasses": 135.69,
    "avgShots": 44.16,
    "avgTackles": 5.8,
    "baselineAvgGoals": 5.567,
    "candidateAvgGoals": 5.629,
    "candidateWon": true,
    "earlyStop": null,
    "elapsedMs": 289,
    "games": 1000,
    "gamesPerSecond": 3460.21,
    "goalDiff": 62.0,
    "maxGames": 1000,
    "passCompletionRate": 0.923,
    "tackleSuccessRate": 1.0,
    "zScore": 0.348
  },
  "gamesPerEpoch": 1000,
  "name": "epoch-785",
  "opponent": {
    "parameters": {
      "forwardPassMinGain": 16.0,
      "markDistance": 63.0,
      "passChanceDefault": 0.004999999888241291,
      "passChanceForward": 0.14640000462532043,
      "passChancePressured": 0.3799000084400177,
      "passChanceWing": 0.009999999776482582,
      "shootProgressThreshold": 0.800000011920929,
      "tackleChance": 0.18459999561309814
    },
    "sourceEpoch": 781
  },
  "session": "session-6"
}
