{
  "accepted": false,
  "candidate": {
    "parameters": {
      "forwardPassMinGain": 16.0,
      "markDistance": 68.0,
      "passChanceDefault": 0.15330000221729279,
      "passChanceForward": 0.16009999811649323,
      "passChancePressured": 0.3684999942779541,
      "passChanceWing": 0.009999999776482582,
      "shootProgressThreshold": 0.8310999870300293,
      "tackleChance": 0.2199999988079071
    }
  },
  "championEpoch": 50,
  "championParameters": {
    "forwardPassMinGain": 14.0,
    "markDistance": 68.0,
    "passChanceDefault": 0.133200004696846,
    "passChanceForward": 0.1500999927520752,
    "passChancePressured": 0.3806999921798706,
    "passChanceWing": 0.009999999776482582,
    "shootProgressThreshold": 0.8101000189781189,
    "tackleChance": 0.2199999988079071
  },
  "createdAt": "2026-04-30T10:03:28Z",
  "epoch": 52,
  "evaluation": {
    "avgGoals": 11.43,
    "avgOutOfBounds": 0.01,
    "avgPasses": 134.33,
    "avgShots": 40.05,
    "avgTackles": 5.65,
    "baselineAvgGoals": 5.77,
    "candidateAvgGoals": 5.659,
    "candidateWon": false,
    "earlyStop": null,
    "elapsedMs": 283,
    "games": 1000,
    "gamesPerSecond": 3533.57,
    "goalDiff": -111.0,
    "maxGames": 1000,
    "passCompletionRate": 0.913,
    "tackleSuccessRate": 1.0,
    "zScore": -0.569
  },
  "gamesPerEpoch": 1000,
  "name": "epoch-052",
  "opponent": {
    "parameters": {
      "forwardPassMinGain": 14.0,
      "markDistance": 68.0,
      "passChanceDefault": 0.133200004696846,
      "passChanceForward": 0.1500999927520752,
      "passChancePressured": 0.3806999921798706,
      "passChanceWing": 0.009999999776482582,
      "shootProgressThreshold": 0.8101000189781189,
      "tackleChance": 0.2199999988079071
    },
    "sourceEpoch": 50
  },
  "session": "session-6"
}
