{
  "accepted": false,
  "candidate": {
    "parameters": {
      "forwardPassMinGain": 14.0,
      "markDistance": 66.0,
      "passChanceDefault": 0.004999999888241291,
      "passChanceForward": 0.1160999983549118,
      "passChancePressured": 0.2370000034570694,
      "passChanceWing": 0.02290000021457672,
      "shootProgressThreshold": 0.8149999976158142,
      "tackleChance": 0.19169999659061432
    }
  },
  "championEpoch": 597,
  "championParameters": {
    "forwardPassMinGain": 14.0,
    "markDistance": 66.0,
    "passChanceDefault": 0.004999999888241291,
    "passChanceForward": 0.1160999983549118,
    "passChancePressured": 0.26739999651908875,
    "passChanceWing": 0.02290000021457672,
    "shootProgressThreshold": 0.8149999976158142,
    "tackleChance": 0.19169999659061432
  },
  "createdAt": "2026-04-30T10:05:33Z",
  "epoch": 598,
  "evaluation": {
    "avgGoals": 11.77,
    "avgOutOfBounds": 0.01,
    "avgPasses": 134.79,
    "avgShots": 38.74,
    "avgTackles": 5.62,
    "baselineAvgGoals": 5.964,
    "candidateAvgGoals": 5.803,
    "candidateWon": false,
    "earlyStop": null,
    "elapsedMs": 289,
    "games": 1000,
    "gamesPerSecond": 3460.21,
    "goalDiff": -161.0,
    "maxGames": 1000,
    "passCompletionRate": 0.912,
    "tackleSuccessRate": 1.0,
    "zScore": -0.893
  },
  "gamesPerEpoch": 1000,
  "name": "epoch-598",
  "opponent": {
    "parameters": {
      "forwardPassMinGain": 14.0,
      "markDistance": 66.0,
      "passChanceDefault": 0.004999999888241291,
      "passChanceForward": 0.1160999983549118,
      "passChancePressured": 0.26739999651908875,
      "passChanceWing": 0.02290000021457672,
      "shootProgressThreshold": 0.8149999976158142,
      "tackleChance": 0.19169999659061432
    },
    "sourceEpoch": 597
  },
  "session": "session-6"
}
