{
  "accepted": false,
  "candidate": {
    "parameters": {
      "forwardPassMinGain": 13.0,
      "markDistance": 75.0,
      "passChanceDefault": 0.030500000342726707,
      "passChanceForward": 0.1216999962925911,
      "passChancePressured": 0.3237999975681305,
      "passChanceWing": 0.009999999776482582,
      "shootProgressThreshold": 0.7752000093460083,
      "tackleChance": 0.2078000009059906
    }
  },
  "championEpoch": 755,
  "championParameters": {
    "forwardPassMinGain": 13.0,
    "markDistance": 69.0,
    "passChanceDefault": 0.004999999888241291,
    "passChanceForward": 0.1462000012397766,
    "passChancePressured": 0.3237999975681305,
    "passChanceWing": 0.009999999776482582,
    "shootProgressThreshold": 0.8151000142097473,
    "tackleChance": 0.18459999561309814
  },
  "createdAt": "2026-04-30T10:06:09Z",
  "epoch": 758,
  "evaluation": {
    "avgGoals": 4.1,
    "avgOutOfBounds": 0.0,
    "avgPasses": 103.65,
    "avgShots": 119.53,
    "avgTackles": 2.97,
    "baselineAvgGoals": 3.07,
    "candidateAvgGoals": 1.03,
    "candidateWon": false,
    "earlyStop": "worse",
    "elapsedMs": 31,
    "games": 100,
    "gamesPerSecond": 3225.81,
    "goalDiff": -204.0,
    "maxGames": 1000,
    "passCompletionRate": 0.954,
    "tackleSuccessRate": 1.0,
    "zScore": -5.85
  },
  "gamesPerEpoch": 1000,
  "name": "epoch-758",
  "opponent": {
    "parameters": {
      "forwardPassMinGain": 13.0,
      "markDistance": 69.0,
      "passChanceDefault": 0.004999999888241291,
      "passChanceForward": 0.1462000012397766,
      "passChancePressured": 0.3237999975681305,
      "passChanceWing": 0.009999999776482582,
      "shootProgressThreshold": 0.8151000142097473,
      "tackleChance": 0.18459999561309814
    },
    "sourceEpoch": 755
  },
  "session": "session-6"
}
