{
  "accepted": true,
  "candidate": {
    "parameters": {
      "forwardPassMinGain": 11.0,
      "markDistance": 68.0,
      "passChanceDefault": 0.004999999888241291,
      "passChanceForward": 0.18000000715255737,
      "passChancePressured": 0.3878999948501587,
      "passChanceWing": 0.009999999776482582,
      "shootProgressThreshold": 0.8068000078201294,
      "tackleChance": 0.2199999988079071
    }
  },
  "championEpoch": 832,
  "championParameters": {
    "forwardPassMinGain": 11.0,
    "markDistance": 68.0,
    "passChanceDefault": 0.004999999888241291,
    "passChanceForward": 0.18000000715255737,
    "passChancePressured": 0.3878999948501587,
    "passChanceWing": 0.009999999776482582,
    "shootProgressThreshold": 0.8068000078201294,
    "tackleChance": 0.2199999988079071
  },
  "createdAt": "2026-04-30T10:06:26Z",
  "epoch": 832,
  "evaluation": {
    "avgGoals": 12.13,
    "avgOutOfBounds": 0.0,
    "avgPasses": 129.13,
    "avgShots": 37.85,
    "avgTackles": 6.09,
    "baselineAvgGoals": 6.034,
    "candidateAvgGoals": 6.1,
    "candidateWon": true,
    "earlyStop": null,
    "elapsedMs": 284,
    "games": 1000,
    "gamesPerSecond": 3521.13,
    "goalDiff": 66.0,
    "maxGames": 1000,
    "passCompletionRate": 0.904,
    "tackleSuccessRate": 1.0,
    "zScore": 0.323
  },
  "gamesPerEpoch": 1000,
  "name": "epoch-832",
  "opponent": {
    "parameters": {
      "forwardPassMinGain": 11.0,
      "markDistance": 68.0,
      "passChanceDefault": 0.008299999870359898,
      "passChanceForward": 0.18000000715255737,
      "passChancePressured": 0.3619000017642975,
      "passChanceWing": 0.009999999776482582,
      "shootProgressThreshold": 0.8137999773025513,
      "tackleChance": 0.2071000039577484
    },
    "sourceEpoch": 831
  },
  "session": "session-6"
}
