{
  "accepted": false,
  "candidate": {
    "parameters": {
      "forwardPassMinGain": 16.0,
      "markDistance": 69.0,
      "passChanceDefault": 0.10199999809265137,
      "passChanceForward": 0.17790000140666962,
      "passChancePressured": 0.4000000059604645,
      "passChanceWing": 0.009999999776482582,
      "shootProgressThreshold": 0.8015999794006348,
      "tackleChance": 0.1754000037908554
    }
  },
  "championEpoch": 132,
  "championParameters": {
    "forwardPassMinGain": 16.0,
    "markDistance": 68.0,
    "passChanceDefault": 0.1005999967455864,
    "passChanceForward": 0.17790000140666962,
    "passChancePressured": 0.3930000066757202,
    "passChanceWing": 0.009999999776482582,
    "shootProgressThreshold": 0.8054999709129333,
    "tackleChance": 0.1995999962091446
  },
  "createdAt": "2026-04-30T10:03:46Z",
  "epoch": 134,
  "evaluation": {
    "avgGoals": 11.75,
    "avgOutOfBounds": 0.01,
    "avgPasses": 131.99,
    "avgShots": 38.89,
    "avgTackles": 6.3,
    "baselineAvgGoals": 5.877,
    "candidateAvgGoals": 5.869,
    "candidateWon": false,
    "earlyStop": null,
    "elapsedMs": 277,
    "games": 1000,
    "gamesPerSecond": 3610.11,
    "goalDiff": -8.0,
    "maxGames": 1000,
    "passCompletionRate": 0.913,
    "tackleSuccessRate": 1.0,
    "zScore": -0.039
  },
  "gamesPerEpoch": 1000,
  "name": "epoch-134",
  "opponent": {
    "parameters": {
      "forwardPassMinGain": 16.0,
      "markDistance": 68.0,
      "passChanceDefault": 0.1005999967455864,
      "passChanceForward": 0.17790000140666962,
      "passChancePressured": 0.3930000066757202,
      "passChanceWing": 0.009999999776482582,
      "shootProgressThreshold": 0.8054999709129333,
      "tackleChance": 0.1995999962091446
    },
    "sourceEpoch": 132
  },
  "session": "session-6"
}
