{
  "accepted": false,
  "candidate": {
    "parameters": {
      "forwardPassMinGain": 15.0,
      "markDistance": 64.0,
      "passChanceDefault": 0.01810000091791153,
      "passChanceForward": 0.18000000715255737,
      "passChancePressured": 0.3555999994277954,
      "passChanceWing": 0.009999999776482582,
      "shootProgressThreshold": 0.7603999972343445,
      "tackleChance": 0.2199999988079071
    }
  },
  "championEpoch": 788,
  "championParameters": {
    "forwardPassMinGain": 15.0,
    "markDistance": 64.0,
    "passChanceDefault": 0.01810000091791153,
    "passChanceForward": 0.1728000044822693,
    "passChancePressured": 0.3752000033855438,
    "passChanceWing": 0.014999999664723873,
    "shootProgressThreshold": 0.7997000217437744,
    "tackleChance": 0.20499999821186066
  },
  "createdAt": "2026-04-30T10:06:17Z",
  "epoch": 796,
  "evaluation": {
    "avgGoals": 3.01,
    "avgOutOfBounds": 0.02,
    "avgPasses": 106.54,
    "avgShots": 136.27,
    "avgTackles": 2.47,
    "baselineAvgGoals": 2.29,
    "candidateAvgGoals": 0.72,
    "candidateWon": false,
    "earlyStop": "worse",
    "elapsedMs": 32,
    "games": 100,
    "gamesPerSecond": 3125.0,
    "goalDiff": -157.0,
    "maxGames": 1000,
    "passCompletionRate": 0.973,
    "tackleSuccessRate": 1.0,
    "zScore": -6.251
  },
  "gamesPerEpoch": 1000,
  "name": "epoch-796",
  "opponent": {
    "parameters": {
      "forwardPassMinGain": 15.0,
      "markDistance": 64.0,
      "passChanceDefault": 0.01810000091791153,
      "passChanceForward": 0.1728000044822693,
      "passChancePressured": 0.3752000033855438,
      "passChanceWing": 0.014999999664723873,
      "shootProgressThreshold": 0.7997000217437744,
      "tackleChance": 0.20499999821186066
    },
    "sourceEpoch": 788
  },
  "session": "session-6"
}
