{
  "accepted": false,
  "candidate": {
    "parameters": {
      "forwardPassMinGain": 16.0,
      "markDistance": 69.0,
      "passChanceDefault": 0.133200004696846,
      "passChanceForward": 0.15530000627040863,
      "passChancePressured": 0.4000000059604645,
      "passChanceWing": 0.009999999776482582,
      "shootProgressThreshold": 0.8258000016212463,
      "tackleChance": 0.2199999988079071
    }
  },
  "championEpoch": 37,
  "championParameters": {
    "forwardPassMinGain": 16.0,
    "markDistance": 69.0,
    "passChanceDefault": 0.133200004696846,
    "passChanceForward": 0.1500999927520752,
    "passChancePressured": 0.3806999921798706,
    "passChanceWing": 0.009999999776482582,
    "shootProgressThreshold": 0.8101000189781189,
    "tackleChance": 0.2199999988079071
  },
  "createdAt": "2026-04-30T10:03:26Z",
  "epoch": 45,
  "evaluation": {
    "avgGoals": 11.55,
    "avgOutOfBounds": 0.01,
    "avgPasses": 132.47,
    "avgShots": 38.86,
    "avgTackles": 5.7,
    "baselineAvgGoals": 5.831,
    "candidateAvgGoals": 5.721,
    "candidateWon": false,
    "earlyStop": null,
    "elapsedMs": 276,
    "games": 1000,
    "gamesPerSecond": 3623.19,
    "goalDiff": -110.0,
    "maxGames": 1000,
    "passCompletionRate": 0.908,
    "tackleSuccessRate": 1.0,
    "zScore": -0.57
  },
  "gamesPerEpoch": 1000,
  "name": "epoch-045",
  "opponent": {
    "parameters": {
      "forwardPassMinGain": 16.0,
      "markDistance": 69.0,
      "passChanceDefault": 0.133200004696846,
      "passChanceForward": 0.1500999927520752,
      "passChancePressured": 0.3806999921798706,
      "passChanceWing": 0.009999999776482582,
      "shootProgressThreshold": 0.8101000189781189,
      "tackleChance": 0.2199999988079071
    },
    "sourceEpoch": 37
  },
  "session": "session-6"
}
