{
  "accepted": false,
  "candidate": {
    "parameters": {
      "forwardPassMinGain": 18.0,
      "markDistance": 68.0,
      "passChanceDefault": 0.02459999918937683,
      "passChanceForward": 0.09969999641180038,
      "passChancePressured": 0.4000000059604645,
      "passChanceWing": 0.009999999776482582,
      "shootProgressThreshold": 0.824400007724762,
      "tackleChance": 0.18970000743865967
    }
  },
  "championEpoch": 147,
  "championParameters": {
    "forwardPassMinGain": 18.0,
    "markDistance": 68.0,
    "passChanceDefault": 0.05730000138282776,
    "passChanceForward": 0.12210000306367874,
    "passChancePressured": 0.4000000059604645,
    "passChanceWing": 0.009999999776482582,
    "shootProgressThreshold": 0.8080000281333923,
    "tackleChance": 0.18970000743865967
  },
  "createdAt": "2026-04-30T10:03:50Z",
  "epoch": 148,
  "evaluation": {
    "avgGoals": 11.73,
    "avgOutOfBounds": 0.01,
    "avgPasses": 127.44,
    "avgShots": 41.0,
    "avgTackles": 5.74,
    "baselineAvgGoals": 6.023,
    "candidateAvgGoals": 5.703,
    "candidateWon": false,
    "earlyStop": null,
    "elapsedMs": 281,
    "games": 1000,
    "gamesPerSecond": 3558.72,
    "goalDiff": -320.0,
    "maxGames": 1000,
    "passCompletionRate": 0.906,
    "tackleSuccessRate": 1.0,
    "zScore": -1.625
  },
  "gamesPerEpoch": 1000,
  "name": "epoch-148",
  "opponent": {
    "parameters": {
      "forwardPassMinGain": 18.0,
      "markDistance": 68.0,
      "passChanceDefault": 0.05730000138282776,
      "passChanceForward": 0.12210000306367874,
      "passChancePressured": 0.4000000059604645,
      "passChanceWing": 0.009999999776482582,
      "shootProgressThreshold": 0.8080000281333923,
      "tackleChance": 0.18970000743865967
    },
    "sourceEpoch": 147
  },
  "session": "session-6"
}
