{
  "accepted": true,
  "candidate": {
    "parameters": {
      "forwardPassMinGain": 9.0,
      "markDistance": 70.0,
      "passChanceDefault": 0.1736000031232834,
      "passChanceForward": 0.07460000365972519,
      "passChancePressured": 0.39579999446868896,
      "passChanceWing": 0.009999999776482582,
      "shootProgressThreshold": 0.8098999857902527,
      "tackleChance": 0.2199999988079071
    }
  },
  "championEpoch": 358,
  "championParameters": {
    "forwardPassMinGain": 9.0,
    "markDistance": 70.0,
    "passChanceDefault": 0.1736000031232834,
    "passChanceForward": 0.07460000365972519,
    "passChancePressured": 0.39579999446868896,
    "passChanceWing": 0.009999999776482582,
    "shootProgressThreshold": 0.8098999857902527,
    "tackleChance": 0.2199999988079071
  },
  "createdAt": "2026-04-30T10:04:38Z",
  "epoch": 358,
  "evaluation": {
    "avgGoals": 11.31,
    "avgOutOfBounds": 0.01,
    "avgPasses": 133.4,
    "avgShots": 37.77,
    "avgTackles": 5.83,
    "baselineAvgGoals": 5.648,
    "candidateAvgGoals": 5.661,
    "candidateWon": true,
    "earlyStop": null,
    "elapsedMs": 288,
    "games": 1000,
    "gamesPerSecond": 3472.22,
    "goalDiff": 13.0,
    "maxGames": 1000,
    "passCompletionRate": 0.911,
    "tackleSuccessRate": 1.0,
    "zScore": 0.068
  },
  "gamesPerEpoch": 1000,
  "name": "epoch-358",
  "opponent": {
    "parameters": {
      "forwardPassMinGain": 9.0,
      "markDistance": 70.0,
      "passChanceDefault": 0.1736000031232834,
      "passChanceForward": 0.07970000058412552,
      "passChancePressured": 0.39579999446868896,
      "passChanceWing": 0.009999999776482582,
      "shootProgressThreshold": 0.8098999857902527,
      "tackleChance": 0.2199999988079071
    },
    "sourceEpoch": 354
  },
  "session": "session-6"
}
