{
  "accepted": false,
  "candidate": {
    "parameters": {
      "forwardPassMinGain": 14.0,
      "markDistance": 63.0,
      "passChanceDefault": 0.10260000079870224,
      "passChanceForward": 0.15139999985694885,
      "passChancePressured": 0.4000000059604645,
      "passChanceWing": 0.009999999776482582,
      "shootProgressThreshold": 0.8014000058174133,
      "tackleChance": 0.15710000693798065
    }
  },
  "championEpoch": 966,
  "championParameters": {
    "forwardPassMinGain": 18.0,
    "markDistance": 63.0,
    "passChanceDefault": 0.10260000079870224,
    "passChanceForward": 0.17790000140666962,
    "passChancePressured": 0.3878999948501587,
    "passChanceWing": 0.009999999776482582,
    "shootProgressThreshold": 0.8141999840736389,
    "tackleChance": 0.2199999988079071
  },
  "createdAt": "2026-04-30T10:06:59Z",
  "epoch": 975,
  "evaluation": {
    "avgGoals": 11.68,
    "avgOutOfBounds": 0.01,
    "avgPasses": 139.56,
    "avgShots": 39.26,
    "avgTackles": 5.49,
    "baselineAvgGoals": 6.042,
    "candidateAvgGoals": 5.641,
    "candidateWon": false,
    "earlyStop": null,
    "elapsedMs": 294,
    "games": 1000,
    "gamesPerSecond": 3401.36,
    "goalDiff": -401.0,
    "maxGames": 1000,
    "passCompletionRate": 0.914,
    "tackleSuccessRate": 1.0,
    "zScore": -2.179
  },
  "gamesPerEpoch": 1000,
  "name": "epoch-975",
  "opponent": {
    "parameters": {
      "forwardPassMinGain": 18.0,
      "markDistance": 63.0,
      "passChanceDefault": 0.10260000079870224,
      "passChanceForward": 0.17790000140666962,
      "passChancePressured": 0.3878999948501587,
      "passChanceWing": 0.009999999776482582,
      "shootProgressThreshold": 0.8141999840736389,
      "tackleChance": 0.2199999988079071
    },
    "sourceEpoch": 966
  },
  "session": "session-6"
}
