{
  "accepted": false,
  "candidate": {
    "parameters": {
      "forwardPassMinGain": 9.0,
      "markDistance": 70.0,
      "passChanceDefault": 0.17260000109672546,
      "passChanceForward": 0.10700000077486038,
      "passChancePressured": 0.35499998927116394,
      "passChanceWing": 0.015799999237060547,
      "shootProgressThreshold": 0.8098999857902527,
      "tackleChance": 0.2199999988079071
    }
  },
  "championEpoch": 343,
  "championParameters": {
    "forwardPassMinGain": 9.0,
    "markDistance": 70.0,
    "passChanceDefault": 0.17260000109672546,
    "passChanceForward": 0.10260000079870224,
    "passChancePressured": 0.35690000653266907,
    "passChanceWing": 0.009999999776482582,
    "shootProgressThreshold": 0.8098999857902527,
    "tackleChance": 0.21619999408721924
  },
  "createdAt": "2026-04-30T10:04:36Z",
  "epoch": 347,
  "evaluation": {
    "avgGoals": 11.47,
    "avgOutOfBounds": 0.01,
    "avgPasses": 134.65,
    "avgShots": 36.92,
    "avgTackles": 5.88,
    "baselineAvgGoals": 5.737,
    "candidateAvgGoals": 5.737,
    "candidateWon": false,
    "earlyStop": null,
    "elapsedMs": 298,
    "games": 1000,
    "gamesPerSecond": 3355.7,
    "goalDiff": 0.0,
    "maxGames": 1000,
    "passCompletionRate": 0.912,
    "tackleSuccessRate": 1.0,
    "zScore": 0.0
  },
  "gamesPerEpoch": 1000,
  "name": "epoch-347",
  "opponent": {
    "parameters": {
      "forwardPassMinGain": 9.0,
      "markDistance": 70.0,
      "passChanceDefault": 0.17260000109672546,
      "passChanceForward": 0.10260000079870224,
      "passChancePressured": 0.35690000653266907,
      "passChanceWing": 0.009999999776482582,
      "shootProgressThreshold": 0.8098999857902527,
      "tackleChance": 0.21619999408721924
    },
    "sourceEpoch": 343
  },
  "session": "session-6"
}
