{
  "accepted": false,
  "candidate": {
    "parameters": {
      "forwardPassMinGain": 16.0,
      "markDistance": 64.0,
      "passChanceDefault": 0.01810000091791153,
      "passChanceForward": 0.1728000044822693,
      "passChancePressured": 0.3856000006198883,
      "passChanceWing": 0.0494999997317791,
      "shootProgressThreshold": 0.7997000217437744,
      "tackleChance": 0.20980000495910645
    }
  },
  "championEpoch": 788,
  "championParameters": {
    "forwardPassMinGain": 15.0,
    "markDistance": 64.0,
    "passChanceDefault": 0.01810000091791153,
    "passChanceForward": 0.1728000044822693,
    "passChancePressured": 0.3752000033855438,
    "passChanceWing": 0.014999999664723873,
    "shootProgressThreshold": 0.7997000217437744,
    "tackleChance": 0.20499999821186066
  },
  "createdAt": "2026-04-30T10:06:16Z",
  "epoch": 789,
  "evaluation": {
    "avgGoals": 10.69,
    "avgOutOfBounds": 0.01,
    "avgPasses": 142.93,
    "avgShots": 41.9,
    "avgTackles": 5.7,
    "baselineAvgGoals": 5.559,
    "candidateAvgGoals": 5.129,
    "candidateWon": false,
    "earlyStop": "worse",
    "elapsedMs": 286,
    "games": 975,
    "gamesPerSecond": 3409.09,
    "goalDiff": -419.0,
    "maxGames": 1000,
    "passCompletionRate": 0.924,
    "tackleSuccessRate": 1.0,
    "zScore": -2.502
  },
  "gamesPerEpoch": 1000,
  "name": "epoch-789",
  "opponent": {
    "parameters": {
      "forwardPassMinGain": 15.0,
      "markDistance": 64.0,
      "passChanceDefault": 0.01810000091791153,
      "passChanceForward": 0.1728000044822693,
      "passChancePressured": 0.3752000033855438,
      "passChanceWing": 0.014999999664723873,
      "shootProgressThreshold": 0.7997000217437744,
      "tackleChance": 0.20499999821186066
    },
    "sourceEpoch": 788
  },
  "session": "session-6"
}
