{
  "accepted": false,
  "candidate": {
    "parameters": {
      "forwardPassMinGain": 17.0,
      "markDistance": 65.0,
      "passChanceDefault": 0.1096000000834465,
      "passChanceForward": 0.18000000715255737,
      "passChancePressured": 0.4000000059604645,
      "passChanceWing": 0.02669999934732914,
      "shootProgressThreshold": 0.8747000098228455,
      "tackleChance": 0.2199999988079071
    }
  },
  "championEpoch": 977,
  "championParameters": {
    "forwardPassMinGain": 17.0,
    "markDistance": 59.0,
    "passChanceDefault": 0.10260000079870224,
    "passChanceForward": 0.18000000715255737,
    "passChancePressured": 0.4000000059604645,
    "passChanceWing": 0.03099999949336052,
    "shootProgressThreshold": 0.8141999840736389,
    "tackleChance": 0.2199999988079071
  },
  "createdAt": "2026-04-30T10:07:01Z",
  "epoch": 981,
  "evaluation": {
    "avgGoals": 6.59,
    "avgOutOfBounds": 0.0,
    "avgPasses": 147.66,
    "avgShots": 63.79,
    "avgTackles": 4.27,
    "baselineAvgGoals": 3.91,
    "candidateAvgGoals": 2.68,
    "candidateWon": false,
    "earlyStop": "worse",
    "elapsedMs": 30,
    "games": 100,
    "gamesPerSecond": 3333.33,
    "goalDiff": -123.0,
    "maxGames": 1000,
    "passCompletionRate": 0.929,
    "tackleSuccessRate": 1.0,
    "zScore": -3.203
  },
  "gamesPerEpoch": 1000,
  "name": "epoch-981",
  "opponent": {
    "parameters": {
      "forwardPassMinGain": 17.0,
      "markDistance": 59.0,
      "passChanceDefault": 0.10260000079870224,
      "passChanceForward": 0.18000000715255737,
      "passChancePressured": 0.4000000059604645,
      "passChanceWing": 0.03099999949336052,
      "shootProgressThreshold": 0.8141999840736389,
      "tackleChance": 0.2199999988079071
    },
    "sourceEpoch": 977
  },
  "session": "session-6"
}
