{
  "accepted": false,
  "candidate": {
    "parameters": {
      "forwardPassMinGain": 15.0,
      "markDistance": 74.0,
      "passChanceDefault": 0.09160000085830688,
      "passChanceForward": 0.10999999940395355,
      "passChancePressured": 0.35760000348091125,
      "passChanceWing": 0.028999999165534973,
      "shootProgressThreshold": 0.7598999738693237,
      "tackleChance": 0.16290000081062317
    }
  },
  "championEpoch": 235,
  "championParameters": {
    "forwardPassMinGain": 14.0,
    "markDistance": 72.0,
    "passChanceDefault": 0.09160000085830688,
    "passChanceForward": 0.11540000140666962,
    "passChancePressured": 0.35760000348091125,
    "passChanceWing": 0.009999999776482582,
    "shootProgressThreshold": 0.8093000054359436,
    "tackleChance": 0.2199999988079071
  },
  "createdAt": "2026-04-30T10:04:10Z",
  "epoch": 236,
  "evaluation": {
    "avgGoals": 4.1,
    "avgOutOfBounds": 0.0,
    "avgPasses": 107.58,
    "avgShots": 115.01,
    "avgTackles": 3.27,
    "baselineAvgGoals": 3.1,
    "candidateAvgGoals": 1.0,
    "candidateWon": false,
    "earlyStop": "worse",
    "elapsedMs": 30,
    "games": 100,
    "gamesPerSecond": 3333.33,
    "goalDiff": -210.0,
    "maxGames": 1000,
    "passCompletionRate": 0.965,
    "tackleSuccessRate": 1.0,
    "zScore": -5.898
  },
  "gamesPerEpoch": 1000,
  "name": "epoch-236",
  "opponent": {
    "parameters": {
      "forwardPassMinGain": 14.0,
      "markDistance": 72.0,
      "passChanceDefault": 0.09160000085830688,
      "passChanceForward": 0.11540000140666962,
      "passChancePressured": 0.35760000348091125,
      "passChanceWing": 0.009999999776482582,
      "shootProgressThreshold": 0.8093000054359436,
      "tackleChance": 0.2199999988079071
    },
    "sourceEpoch": 235
  },
  "session": "session-6"
}
