{
  "accepted": false,
  "candidate": {
    "parameters": {
      "forwardPassMinGain": 16.0,
      "markDistance": 59.0,
      "passChanceDefault": 0.004999999888241291,
      "passChanceForward": 0.1678999960422516,
      "passChancePressured": 0.3366999924182892,
      "passChanceWing": 0.009999999776482582,
      "shootProgressThreshold": 0.866599977016449,
      "tackleChance": 0.18060000240802765
    }
  },
  "championEpoch": 802,
  "championParameters": {
    "forwardPassMinGain": 16.0,
    "markDistance": 59.0,
    "passChanceDefault": 0.004999999888241291,
    "passChanceForward": 0.1678999960422516,
    "passChancePressured": 0.33739998936653137,
    "passChanceWing": 0.009999999776482582,
    "shootProgressThreshold": 0.817799985408783,
    "tackleChance": 0.18060000240802765
  },
  "createdAt": "2026-04-30T10:06:18Z",
  "epoch": 803,
  "evaluation": {
    "avgGoals": 7.38,
    "avgOutOfBounds": 0.03,
    "avgPasses": 136.56,
    "avgShots": 66.27,
    "avgTackles": 4.11,
    "baselineAvgGoals": 4.133,
    "candidateAvgGoals": 3.247,
    "candidateWon": false,
    "earlyStop": "worse",
    "elapsedMs": 44,
    "games": 150,
    "gamesPerSecond": 3409.09,
    "goalDiff": -133.0,
    "maxGames": 1000,
    "passCompletionRate": 0.915,
    "tackleSuccessRate": 1.0,
    "zScore": -2.815
  },
  "gamesPerEpoch": 1000,
  "name": "epoch-803",
  "opponent": {
    "parameters": {
      "forwardPassMinGain": 16.0,
      "markDistance": 59.0,
      "passChanceDefault": 0.004999999888241291,
      "passChanceForward": 0.1678999960422516,
      "passChancePressured": 0.33739998936653137,
      "passChanceWing": 0.009999999776482582,
      "shootProgressThreshold": 0.817799985408783,
      "tackleChance": 0.18060000240802765
    },
    "sourceEpoch": 802
  },
  "session": "session-6"
}
