{
  "accepted": false,
  "candidate": {
    "parameters": {
      "forwardPassMinGain": 16.0,
      "markDistance": 68.0,
      "passChanceDefault": 0.004999999888241291,
      "passChanceForward": 0.1136000007390976,
      "passChancePressured": 0.3125,
      "passChanceWing": 0.032999999821186066,
      "shootProgressThreshold": 0.8069000244140625,
      "tackleChance": 0.19529999792575836
    }
  },
  "championEpoch": 589,
  "championParameters": {
    "forwardPassMinGain": 16.0,
    "markDistance": 66.0,
    "passChanceDefault": 0.004999999888241291,
    "passChanceForward": 0.1136000007390976,
    "passChancePressured": 0.3125,
    "passChanceWing": 0.015599999576807022,
    "shootProgressThreshold": 0.8149999976158142,
    "tackleChance": 0.19169999659061432
  },
  "createdAt": "2026-04-30T10:05:32Z",
  "epoch": 590,
  "evaluation": {
    "avgGoals": 11.68,
    "avgOutOfBounds": 0.0,
    "avgPasses": 133.72,
    "avgShots": 38.55,
    "avgTackles": 5.71,
    "baselineAvgGoals": 5.924,
    "candidateAvgGoals": 5.756,
    "candidateWon": false,
    "earlyStop": null,
    "elapsedMs": 287,
    "games": 1000,
    "gamesPerSecond": 3484.32,
    "goalDiff": -168.0,
    "maxGames": 1000,
    "passCompletionRate": 0.911,
    "tackleSuccessRate": 1.0,
    "zScore": -0.886
  },
  "gamesPerEpoch": 1000,
  "name": "epoch-590",
  "opponent": {
    "parameters": {
      "forwardPassMinGain": 16.0,
      "markDistance": 66.0,
      "passChanceDefault": 0.004999999888241291,
      "passChanceForward": 0.1136000007390976,
      "passChancePressured": 0.3125,
      "passChanceWing": 0.015599999576807022,
      "shootProgressThreshold": 0.8149999976158142,
      "tackleChance": 0.19169999659061432
    },
    "sourceEpoch": 589
  },
  "session": "session-6"
}
