{
  "accepted": false,
  "candidate": {
    "parameters": {
      "forwardPassMinGain": 14.0,
      "markDistance": 66.0,
      "passChanceDefault": 0.19269999861717224,
      "passChanceForward": 0.05310000106692314,
      "passChancePressured": 0.32919999957084656,
      "passChanceWing": 0.03139999881386757,
      "shootProgressThreshold": 0.8098999857902527,
      "tackleChance": 0.18369999527931213
    }
  },
  "championEpoch": 412,
  "championParameters": {
    "forwardPassMinGain": 14.0,
    "markDistance": 66.0,
    "passChanceDefault": 0.19269999861717224,
    "passChanceForward": 0.050700001418590546,
    "passChancePressured": 0.3978999853134155,
    "passChanceWing": 0.03139999881386757,
    "shootProgressThreshold": 0.8098999857902527,
    "tackleChance": 0.18369999527931213
  },
  "createdAt": "2026-04-30T10:04:50Z",
  "epoch": 414,
  "evaluation": {
    "avgGoals": 10.41,
    "avgOutOfBounds": 0.01,
    "avgPasses": 148.23,
    "avgShots": 36.93,
    "avgTackles": 4.89,
    "baselineAvgGoals": 5.232,
    "candidateAvgGoals": 5.179,
    "candidateWon": false,
    "earlyStop": null,
    "elapsedMs": 294,
    "games": 1000,
    "gamesPerSecond": 3401.36,
    "goalDiff": -53.0,
    "maxGames": 1000,
    "passCompletionRate": 0.924,
    "tackleSuccessRate": 1.0,
    "zScore": -0.306
  },
  "gamesPerEpoch": 1000,
  "name": "epoch-414",
  "opponent": {
    "parameters": {
      "forwardPassMinGain": 14.0,
      "markDistance": 66.0,
      "passChanceDefault": 0.19269999861717224,
      "passChanceForward": 0.050700001418590546,
      "passChancePressured": 0.3978999853134155,
      "passChanceWing": 0.03139999881386757,
      "shootProgressThreshold": 0.8098999857902527,
      "tackleChance": 0.18369999527931213
    },
    "sourceEpoch": 412
  },
  "session": "session-6"
}
