{
  "accepted": true,
  "candidate": {
    "parameters": {
      "forwardPassMinGain": 14.0,
      "markDistance": 63.0,
      "passChanceDefault": 0.06880000233650208,
      "passChanceForward": 0.18000000715255737,
      "passChancePressured": 0.4000000059604645,
      "passChanceWing": 0.009999999776482582,
      "shootProgressThreshold": 0.8131999969482422,
      "tackleChance": 0.2199999988079071
    }
  },
  "championEpoch": 954,
  "championParameters": {
    "forwardPassMinGain": 14.0,
    "markDistance": 63.0,
    "passChanceDefault": 0.06880000233650208,
    "passChanceForward": 0.18000000715255737,
    "passChancePressured": 0.4000000059604645,
    "passChanceWing": 0.009999999776482582,
    "shootProgressThreshold": 0.8131999969482422,
    "tackleChance": 0.2199999988079071
  },
  "createdAt": "2026-04-30T10:06:54Z",
  "epoch": 954,
  "evaluation": {
    "avgGoals": 12.1,
    "avgOutOfBounds": 0.01,
    "avgPasses": 139.06,
    "avgShots": 37.46,
    "avgTackles": 5.37,
    "baselineAvgGoals": 6.031,
    "candidateAvgGoals": 6.07,
    "candidateWon": true,
    "earlyStop": null,
    "elapsedMs": 286,
    "games": 1000,
    "gamesPerSecond": 3496.5,
    "goalDiff": 39.0,
    "maxGames": 1000,
    "passCompletionRate": 0.91,
    "tackleSuccessRate": 1.0,
    "zScore": 0.207
  },
  "gamesPerEpoch": 1000,
  "name": "epoch-954",
  "opponent": {
    "parameters": {
      "forwardPassMinGain": 17.0,
      "markDistance": 63.0,
      "passChanceDefault": 0.07479999959468842,
      "passChanceForward": 0.18000000715255737,
      "passChancePressured": 0.4000000059604645,
      "passChanceWing": 0.009999999776482582,
      "shootProgressThreshold": 0.8131999969482422,
      "tackleChance": 0.2199999988079071
    },
    "sourceEpoch": 953
  },
  "session": "session-6"
}
