{
  "accepted": false,
  "candidate": {
    "parameters": {
      "forwardPassMinGain": 18.0,
      "markDistance": 61.0,
      "passChanceDefault": 0.10289999842643738,
      "passChanceForward": 0.11540000140666962,
      "passChancePressured": 0.4000000059604645,
      "passChanceWing": 0.009999999776482582,
      "shootProgressThreshold": 0.8137999773025513,
      "tackleChance": 0.1298000067472458
    }
  },
  "championEpoch": 256,
  "championParameters": {
    "forwardPassMinGain": 18.0,
    "markDistance": 68.0,
    "passChanceDefault": 0.11580000072717667,
    "passChanceForward": 0.11540000140666962,
    "passChancePressured": 0.4000000059604645,
    "passChanceWing": 0.009999999776482582,
    "shootProgressThreshold": 0.8137999773025513,
    "tackleChance": 0.16459999978542328
  },
  "createdAt": "2026-04-30T10:04:15Z",
  "epoch": 259,
  "evaluation": {
    "avgGoals": 11.86,
    "avgOutOfBounds": 0.01,
    "avgPasses": 136.86,
    "avgShots": 38.5,
    "avgTackles": 5.25,
    "baselineAvgGoals": 6.011,
    "candidateAvgGoals": 5.844,
    "candidateWon": false,
    "earlyStop": null,
    "elapsedMs": 287,
    "games": 1000,
    "gamesPerSecond": 3484.32,
    "goalDiff": -167.0,
    "maxGames": 1000,
    "passCompletionRate": 0.91,
    "tackleSuccessRate": 1.0,
    "zScore": -0.869
  },
  "gamesPerEpoch": 1000,
  "name": "epoch-259",
  "opponent": {
    "parameters": {
      "forwardPassMinGain": 18.0,
      "markDistance": 68.0,
      "passChanceDefault": 0.11580000072717667,
      "passChanceForward": 0.11540000140666962,
      "passChancePressured": 0.4000000059604645,
      "passChanceWing": 0.009999999776482582,
      "shootProgressThreshold": 0.8137999773025513,
      "tackleChance": 0.16459999978542328
    },
    "sourceEpoch": 256
  },
  "session": "session-6"
}
