{
  "accepted": true,
  "candidate": {
    "parameters": {
      "forwardPassMinGain": 10.0,
      "markDistance": 65.0,
      "passChanceDefault": 0.17260000109672546,
      "passChanceForward": 0.09560000151395798,
      "passChancePressured": 0.35690000653266907,
      "passChanceWing": 0.009999999776482582,
      "shootProgressThreshold": 0.8098999857902527,
      "tackleChance": 0.2125999927520752
    }
  },
  "championEpoch": 336,
  "championParameters": {
    "forwardPassMinGain": 10.0,
    "markDistance": 65.0,
    "passChanceDefault": 0.17260000109672546,
    "passChanceForward": 0.09560000151395798,
    "passChancePressured": 0.35690000653266907,
    "passChanceWing": 0.009999999776482582,
    "shootProgressThreshold": 0.8098999857902527,
    "tackleChance": 0.2125999927520752
  },
  "createdAt": "2026-04-30T10:04:34Z",
  "epoch": 336,
  "evaluation": {
    "avgGoals": 11.53,
    "avgOutOfBounds": 0.01,
    "avgPasses": 140.73,
    "avgShots": 37.84,
    "avgTackles": 5.29,
    "baselineAvgGoals": 5.681,
    "candidateAvgGoals": 5.845,
    "candidateWon": true,
    "earlyStop": null,
    "elapsedMs": 290,
    "games": 1000,
    "gamesPerSecond": 3448.28,
    "goalDiff": 164.0,
    "maxGames": 1000,
    "passCompletionRate": 0.918,
    "tackleSuccessRate": 1.0,
    "zScore": 0.881
  },
  "gamesPerEpoch": 1000,
  "name": "epoch-336",
  "opponent": {
    "parameters": {
      "forwardPassMinGain": 10.0,
      "markDistance": 65.0,
      "passChanceDefault": 0.17260000109672546,
      "passChanceForward": 0.12129999697208405,
      "passChancePressured": 0.33309999108314514,
      "passChanceWing": 0.009999999776482582,
      "shootProgressThreshold": 0.8148999810218811,
      "tackleChance": 0.2125999927520752
    },
    "sourceEpoch": 332
  },
  "session": "session-6"
}
