{
  "accepted": false,
  "candidate": {
    "parameters": {
      "forwardPassMinGain": 18.0,
      "markDistance": 66.0,
      "passChanceDefault": 0.13429999351501465,
      "passChanceForward": 0.07400000095367432,
      "passChancePressured": 0.3278999924659729,
      "passChanceWing": 0.009999999776482582,
      "shootProgressThreshold": 0.8120999932289124,
      "tackleChance": 0.16369999945163727
    }
  },
  "championEpoch": 475,
  "championParameters": {
    "forwardPassMinGain": 18.0,
    "markDistance": 66.0,
    "passChanceDefault": 0.15119999647140503,
    "passChanceForward": 0.07400000095367432,
    "passChancePressured": 0.38199999928474426,
    "passChanceWing": 0.009999999776482582,
    "shootProgressThreshold": 0.8120999932289124,
    "tackleChance": 0.16369999945163727
  },
  "createdAt": "2026-04-30T10:05:07Z",
  "epoch": 485,
  "evaluation": {
    "avgGoals": 11.73,
    "avgOutOfBounds": 0.01,
    "avgPasses": 134.91,
    "avgShots": 39.49,
    "avgTackles": 5.33,
    "baselineAvgGoals": 5.865,
    "candidateAvgGoals": 5.862,
    "candidateWon": false,
    "earlyStop": null,
    "elapsedMs": 311,
    "games": 1000,
    "gamesPerSecond": 3215.43,
    "goalDiff": -3.0,
    "maxGames": 1000,
    "passCompletionRate": 0.915,
    "tackleSuccessRate": 1.0,
    "zScore": -0.016
  },
  "gamesPerEpoch": 1000,
  "name": "epoch-485",
  "opponent": {
    "parameters": {
      "forwardPassMinGain": 18.0,
      "markDistance": 66.0,
      "passChanceDefault": 0.15119999647140503,
      "passChanceForward": 0.07400000095367432,
      "passChancePressured": 0.38199999928474426,
      "passChanceWing": 0.009999999776482582,
      "shootProgressThreshold": 0.8120999932289124,
      "tackleChance": 0.16369999945163727
    },
    "sourceEpoch": 475
  },
  "session": "session-6"
}
