{
  "accepted": false,
  "candidate": {
    "parameters": {
      "forwardPassMinGain": 14.0,
      "markDistance": 67.0,
      "passChanceDefault": 0.12349999696016312,
      "passChanceForward": 0.11540000140666962,
      "passChancePressured": 0.4000000059604645,
      "passChanceWing": 0.026499999687075615,
      "shootProgressThreshold": 0.8314999938011169,
      "tackleChance": 0.2199999988079071
    }
  },
  "championEpoch": 217,
  "championParameters": {
    "forwardPassMinGain": 14.0,
    "markDistance": 68.0,
    "passChanceDefault": 0.12349999696016312,
    "passChanceForward": 0.11540000140666962,
    "passChancePressured": 0.4000000059604645,
    "passChanceWing": 0.009999999776482582,
    "shootProgressThreshold": 0.8093000054359436,
    "tackleChance": 0.2087000012397766
  },
  "createdAt": "2026-04-30T10:04:07Z",
  "epoch": 220,
  "evaluation": {
    "avgGoals": 10.96,
    "avgOutOfBounds": 0.01,
    "avgPasses": 137.51,
    "avgShots": 40.19,
    "avgTackles": 5.28,
    "baselineAvgGoals": 5.581,
    "candidateAvgGoals": 5.376,
    "candidateWon": false,
    "earlyStop": null,
    "elapsedMs": 288,
    "games": 1000,
    "gamesPerSecond": 3472.22,
    "goalDiff": -205.0,
    "maxGames": 1000,
    "passCompletionRate": 0.916,
    "tackleSuccessRate": 1.0,
    "zScore": -1.09
  },
  "gamesPerEpoch": 1000,
  "name": "epoch-220",
  "opponent": {
    "parameters": {
      "forwardPassMinGain": 14.0,
      "markDistance": 68.0,
      "passChanceDefault": 0.12349999696016312,
      "passChanceForward": 0.11540000140666962,
      "passChancePressured": 0.4000000059604645,
      "passChanceWing": 0.009999999776482582,
      "shootProgressThreshold": 0.8093000054359436,
      "tackleChance": 0.2087000012397766
    },
    "sourceEpoch": 217
  },
  "session": "session-6"
}
