{
  "accepted": true,
  "candidate": {
    "parameters": {
      "forwardPassMinGain": 17.0,
      "markDistance": 71.0,
      "passChanceDefault": 0.11640000343322754,
      "passChanceForward": 0.14730000495910645,
      "passChancePressured": 0.36169999837875366,
      "passChanceWing": 0.009999999776482582,
      "shootProgressThreshold": 0.8101000189781189,
      "tackleChance": 0.20749999582767487
    }
  },
  "championEpoch": 80,
  "championParameters": {
    "forwardPassMinGain": 17.0,
    "markDistance": 71.0,
    "passChanceDefault": 0.11640000343322754,
    "passChanceForward": 0.14730000495910645,
    "passChancePressured": 0.36169999837875366,
    "passChanceWing": 0.009999999776482582,
    "shootProgressThreshold": 0.8101000189781189,
    "tackleChance": 0.20749999582767487
  },
  "createdAt": "2026-04-30T10:03:34Z",
  "epoch": 80,
  "evaluation": {
    "avgGoals": 12.06,
    "avgOutOfBounds": 0.01,
    "avgPasses": 129.89,
    "avgShots": 37.58,
    "avgTackles": 6.07,
    "baselineAvgGoals": 6.027,
    "candidateAvgGoals": 6.029,
    "candidateWon": true,
    "earlyStop": null,
    "elapsedMs": 278,
    "games": 1000,
    "gamesPerSecond": 3597.12,
    "goalDiff": 2.0,
    "maxGames": 1000,
    "passCompletionRate": 0.905,
    "tackleSuccessRate": 1.0,
    "zScore": 0.01
  },
  "gamesPerEpoch": 1000,
  "name": "epoch-080",
  "opponent": {
    "parameters": {
      "forwardPassMinGain": 17.0,
      "markDistance": 68.0,
      "passChanceDefault": 0.11640000343322754,
      "passChanceForward": 0.14730000495910645,
      "passChancePressured": 0.36169999837875366,
      "passChanceWing": 0.009999999776482582,
      "shootProgressThreshold": 0.8101000189781189,
      "tackleChance": 0.20749999582767487
    },
    "sourceEpoch": 76
  },
  "session": "session-6"
}
