{
  "accepted": false,
  "candidate": {
    "parameters": {
      "forwardPassMinGain": 18.0,
      "markDistance": 63.0,
      "passChanceDefault": 0.09799999743700027,
      "passChanceForward": 0.06759999692440033,
      "passChancePressured": 0.4000000059604645,
      "passChanceWing": 0.009999999776482582,
      "shootProgressThreshold": 0.7975000143051147,
      "tackleChance": 0.09269999712705612
    }
  },
  "championEpoch": 535,
  "championParameters": {
    "forwardPassMinGain": 18.0,
    "markDistance": 63.0,
    "passChanceDefault": 0.09799999743700027,
    "passChanceForward": 0.06759999692440033,
    "passChancePressured": 0.35260000824928284,
    "passChanceWing": 0.009999999776482582,
    "shootProgressThreshold": 0.8093000054359436,
    "tackleChance": 0.12099999934434891
  },
  "createdAt": "2026-04-30T10:05:19Z",
  "epoch": 536,
  "evaluation": {
    "avgGoals": 10.49,
    "avgOutOfBounds": 0.01,
    "avgPasses": 133.79,
    "avgShots": 50.12,
    "avgTackles": 4.98,
    "baselineAvgGoals": 5.376,
    "candidateAvgGoals": 5.109,
    "candidateWon": false,
    "earlyStop": null,
    "elapsedMs": 288,
    "games": 1000,
    "gamesPerSecond": 3472.22,
    "goalDiff": -267.0,
    "maxGames": 1000,
    "passCompletionRate": 0.925,
    "tackleSuccessRate": 1.0,
    "zScore": -1.585
  },
  "gamesPerEpoch": 1000,
  "name": "epoch-536",
  "opponent": {
    "parameters": {
      "forwardPassMinGain": 18.0,
      "markDistance": 63.0,
      "passChanceDefault": 0.09799999743700027,
      "passChanceForward": 0.06759999692440033,
      "passChancePressured": 0.35260000824928284,
      "passChanceWing": 0.009999999776482582,
      "shootProgressThreshold": 0.8093000054359436,
      "tackleChance": 0.12099999934434891
    },
    "sourceEpoch": 535
  },
  "session": "session-6"
}
