{
  "accepted": true,
  "candidate": {
    "parameters": {
      "forwardPassMinGain": 18.0,
      "markDistance": 66.0,
      "passChanceDefault": 0.16769999265670776,
      "passChanceForward": 0.1656000018119812,
      "passChancePressured": 0.4000000059604645,
      "passChanceWing": 0.009999999776482582,
      "shootProgressThreshold": 0.8058000206947327,
      "tackleChance": 0.2199999988079071
    }
  },
  "championEpoch": 273,
  "championParameters": {
    "forwardPassMinGain": 18.0,
    "markDistance": 66.0,
    "passChanceDefault": 0.16769999265670776,
    "passChanceForward": 0.1656000018119812,
    "passChancePressured": 0.4000000059604645,
    "passChanceWing": 0.009999999776482582,
    "shootProgressThreshold": 0.8058000206947327,
    "tackleChance": 0.2199999988079071
  },
  "createdAt": "2026-04-30T10:04:18Z",
  "epoch": 273,
  "evaluation": {
    "avgGoals": 11.77,
    "avgOutOfBounds": 0.01,
    "avgPasses": 135.04,
    "avgShots": 37.8,
    "avgTackles": 6.06,
    "baselineAvgGoals": 5.85,
    "candidateAvgGoals": 5.916,
    "candidateWon": true,
    "earlyStop": null,
    "elapsedMs": 286,
    "games": 1000,
    "gamesPerSecond": 3496.5,
    "goalDiff": 66.0,
    "maxGames": 1000,
    "passCompletionRate": 0.914,
    "tackleSuccessRate": 1.0,
    "zScore": 0.332
  },
  "gamesPerEpoch": 1000,
  "name": "epoch-273",
  "opponent": {
    "parameters": {
      "forwardPassMinGain": 18.0,
      "markDistance": 69.0,
      "passChanceDefault": 0.16769999265670776,
      "passChanceForward": 0.1656000018119812,
      "passChancePressured": 0.4000000059604645,
      "passChanceWing": 0.009999999776482582,
      "shootProgressThreshold": 0.8058000206947327,
      "tackleChance": 0.21439999341964722
    },
    "sourceEpoch": 272
  },
  "session": "session-6"
}
