{
  "accepted": false,
  "candidate": {
    "parameters": {
      "forwardPassMinGain": 14.0,
      "markDistance": 63.0,
      "passChanceDefault": 0.11640000343322754,
      "passChanceForward": 0.12530000507831573,
      "passChancePressured": 0.37560001015663147,
      "passChanceWing": 0.03720000013709068,
      "shootProgressThreshold": 0.8337000012397766,
      "tackleChance": 0.20749999582767487
    }
  },
  "championEpoch": 76,
  "championParameters": {
    "forwardPassMinGain": 17.0,
    "markDistance": 68.0,
    "passChanceDefault": 0.11640000343322754,
    "passChanceForward": 0.14730000495910645,
    "passChancePressured": 0.36169999837875366,
    "passChanceWing": 0.009999999776482582,
    "shootProgressThreshold": 0.8101000189781189,
    "tackleChance": 0.20749999582767487
  },
  "createdAt": "2026-04-30T10:03:33Z",
  "epoch": 79,
  "evaluation": {
    "avgGoals": 10.88,
    "avgOutOfBounds": 0.01,
    "avgPasses": 143.06,
    "avgShots": 38.82,
    "avgTackles": 5.2,
    "baselineAvgGoals": 5.597,
    "candidateAvgGoals": 5.279,
    "candidateWon": false,
    "earlyStop": null,
    "elapsedMs": 281,
    "games": 1000,
    "gamesPerSecond": 3558.72,
    "goalDiff": -318.0,
    "maxGames": 1000,
    "passCompletionRate": 0.916,
    "tackleSuccessRate": 1.0,
    "zScore": -1.804
  },
  "gamesPerEpoch": 1000,
  "name": "epoch-079",
  "opponent": {
    "parameters": {
      "forwardPassMinGain": 17.0,
      "markDistance": 68.0,
      "passChanceDefault": 0.11640000343322754,
      "passChanceForward": 0.14730000495910645,
      "passChancePressured": 0.36169999837875366,
      "passChanceWing": 0.009999999776482582,
      "shootProgressThreshold": 0.8101000189781189,
      "tackleChance": 0.20749999582767487
    },
    "sourceEpoch": 76
  },
  "session": "session-6"
}
