{
  "accepted": false,
  "candidate": {
    "parameters": {
      "forwardPassMinGain": 16.0,
      "markDistance": 61.0,
      "passChanceDefault": 0.05009999871253967,
      "passChanceForward": 0.1671999990940094,
      "passChancePressured": 0.3747999966144562,
      "passChanceWing": 0.009999999776482582,
      "shootProgressThreshold": 0.8130999803543091,
      "tackleChance": 0.2012999951839447
    }
  },
  "championEpoch": 887,
  "championParameters": {
    "forwardPassMinGain": 16.0,
    "markDistance": 61.0,
    "passChanceDefault": 0.05009999871253967,
    "passChanceForward": 0.1671999990940094,
    "passChancePressured": 0.4000000059604645,
    "passChanceWing": 0.009999999776482582,
    "shootProgressThreshold": 0.8130999803543091,
    "tackleChance": 0.2012999951839447
  },
  "createdAt": "2026-04-30T10:06:41Z",
  "epoch": 891,
  "evaluation": {
    "avgGoals": 12.14,
    "avgOutOfBounds": 0.01,
    "avgPasses": 140.03,
    "avgShots": 37.95,
    "avgTackles": 5.18,
    "baselineAvgGoals": 6.106,
    "candidateAvgGoals": 6.036,
    "candidateWon": false,
    "earlyStop": null,
    "elapsedMs": 289,
    "games": 1000,
    "gamesPerSecond": 3460.21,
    "goalDiff": -70.0,
    "maxGames": 1000,
    "passCompletionRate": 0.91,
    "tackleSuccessRate": 1.0,
    "zScore": -0.381
  },
  "gamesPerEpoch": 1000,
  "name": "epoch-891",
  "opponent": {
    "parameters": {
      "forwardPassMinGain": 16.0,
      "markDistance": 61.0,
      "passChanceDefault": 0.05009999871253967,
      "passChanceForward": 0.1671999990940094,
      "passChancePressured": 0.4000000059604645,
      "passChanceWing": 0.009999999776482582,
      "shootProgressThreshold": 0.8130999803543091,
      "tackleChance": 0.2012999951839447
    },
    "sourceEpoch": 887
  },
  "session": "session-6"
}
