{
  "accepted": false,
  "candidate": {
    "parameters": {
      "forwardPassMinGain": 14.0,
      "markDistance": 60.0,
      "passChanceDefault": 0.024900000542402267,
      "passChanceForward": 0.17589999735355377,
      "passChancePressured": 0.3752000033855438,
      "passChanceWing": 0.009999999776482582,
      "shootProgressThreshold": 0.817799985408783,
      "tackleChance": 0.18060000240802765
    }
  },
  "championEpoch": 800,
  "championParameters": {
    "forwardPassMinGain": 14.0,
    "markDistance": 59.0,
    "passChanceDefault": 0.024900000542402267,
    "passChanceForward": 0.18000000715255737,
    "passChancePressured": 0.3752000033855438,
    "passChanceWing": 0.009999999776482582,
    "shootProgressThreshold": 0.817799985408783,
    "tackleChance": 0.18060000240802765
  },
  "createdAt": "2026-04-30T10:06:18Z",
  "epoch": 801,
  "evaluation": {
    "avgGoals": 12.03,
    "avgOutOfBounds": 0.01,
    "avgPasses": 140.45,
    "avgShots": 39.02,
    "avgTackles": 4.8,
    "baselineAvgGoals": 6.117,
    "candidateAvgGoals": 5.913,
    "candidateWon": false,
    "earlyStop": null,
    "elapsedMs": 290,
    "games": 1000,
    "gamesPerSecond": 3448.28,
    "goalDiff": -204.0,
    "maxGames": 1000,
    "passCompletionRate": 0.907,
    "tackleSuccessRate": 1.0,
    "zScore": -1.11
  },
  "gamesPerEpoch": 1000,
  "name": "epoch-801",
  "opponent": {
    "parameters": {
      "forwardPassMinGain": 14.0,
      "markDistance": 59.0,
      "passChanceDefault": 0.024900000542402267,
      "passChanceForward": 0.18000000715255737,
      "passChancePressured": 0.3752000033855438,
      "passChanceWing": 0.009999999776482582,
      "shootProgressThreshold": 0.817799985408783,
      "tackleChance": 0.18060000240802765
    },
    "sourceEpoch": 800
  },
  "session": "session-6"
}
