{
  "accepted": false,
  "candidate": {
    "parameters": {
      "forwardPassMinGain": 9.0,
      "markDistance": 65.0,
      "passChanceDefault": 0.004999999888241291,
      "passChanceForward": 0.10170000046491623,
      "passChancePressured": 0.26739999651908875,
      "passChanceWing": 0.04859999939799309,
      "shootProgressThreshold": 0.8137000203132629,
      "tackleChance": 0.2199999988079071
    }
  },
  "championEpoch": 618,
  "championParameters": {
    "forwardPassMinGain": 9.0,
    "markDistance": 65.0,
    "passChanceDefault": 0.005900000222027302,
    "passChanceForward": 0.10270000249147415,
    "passChancePressured": 0.26739999651908875,
    "passChanceWing": 0.009999999776482582,
    "shootProgressThreshold": 0.8137000203132629,
    "tackleChance": 0.2199999988079071
  },
  "createdAt": "2026-04-30T10:05:40Z",
  "epoch": 632,
  "evaluation": {
    "avgGoals": 11.17,
    "avgOutOfBounds": 0.01,
    "avgPasses": 143.35,
    "avgShots": 36.4,
    "avgTackles": 5.3,
    "baselineAvgGoals": 5.688,
    "candidateAvgGoals": 5.482,
    "candidateWon": false,
    "earlyStop": null,
    "elapsedMs": 290,
    "games": 1000,
    "gamesPerSecond": 3448.28,
    "goalDiff": -206.0,
    "maxGames": 1000,
    "passCompletionRate": 0.919,
    "tackleSuccessRate": 1.0,
    "zScore": -1.182
  },
  "gamesPerEpoch": 1000,
  "name": "epoch-632",
  "opponent": {
    "parameters": {
      "forwardPassMinGain": 9.0,
      "markDistance": 65.0,
      "passChanceDefault": 0.005900000222027302,
      "passChanceForward": 0.10270000249147415,
      "passChancePressured": 0.26739999651908875,
      "passChanceWing": 0.009999999776482582,
      "shootProgressThreshold": 0.8137000203132629,
      "tackleChance": 0.2199999988079071
    },
    "sourceEpoch": 618
  },
  "session": "session-6"
}
