{
  "accepted": false,
  "candidate": {
    "parameters": {
      "forwardPassMinGain": 18.0,
      "markDistance": 66.0,
      "passChanceDefault": 0.03700000047683716,
      "passChanceForward": 0.1136000007390976,
      "passChancePressured": 0.3125,
      "passChanceWing": 0.015599999576807022,
      "shootProgressThreshold": 0.7749000191688538,
      "tackleChance": 0.19169999659061432
    }
  },
  "championEpoch": 589,
  "championParameters": {
    "forwardPassMinGain": 16.0,
    "markDistance": 66.0,
    "passChanceDefault": 0.004999999888241291,
    "passChanceForward": 0.1136000007390976,
    "passChancePressured": 0.3125,
    "passChanceWing": 0.015599999576807022,
    "shootProgressThreshold": 0.8149999976158142,
    "tackleChance": 0.19169999659061432
  },
  "createdAt": "2026-04-30T10:05:32Z",
  "epoch": 595,
  "evaluation": {
    "avgGoals": 3.17,
    "avgOutOfBounds": 0.0,
    "avgPasses": 104.4,
    "avgShots": 126.95,
    "avgTackles": 2.5,
    "baselineAvgGoals": 2.4,
    "candidateAvgGoals": 0.77,
    "candidateWon": false,
    "earlyStop": "worse",
    "elapsedMs": 31,
    "games": 100,
    "gamesPerSecond": 3225.81,
    "goalDiff": -163.0,
    "maxGames": 1000,
    "passCompletionRate": 0.968,
    "tackleSuccessRate": 1.0,
    "zScore": -5.565
  },
  "gamesPerEpoch": 1000,
  "name": "epoch-595",
  "opponent": {
    "parameters": {
      "forwardPassMinGain": 16.0,
      "markDistance": 66.0,
      "passChanceDefault": 0.004999999888241291,
      "passChanceForward": 0.1136000007390976,
      "passChancePressured": 0.3125,
      "passChanceWing": 0.015599999576807022,
      "shootProgressThreshold": 0.8149999976158142,
      "tackleChance": 0.19169999659061432
    },
    "sourceEpoch": 589
  },
  "session": "session-6"
}
