{
  "accepted": false,
  "candidate": {
    "parameters": {
      "forwardPassMinGain": 14.0,
      "markDistance": 72.0,
      "passChanceDefault": 0.1559000015258789,
      "passChanceForward": 0.10409999638795853,
      "passChancePressured": 0.37070000171661377,
      "passChanceWing": 0.009999999776482582,
      "shootProgressThreshold": 0.824999988079071,
      "tackleChance": 0.2087000012397766
    }
  },
  "championEpoch": 224,
  "championParameters": {
    "forwardPassMinGain": 14.0,
    "markDistance": 72.0,
    "passChanceDefault": 0.12349999696016312,
    "passChanceForward": 0.11540000140666962,
    "passChancePressured": 0.37070000171661377,
    "passChanceWing": 0.009999999776482582,
    "shootProgressThreshold": 0.8093000054359436,
    "tackleChance": 0.2087000012397766
  },
  "createdAt": "2026-04-30T10:04:09Z",
  "epoch": 229,
  "evaluation": {
    "avgGoals": 11.45,
    "avgOutOfBounds": 0.01,
    "avgPasses": 127.17,
    "avgShots": 39.69,
    "avgTackles": 6.03,
    "baselineAvgGoals": 5.751,
    "candidateAvgGoals": 5.703,
    "candidateWon": false,
    "earlyStop": null,
    "elapsedMs": 283,
    "games": 1000,
    "gamesPerSecond": 3533.57,
    "goalDiff": -48.0,
    "maxGames": 1000,
    "passCompletionRate": 0.902,
    "tackleSuccessRate": 1.0,
    "zScore": -0.245
  },
  "gamesPerEpoch": 1000,
  "name": "epoch-229",
  "opponent": {
    "parameters": {
      "forwardPassMinGain": 14.0,
      "markDistance": 72.0,
      "passChanceDefault": 0.12349999696016312,
      "passChanceForward": 0.11540000140666962,
      "passChancePressured": 0.37070000171661377,
      "passChanceWing": 0.009999999776482582,
      "shootProgressThreshold": 0.8093000054359436,
      "tackleChance": 0.2087000012397766
    },
    "sourceEpoch": 224
  },
  "session": "session-6"
}
