{
  "accepted": false,
  "candidate": {
    "parameters": {
      "forwardPassMinGain": 18.0,
      "markDistance": 64.0,
      "passChanceDefault": 0.13089999556541443,
      "passChanceForward": 0.0868000015616417,
      "passChancePressured": 0.4000000059604645,
      "passChanceWing": 0.009999999776482582,
      "shootProgressThreshold": 0.8101999759674072,
      "tackleChance": 0.21089999377727509
    }
  },
  "championEpoch": 0,
  "championParameters": {
    "forwardPassMinGain": 18.0,
    "markDistance": 62.0,
    "passChanceDefault": 0.1307000070810318,
    "passChanceForward": 0.0868000015616417,
    "passChancePressured": 0.4000000059604645,
    "passChanceWing": 0.009999999776482582,
    "shootProgressThreshold": 0.8101999759674072,
    "tackleChance": 0.21089999377727509
  },
  "createdAt": "2026-04-30T10:03:17Z",
  "epoch": 2,
  "evaluation": {
    "avgGoals": 11.73,
    "avgOutOfBounds": 0.01,
    "avgPasses": 139.27,
    "avgShots": 39.27,
    "avgTackles": 5.15,
    "baselineAvgGoals": 5.909,
    "candidateAvgGoals": 5.822,
    "candidateWon": false,
    "earlyStop": null,
    "elapsedMs": 282,
    "games": 1000,
    "gamesPerSecond": 3546.1,
    "goalDiff": -87.0,
    "maxGames": 1000,
    "passCompletionRate": 0.914,
    "tackleSuccessRate": 1.0,
    "zScore": -0.469
  },
  "gamesPerEpoch": 1000,
  "name": "epoch-002",
  "opponent": {
    "parameters": {
      "forwardPassMinGain": 18.0,
      "markDistance": 62.0,
      "passChanceDefault": 0.1307000070810318,
      "passChanceForward": 0.0868000015616417,
      "passChancePressured": 0.4000000059604645,
      "passChanceWing": 0.009999999776482582,
      "shootProgressThreshold": 0.8101999759674072,
      "tackleChance": 0.21089999377727509
    },
    "sourceEpoch": 0
  },
  "session": "session-6"
}
