{
  "accepted": false,
  "candidate": {
    "parameters": {
      "forwardPassMinGain": 18.0,
      "markDistance": 65.0,
      "passChanceDefault": 0.12559999525547028,
      "passChanceForward": 0.18000000715255737,
      "passChancePressured": 0.4000000059604645,
      "passChanceWing": 0.009999999776482582,
      "shootProgressThreshold": 0.8169000148773193,
      "tackleChance": 0.20419999957084656
    }
  },
  "championEpoch": 122,
  "championParameters": {
    "forwardPassMinGain": 18.0,
    "markDistance": 65.0,
    "passChanceDefault": 0.1088000014424324,
    "passChanceForward": 0.18000000715255737,
    "passChancePressured": 0.4000000059604645,
    "passChanceWing": 0.023900000378489494,
    "shootProgressThreshold": 0.8169000148773193,
    "tackleChance": 0.20419999957084656
  },
  "createdAt": "2026-04-30T10:03:43Z",
  "epoch": 123,
  "evaluation": {
    "avgGoals": 11.67,
    "avgOutOfBounds": 0.01,
    "avgPasses": 140.53,
    "avgShots": 37.34,
    "avgTackles": 5.17,
    "baselineAvgGoals": 5.839,
    "candidateAvgGoals": 5.835,
    "candidateWon": false,
    "earlyStop": null,
    "elapsedMs": 282,
    "games": 1000,
    "gamesPerSecond": 3546.1,
    "goalDiff": -4.0,
    "maxGames": 1000,
    "passCompletionRate": 0.911,
    "tackleSuccessRate": 1.0,
    "zScore": -0.021
  },
  "gamesPerEpoch": 1000,
  "name": "epoch-123",
  "opponent": {
    "parameters": {
      "forwardPassMinGain": 18.0,
      "markDistance": 65.0,
      "passChanceDefault": 0.1088000014424324,
      "passChanceForward": 0.18000000715255737,
      "passChancePressured": 0.4000000059604645,
      "passChanceWing": 0.023900000378489494,
      "shootProgressThreshold": 0.8169000148773193,
      "tackleChance": 0.20419999957084656
    },
    "sourceEpoch": 122
  },
  "session": "session-6"
}
