{
  "accepted": false,
  "candidate": {
    "parameters": {
      "forwardPassMinGain": 10.0,
      "markDistance": 63.0,
      "passChanceDefault": 0.15539999306201935,
      "passChanceForward": 0.048500001430511475,
      "passChancePressured": 0.3849000036716461,
      "passChanceWing": 0.03629999980330467,
      "shootProgressThreshold": 0.8012999892234802,
      "tackleChance": 0.16609999537467957
    }
  },
  "championEpoch": 419,
  "championParameters": {
    "forwardPassMinGain": 16.0,
    "markDistance": 63.0,
    "passChanceDefault": 0.1712000072002411,
    "passChanceForward": 0.048500001430511475,
    "passChancePressured": 0.3785000145435333,
    "passChanceWing": 0.03629999980330467,
    "shootProgressThreshold": 0.8098999857902527,
    "tackleChance": 0.16609999537467957
  },
  "createdAt": "2026-04-30T10:04:55Z",
  "epoch": 438,
  "evaluation": {
    "avgGoals": 9.94,
    "avgOutOfBounds": 0.01,
    "avgPasses": 152.48,
    "avgShots": 39.47,
    "avgTackles": 4.68,
    "baselineAvgGoals": 5.15,
    "candidateAvgGoals": 4.787,
    "candidateWon": false,
    "earlyStop": null,
    "elapsedMs": 294,
    "games": 1000,
    "gamesPerSecond": 3401.36,
    "goalDiff": -363.0,
    "maxGames": 1000,
    "passCompletionRate": 0.932,
    "tackleSuccessRate": 1.0,
    "zScore": -2.332
  },
  "gamesPerEpoch": 1000,
  "name": "epoch-438",
  "opponent": {
    "parameters": {
      "forwardPassMinGain": 16.0,
      "markDistance": 63.0,
      "passChanceDefault": 0.1712000072002411,
      "passChanceForward": 0.048500001430511475,
      "passChancePressured": 0.3785000145435333,
      "passChanceWing": 0.03629999980330467,
      "shootProgressThreshold": 0.8098999857902527,
      "tackleChance": 0.16609999537467957
    },
    "sourceEpoch": 419
  },
  "session": "session-6"
}
