{
  "accepted": true,
  "candidate": {
    "parameters": {
      "forwardPassMinGain": 14.0,
      "markDistance": 66.0,
      "passChanceDefault": 0.14300000667572021,
      "passChanceForward": 0.05939999967813492,
      "passChancePressured": 0.4000000059604645,
      "passChanceWing": 0.009999999776482582,
      "shootProgressThreshold": 0.8061000108718872,
      "tackleChance": 0.1590999960899353
    }
  },
  "championEpoch": 448,
  "championParameters": {
    "forwardPassMinGain": 14.0,
    "markDistance": 66.0,
    "passChanceDefault": 0.14300000667572021,
    "passChanceForward": 0.05939999967813492,
    "passChancePressured": 0.4000000059604645,
    "passChanceWing": 0.009999999776482582,
    "shootProgressThreshold": 0.8061000108718872,
    "tackleChance": 0.1590999960899353
  },
  "createdAt": "2026-04-30T10:04:58Z",
  "epoch": 448,
  "evaluation": {
    "avgGoals": 11.17,
    "avgOutOfBounds": 0.01,
    "avgPasses": 137.21,
    "avgShots": 40.77,
    "avgTackles": 5.44,
    "baselineAvgGoals": 5.531,
    "candidateAvgGoals": 5.643,
    "candidateWon": true,
    "earlyStop": null,
    "elapsedMs": 291,
    "games": 1000,
    "gamesPerSecond": 3436.43,
    "goalDiff": 112.0,
    "maxGames": 1000,
    "passCompletionRate": 0.919,
    "tackleSuccessRate": 1.0,
    "zScore": 0.63
  },
  "gamesPerEpoch": 1000,
  "name": "epoch-448",
  "opponent": {
    "parameters": {
      "forwardPassMinGain": 15.0,
      "markDistance": 63.0,
      "passChanceDefault": 0.14300000667572021,
      "passChanceForward": 0.05939999967813492,
      "passChancePressured": 0.4000000059604645,
      "passChanceWing": 0.009999999776482582,
      "shootProgressThreshold": 0.8061000108718872,
      "tackleChance": 0.17350000143051147
    },
    "sourceEpoch": 444
  },
  "session": "session-6"
}
