{
  "accepted": false,
  "candidate": {
    "parameters": {
      "forwardPassMinGain": 13.0,
      "markDistance": 57.0,
      "passChanceDefault": 0.17170000076293945,
      "passChanceForward": 0.050700001418590546,
      "passChancePressured": 0.4000000059604645,
      "passChanceWing": 0.009999999776482582,
      "shootProgressThreshold": 0.8690000176429749,
      "tackleChance": 0.19910000264644623
    }
  },
  "championEpoch": 405,
  "championParameters": {
    "forwardPassMinGain": 14.0,
    "markDistance": 61.0,
    "passChanceDefault": 0.19269999861717224,
    "passChanceForward": 0.050700001418590546,
    "passChancePressured": 0.38119998574256897,
    "passChanceWing": 0.009999999776482582,
    "shootProgressThreshold": 0.8098999857902527,
    "tackleChance": 0.18400000035762787
  },
  "createdAt": "2026-04-30T10:04:48Z",
  "epoch": 406,
  "evaluation": {
    "avgGoals": 5.94,
    "avgOutOfBounds": 0.0,
    "avgPasses": 134.47,
    "avgShots": 75.3,
    "avgTackles": 3.62,
    "baselineAvgGoals": 3.85,
    "candidateAvgGoals": 2.09,
    "candidateWon": false,
    "earlyStop": "worse",
    "elapsedMs": 30,
    "games": 100,
    "gamesPerSecond": 3333.33,
    "goalDiff": -176.0,
    "maxGames": 1000,
    "passCompletionRate": 0.931,
    "tackleSuccessRate": 1.0,
    "zScore": -5.26
  },
  "gamesPerEpoch": 1000,
  "name": "epoch-406",
  "opponent": {
    "parameters": {
      "forwardPassMinGain": 14.0,
      "markDistance": 61.0,
      "passChanceDefault": 0.19269999861717224,
      "passChanceForward": 0.050700001418590546,
      "passChancePressured": 0.38119998574256897,
      "passChanceWing": 0.009999999776482582,
      "shootProgressThreshold": 0.8098999857902527,
      "tackleChance": 0.18400000035762787
    },
    "sourceEpoch": 405
  },
  "session": "session-6"
}
