{
  "accepted": false,
  "candidate": {
    "parameters": {
      "forwardPassMinGain": 18.0,
      "markDistance": 64.0,
      "passChanceDefault": 0.13989999890327454,
      "passChanceForward": 0.07400000095367432,
      "passChancePressured": 0.4000000059604645,
      "passChanceWing": 0.009999999776482582,
      "shootProgressThreshold": 0.8120999932289124,
      "tackleChance": 0.16369999945163727
    }
  },
  "championEpoch": 475,
  "championParameters": {
    "forwardPassMinGain": 18.0,
    "markDistance": 66.0,
    "passChanceDefault": 0.15119999647140503,
    "passChanceForward": 0.07400000095367432,
    "passChancePressured": 0.38199999928474426,
    "passChanceWing": 0.009999999776482582,
    "shootProgressThreshold": 0.8120999932289124,
    "tackleChance": 0.16369999945163727
  },
  "createdAt": "2026-04-30T10:05:08Z",
  "epoch": 489,
  "evaluation": {
    "avgGoals": 11.59,
    "avgOutOfBounds": 0.01,
    "avgPasses": 136.81,
    "avgShots": 39.29,
    "avgTackles": 5.18,
    "baselineAvgGoals": 5.892,
    "candidateAvgGoals": 5.694,
    "candidateWon": false,
    "earlyStop": null,
    "elapsedMs": 290,
    "games": 1000,
    "gamesPerSecond": 3448.28,
    "goalDiff": -198.0,
    "maxGames": 1000,
    "passCompletionRate": 0.913,
    "tackleSuccessRate": 1.0,
    "zScore": -1.04
  },
  "gamesPerEpoch": 1000,
  "name": "epoch-489",
  "opponent": {
    "parameters": {
      "forwardPassMinGain": 18.0,
      "markDistance": 66.0,
      "passChanceDefault": 0.15119999647140503,
      "passChanceForward": 0.07400000095367432,
      "passChancePressured": 0.38199999928474426,
      "passChanceWing": 0.009999999776482582,
      "shootProgressThreshold": 0.8120999932289124,
      "tackleChance": 0.16369999945163727
    },
    "sourceEpoch": 475
  },
  "session": "session-6"
}
