{
  "accepted": false,
  "candidate": {
    "parameters": {
      "forwardPassMinGain": 16.0,
      "markDistance": 72.0,
      "passChanceDefault": 0.004999999888241291,
      "passChanceForward": 0.12359999865293503,
      "passChancePressured": 0.30320000648498535,
      "passChanceWing": 0.009999999776482582,
      "shootProgressThreshold": 0.8525999784469604,
      "tackleChance": 0.17409999668598175
    }
  },
  "championEpoch": 583,
  "championParameters": {
    "forwardPassMinGain": 16.0,
    "markDistance": 66.0,
    "passChanceDefault": 0.02879999950528145,
    "passChanceForward": 0.1136000007390976,
    "passChancePressured": 0.3125,
    "passChanceWing": 0.009999999776482582,
    "shootProgressThreshold": 0.8149999976158142,
    "tackleChance": 0.17409999668598175
  },
  "createdAt": "2026-04-30T10:05:31Z",
  "epoch": 587,
  "evaluation": {
    "avgGoals": 9.89,
    "avgOutOfBounds": 0.0,
    "avgPasses": 123.1,
    "avgShots": 50.98,
    "avgTackles": 5.53,
    "baselineAvgGoals": 5.514,
    "candidateAvgGoals": 4.371,
    "candidateWon": false,
    "earlyStop": "worse",
    "elapsedMs": 49,
    "games": 175,
    "gamesPerSecond": 3571.43,
    "goalDiff": -200.0,
    "maxGames": 1000,
    "passCompletionRate": 0.906,
    "tackleSuccessRate": 1.0,
    "zScore": -2.844
  },
  "gamesPerEpoch": 1000,
  "name": "epoch-587",
  "opponent": {
    "parameters": {
      "forwardPassMinGain": 16.0,
      "markDistance": 66.0,
      "passChanceDefault": 0.02879999950528145,
      "passChanceForward": 0.1136000007390976,
      "passChancePressured": 0.3125,
      "passChanceWing": 0.009999999776482582,
      "shootProgressThreshold": 0.8149999976158142,
      "tackleChance": 0.17409999668598175
    },
    "sourceEpoch": 583
  },
  "session": "session-6"
}
