{
  "accepted": true,
  "candidate": {
    "parameters": {
      "forwardPassMinGain": 16.0,
      "markDistance": 63.0,
      "passChanceDefault": 0.09539999812841415,
      "passChanceForward": 0.1527000069618225,
      "passChancePressured": 0.4000000059604645,
      "passChanceWing": 0.023900000378489494,
      "shootProgressThreshold": 0.8169000148773193,
      "tackleChance": 0.20419999957084656
    }
  },
  "championEpoch": 118,
  "championParameters": {
    "forwardPassMinGain": 16.0,
    "markDistance": 63.0,
    "passChanceDefault": 0.09539999812841415,
    "passChanceForward": 0.1527000069618225,
    "passChancePressured": 0.4000000059604645,
    "passChanceWing": 0.023900000378489494,
    "shootProgressThreshold": 0.8169000148773193,
    "tackleChance": 0.20419999957084656
  },
  "createdAt": "2026-04-30T10:03:42Z",
  "epoch": 118,
  "evaluation": {
    "avgGoals": 11.34,
    "avgOutOfBounds": 0.01,
    "avgPasses": 143.53,
    "avgShots": 37.02,
    "avgTackles": 5.14,
    "baselineAvgGoals": 5.624,
    "candidateAvgGoals": 5.711,
    "candidateWon": true,
    "earlyStop": null,
    "elapsedMs": 285,
    "games": 1000,
    "gamesPerSecond": 3508.77,
    "goalDiff": 87.0,
    "maxGames": 1000,
    "passCompletionRate": 0.917,
    "tackleSuccessRate": 1.0,
    "zScore": 0.472
  },
  "gamesPerEpoch": 1000,
  "name": "epoch-118",
  "opponent": {
    "parameters": {
      "forwardPassMinGain": 18.0,
      "markDistance": 67.0,
      "passChanceDefault": 0.09539999812841415,
      "passChanceForward": 0.15080000460147858,
      "passChancePressured": 0.3790999948978424,
      "passChanceWing": 0.023900000378489494,
      "shootProgressThreshold": 0.8169000148773193,
      "tackleChance": 0.18870000541210175
    },
    "sourceEpoch": 117
  },
  "session": "session-6"
}
