{
  "accepted": false,
  "candidate": {
    "parameters": {
      "forwardPassMinGain": 16.0,
      "markDistance": 68.0,
      "passChanceDefault": 0.15330000221729279,
      "passChanceForward": 0.18000000715255737,
      "passChancePressured": 0.4000000059604645,
      "passChanceWing": 0.02979999966919422,
      "shootProgressThreshold": 0.8119000196456909,
      "tackleChance": 0.19120000302791595
    }
  },
  "championEpoch": 112,
  "championParameters": {
    "forwardPassMinGain": 18.0,
    "markDistance": 63.0,
    "passChanceDefault": 0.12409999966621399,
    "passChanceForward": 0.18000000715255737,
    "passChancePressured": 0.39169999957084656,
    "passChanceWing": 0.02979999966919422,
    "shootProgressThreshold": 0.8119000196456909,
    "tackleChance": 0.20909999310970306
  },
  "createdAt": "2026-04-30T10:03:40Z",
  "epoch": 113,
  "evaluation": {
    "avgGoals": 11.34,
    "avgOutOfBounds": 0.01,
    "avgPasses": 148.04,
    "avgShots": 34.75,
    "avgTackles": 5.15,
    "baselineAvgGoals": 5.737,
    "candidateAvgGoals": 5.6,
    "candidateWon": false,
    "earlyStop": null,
    "elapsedMs": 279,
    "games": 1000,
    "gamesPerSecond": 3584.23,
    "goalDiff": -137.0,
    "maxGames": 1000,
    "passCompletionRate": 0.922,
    "tackleSuccessRate": 1.0,
    "zScore": -0.707
  },
  "gamesPerEpoch": 1000,
  "name": "epoch-113",
  "opponent": {
    "parameters": {
      "forwardPassMinGain": 18.0,
      "markDistance": 63.0,
      "passChanceDefault": 0.12409999966621399,
      "passChanceForward": 0.18000000715255737,
      "passChancePressured": 0.39169999957084656,
      "passChanceWing": 0.02979999966919422,
      "shootProgressThreshold": 0.8119000196456909,
      "tackleChance": 0.20909999310970306
    },
    "sourceEpoch": 112
  },
  "session": "session-6"
}
