{
  "accepted": false,
  "candidate": {
    "parameters": {
      "forwardPassMinGain": 18.0,
      "markDistance": 71.0,
      "passChanceDefault": 0.11990000307559967,
      "passChanceForward": 0.15119999647140503,
      "passChancePressured": 0.3716999888420105,
      "passChanceWing": 0.010499999858438969,
      "shootProgressThreshold": 0.8101000189781189,
      "tackleChance": 0.18619999289512634
    }
  },
  "championEpoch": 29,
  "championParameters": {
    "forwardPassMinGain": 16.0,
    "markDistance": 69.0,
    "passChanceDefault": 0.10890000313520432,
    "passChanceForward": 0.13950000703334808,
    "passChancePressured": 0.38690000772476196,
    "passChanceWing": 0.010499999858438969,
    "shootProgressThreshold": 0.8101000189781189,
    "tackleChance": 0.19480000436306
  },
  "createdAt": "2026-04-30T10:03:24Z",
  "epoch": 32,
  "evaluation": {
    "avgGoals": 12.04,
    "avgOutOfBounds": 0.01,
    "avgPasses": 129.72,
    "avgShots": 37.92,
    "avgTackles": 6.1,
    "baselineAvgGoals": 6.022,
    "candidateAvgGoals": 6.013,
    "candidateWon": false,
    "earlyStop": null,
    "elapsedMs": 275,
    "games": 1000,
    "gamesPerSecond": 3636.36,
    "goalDiff": -9.0,
    "maxGames": 1000,
    "passCompletionRate": 0.909,
    "tackleSuccessRate": 1.0,
    "zScore": -0.043
  },
  "gamesPerEpoch": 1000,
  "name": "epoch-032",
  "opponent": {
    "parameters": {
      "forwardPassMinGain": 16.0,
      "markDistance": 69.0,
      "passChanceDefault": 0.10890000313520432,
      "passChanceForward": 0.13950000703334808,
      "passChancePressured": 0.38690000772476196,
      "passChanceWing": 0.010499999858438969,
      "shootProgressThreshold": 0.8101000189781189,
      "tackleChance": 0.19480000436306
    },
    "sourceEpoch": 29
  },
  "session": "session-6"
}
