{
  "accepted": false,
  "candidate": {
    "parameters": {
      "forwardPassMinGain": 18.0,
      "markDistance": 60.0,
      "passChanceDefault": 0.07580000162124634,
      "passChanceForward": 0.163100004196167,
      "passChancePressured": 0.4000000059604645,
      "passChanceWing": 0.009999999776482582,
      "shootProgressThreshold": 0.8130999803543091,
      "tackleChance": 0.2199999988079071
    }
  },
  "championEpoch": 909,
  "championParameters": {
    "forwardPassMinGain": 18.0,
    "markDistance": 64.0,
    "passChanceDefault": 0.07349999994039536,
    "passChanceForward": 0.16920000314712524,
    "passChancePressured": 0.4000000059604645,
    "passChanceWing": 0.009999999776482582,
    "shootProgressThreshold": 0.8130999803543091,
    "tackleChance": 0.2199999988079071
  },
  "createdAt": "2026-04-30T10:06:45Z",
  "epoch": 910,
  "evaluation": {
    "avgGoals": 12.1,
    "avgOutOfBounds": 0.01,
    "avgPasses": 138.94,
    "avgShots": 37.91,
    "avgTackles": 5.29,
    "baselineAvgGoals": 6.172,
    "candidateAvgGoals": 5.929,
    "candidateWon": false,
    "earlyStop": null,
    "elapsedMs": 289,
    "games": 1000,
    "gamesPerSecond": 3460.21,
    "goalDiff": -243.0,
    "maxGames": 1000,
    "passCompletionRate": 0.907,
    "tackleSuccessRate": 1.0,
    "zScore": -1.304
  },
  "gamesPerEpoch": 1000,
  "name": "epoch-910",
  "opponent": {
    "parameters": {
      "forwardPassMinGain": 18.0,
      "markDistance": 64.0,
      "passChanceDefault": 0.07349999994039536,
      "passChanceForward": 0.16920000314712524,
      "passChancePressured": 0.4000000059604645,
      "passChanceWing": 0.009999999776482582,
      "shootProgressThreshold": 0.8130999803543091,
      "tackleChance": 0.2199999988079071
    },
    "sourceEpoch": 909
  },
  "session": "session-6"
}
