{
  "accepted": true,
  "candidate": {
    "parameters": {
      "forwardPassMinGain": 9.0,
      "markDistance": 65.0,
      "passChanceDefault": 0.005900000222027302,
      "passChanceForward": 0.10270000249147415,
      "passChancePressured": 0.26739999651908875,
      "passChanceWing": 0.009999999776482582,
      "shootProgressThreshold": 0.8137000203132629,
      "tackleChance": 0.2199999988079071
    }
  },
  "championEpoch": 618,
  "championParameters": {
    "forwardPassMinGain": 9.0,
    "markDistance": 65.0,
    "passChanceDefault": 0.005900000222027302,
    "passChanceForward": 0.10270000249147415,
    "passChancePressured": 0.26739999651908875,
    "passChanceWing": 0.009999999776482582,
    "shootProgressThreshold": 0.8137000203132629,
    "tackleChance": 0.2199999988079071
  },
  "createdAt": "2026-04-30T10:05:37Z",
  "epoch": 618,
  "evaluation": {
    "avgGoals": 12.0,
    "avgOutOfBounds": 0.01,
    "avgPasses": 131.62,
    "avgShots": 39.43,
    "avgTackles": 5.63,
    "baselineAvgGoals": 5.999,
    "candidateAvgGoals": 6.004,
    "candidateWon": true,
    "earlyStop": null,
    "elapsedMs": 288,
    "games": 1000,
    "gamesPerSecond": 3472.22,
    "goalDiff": 5.0,
    "maxGames": 1000,
    "passCompletionRate": 0.908,
    "tackleSuccessRate": 1.0,
    "zScore": 0.027
  },
  "gamesPerEpoch": 1000,
  "name": "epoch-618",
  "opponent": {
    "parameters": {
      "forwardPassMinGain": 9.0,
      "markDistance": 65.0,
      "passChanceDefault": 0.004999999888241291,
      "passChanceForward": 0.10270000249147415,
      "passChancePressured": 0.26739999651908875,
      "passChanceWing": 0.009999999776482582,
      "shootProgressThreshold": 0.8137000203132629,
      "tackleChance": 0.2199999988079071
    },
    "sourceEpoch": 614
  },
  "session": "session-6"
}
