{
  "accepted": true,
  "candidate": {
    "parameters": {
      "forwardPassMinGain": 14.0,
      "markDistance": 70.0,
      "passChanceDefault": 0.024299999698996544,
      "passChanceForward": 0.14920000731945038,
      "passChancePressured": 0.301800012588501,
      "passChanceWing": 0.009999999776482582,
      "shootProgressThreshold": 0.8195000290870667,
      "tackleChance": 0.2199999988079071
    }
  },
  "championEpoch": 691,
  "championParameters": {
    "forwardPassMinGain": 14.0,
    "markDistance": 70.0,
    "passChanceDefault": 0.024299999698996544,
    "passChanceForward": 0.14920000731945038,
    "passChancePressured": 0.301800012588501,
    "passChanceWing": 0.009999999776482582,
    "shootProgressThreshold": 0.8195000290870667,
    "tackleChance": 0.2199999988079071
  },
  "createdAt": "2026-04-30T10:05:53Z",
  "epoch": 691,
  "evaluation": {
    "avgGoals": 11.99,
    "avgOutOfBounds": 0.01,
    "avgPasses": 127.24,
    "avgShots": 40.07,
    "avgTackles": 5.79,
    "baselineAvgGoals": 5.964,
    "candidateAvgGoals": 6.021,
    "candidateWon": true,
    "earlyStop": null,
    "elapsedMs": 287,
    "games": 1000,
    "gamesPerSecond": 3484.32,
    "goalDiff": 57.0,
    "maxGames": 1000,
    "passCompletionRate": 0.903,
    "tackleSuccessRate": 1.0,
    "zScore": 0.291
  },
  "gamesPerEpoch": 1000,
  "name": "epoch-691",
  "opponent": {
    "parameters": {
      "forwardPassMinGain": 15.0,
      "markDistance": 67.0,
      "passChanceDefault": 0.024299999698996544,
      "passChanceForward": 0.14920000731945038,
      "passChancePressured": 0.301800012588501,
      "passChanceWing": 0.009999999776482582,
      "shootProgressThreshold": 0.8195000290870667,
      "tackleChance": 0.2199999988079071
    },
    "sourceEpoch": 690
  },
  "session": "session-6"
}
