{
  "accepted": true,
  "candidate": {
    "parameters": {
      "forwardPassMinGain": 16.0,
      "markDistance": 63.0,
      "passChanceDefault": 0.09799999743700027,
      "passChanceForward": 0.06759999692440033,
      "passChancePressured": 0.35260000824928284,
      "passChanceWing": 0.009999999776482582,
      "shootProgressThreshold": 0.8093000054359436,
      "tackleChance": 0.12099999934434891
    }
  },
  "championEpoch": 537,
  "championParameters": {
    "forwardPassMinGain": 16.0,
    "markDistance": 63.0,
    "passChanceDefault": 0.09799999743700027,
    "passChanceForward": 0.06759999692440033,
    "passChancePressured": 0.35260000824928284,
    "passChanceWing": 0.009999999776482582,
    "shootProgressThreshold": 0.8093000054359436,
    "tackleChance": 0.12099999934434891
  },
  "createdAt": "2026-04-30T10:05:19Z",
  "epoch": 537,
  "evaluation": {
    "avgGoals": 11.57,
    "avgOutOfBounds": 0.01,
    "avgPasses": 137.64,
    "avgShots": 40.24,
    "avgTackles": 4.94,
    "baselineAvgGoals": 5.771,
    "candidateAvgGoals": 5.803,
    "candidateWon": true,
    "earlyStop": null,
    "elapsedMs": 287,
    "games": 1000,
    "gamesPerSecond": 3484.32,
    "goalDiff": 32.0,
    "maxGames": 1000,
    "passCompletionRate": 0.916,
    "tackleSuccessRate": 1.0,
    "zScore": 0.173
  },
  "gamesPerEpoch": 1000,
  "name": "epoch-537",
  "opponent": {
    "parameters": {
      "forwardPassMinGain": 18.0,
      "markDistance": 63.0,
      "passChanceDefault": 0.09799999743700027,
      "passChanceForward": 0.06759999692440033,
      "passChancePressured": 0.35260000824928284,
      "passChanceWing": 0.009999999776482582,
      "shootProgressThreshold": 0.8093000054359436,
      "tackleChance": 0.12099999934434891
    },
    "sourceEpoch": 535
  },
  "session": "session-6"
}
