{
  "accepted": false,
  "candidate": {
    "parameters": {
      "forwardPassMinGain": 14.0,
      "markDistance": 55.0,
      "passChanceDefault": 0.17440000176429749,
      "passChanceForward": 0.0471000000834465,
      "passChancePressured": 0.38960000872612,
      "passChanceWing": 0.009999999776482582,
      "shootProgressThreshold": 0.8098999857902527,
      "tackleChance": 0.17870000004768372
    }
  },
  "championEpoch": 395,
  "championParameters": {
    "forwardPassMinGain": 14.0,
    "markDistance": 62.0,
    "passChanceDefault": 0.17440000176429749,
    "passChanceForward": 0.06109999865293503,
    "passChancePressured": 0.38960000872612,
    "passChanceWing": 0.01269999984651804,
    "shootProgressThreshold": 0.8098999857902527,
    "tackleChance": 0.18400000035762787
  },
  "createdAt": "2026-04-30T10:04:46Z",
  "epoch": 397,
  "evaluation": {
    "avgGoals": 11.17,
    "avgOutOfBounds": 0.01,
    "avgPasses": 147.55,
    "avgShots": 39.3,
    "avgTackles": 4.58,
    "baselineAvgGoals": 5.7,
    "candidateAvgGoals": 5.465,
    "candidateWon": false,
    "earlyStop": null,
    "elapsedMs": 296,
    "games": 1000,
    "gamesPerSecond": 3378.38,
    "goalDiff": -235.0,
    "maxGames": 1000,
    "passCompletionRate": 0.918,
    "tackleSuccessRate": 1.0,
    "zScore": -1.422
  },
  "gamesPerEpoch": 1000,
  "name": "epoch-397",
  "opponent": {
    "parameters": {
      "forwardPassMinGain": 14.0,
      "markDistance": 62.0,
      "passChanceDefault": 0.17440000176429749,
      "passChanceForward": 0.06109999865293503,
      "passChancePressured": 0.38960000872612,
      "passChanceWing": 0.01269999984651804,
      "shootProgressThreshold": 0.8098999857902527,
      "tackleChance": 0.18400000035762787
    },
    "sourceEpoch": 395
  },
  "session": "session-6"
}
