{
  "accepted": true,
  "candidate": {
    "parameters": {
      "forwardPassMinGain": 12.0,
      "markDistance": 65.0,
      "passChanceDefault": 0.17440000176429749,
      "passChanceForward": 0.07259999960660934,
      "passChancePressured": 0.38960000872612,
      "passChanceWing": 0.009999999776482582,
      "shootProgressThreshold": 0.8098999857902527,
      "tackleChance": 0.20059999823570251
    }
  },
  "championEpoch": 392,
  "championParameters": {
    "forwardPassMinGain": 12.0,
    "markDistance": 65.0,
    "passChanceDefault": 0.17440000176429749,
    "passChanceForward": 0.07259999960660934,
    "passChancePressured": 0.38960000872612,
    "passChanceWing": 0.009999999776482582,
    "shootProgressThreshold": 0.8098999857902527,
    "tackleChance": 0.20059999823570251
  },
  "createdAt": "2026-04-30T10:04:44Z",
  "epoch": 392,
  "evaluation": {
    "avgGoals": 11.33,
    "avgOutOfBounds": 0.01,
    "avgPasses": 136.13,
    "avgShots": 38.27,
    "avgTackles": 5.55,
    "baselineAvgGoals": 5.625,
    "candidateAvgGoals": 5.705,
    "candidateWon": true,
    "earlyStop": null,
    "elapsedMs": 289,
    "games": 1000,
    "gamesPerSecond": 3460.21,
    "goalDiff": 80.0,
    "maxGames": 1000,
    "passCompletionRate": 0.91,
    "tackleSuccessRate": 1.0,
    "zScore": 0.423
  },
  "gamesPerEpoch": 1000,
  "name": "epoch-392",
  "opponent": {
    "parameters": {
      "forwardPassMinGain": 12.0,
      "markDistance": 70.0,
      "passChanceDefault": 0.17440000176429749,
      "passChanceForward": 0.07729999721050262,
      "passChancePressured": 0.38960000872612,
      "passChanceWing": 0.009999999776482582,
      "shootProgressThreshold": 0.8098999857902527,
      "tackleChance": 0.20059999823570251
    },
    "sourceEpoch": 365
  },
  "session": "session-6"
}
