{
  "accepted": false,
  "candidate": {
    "parameters": {
      "forwardPassMinGain": 18.0,
      "markDistance": 60.0,
      "passChanceDefault": 0.15029999613761902,
      "passChanceForward": 0.10140000283718109,
      "passChancePressured": 0.3804999887943268,
      "passChanceWing": 0.009999999776482582,
      "shootProgressThreshold": 0.8125,
      "tackleChance": 0.2199999988079071
    }
  },
  "championEpoch": 294,
  "championParameters": {
    "forwardPassMinGain": 18.0,
    "markDistance": 68.0,
    "passChanceDefault": 0.1670999974012375,
    "passChanceForward": 0.1339000016450882,
    "passChancePressured": 0.4000000059604645,
    "passChanceWing": 0.009999999776482582,
    "shootProgressThreshold": 0.8125,
    "tackleChance": 0.2199999988079071
  },
  "createdAt": "2026-04-30T10:04:23Z",
  "epoch": 295,
  "evaluation": {
    "avgGoals": 11.77,
    "avgOutOfBounds": 0.01,
    "avgPasses": 139.49,
    "avgShots": 38.13,
    "avgTackles": 5.28,
    "baselineAvgGoals": 5.953,
    "candidateAvgGoals": 5.82,
    "candidateWon": false,
    "earlyStop": null,
    "elapsedMs": 287,
    "games": 1000,
    "gamesPerSecond": 3484.32,
    "goalDiff": -133.0,
    "maxGames": 1000,
    "passCompletionRate": 0.911,
    "tackleSuccessRate": 1.0,
    "zScore": -0.715
  },
  "gamesPerEpoch": 1000,
  "name": "epoch-295",
  "opponent": {
    "parameters": {
      "forwardPassMinGain": 18.0,
      "markDistance": 68.0,
      "passChanceDefault": 0.1670999974012375,
      "passChanceForward": 0.1339000016450882,
      "passChancePressured": 0.4000000059604645,
      "passChanceWing": 0.009999999776482582,
      "shootProgressThreshold": 0.8125,
      "tackleChance": 0.2199999988079071
    },
    "sourceEpoch": 294
  },
  "session": "session-6"
}
