{
  "accepted": false,
  "candidate": {
    "parameters": {
      "forwardPassMinGain": 18.0,
      "markDistance": 64.0,
      "passChanceDefault": 0.09160000085830688,
      "passChanceForward": 0.11540000140666962,
      "passChancePressured": 0.4000000059604645,
      "passChanceWing": 0.023499999195337296,
      "shootProgressThreshold": 0.7687000036239624,
      "tackleChance": 0.1899999976158142
    }
  },
  "championEpoch": 240,
  "championParameters": {
    "forwardPassMinGain": 18.0,
    "markDistance": 64.0,
    "passChanceDefault": 0.09160000085830688,
    "passChanceForward": 0.11540000140666962,
    "passChancePressured": 0.39969998598098755,
    "passChanceWing": 0.009999999776482582,
    "shootProgressThreshold": 0.8104000091552734,
    "tackleChance": 0.1899999976158142
  },
  "createdAt": "2026-04-30T10:04:11Z",
  "epoch": 242,
  "evaluation": {
    "avgGoals": 3.2,
    "avgOutOfBounds": 0.0,
    "avgPasses": 108.5,
    "avgShots": 123.46,
    "avgTackles": 2.45,
    "baselineAvgGoals": 2.58,
    "candidateAvgGoals": 0.62,
    "candidateWon": false,
    "earlyStop": "worse",
    "elapsedMs": 31,
    "games": 100,
    "gamesPerSecond": 3225.81,
    "goalDiff": -196.0,
    "maxGames": 1000,
    "passCompletionRate": 0.961,
    "tackleSuccessRate": 1.0,
    "zScore": -6.896
  },
  "gamesPerEpoch": 1000,
  "name": "epoch-242",
  "opponent": {
    "parameters": {
      "forwardPassMinGain": 18.0,
      "markDistance": 64.0,
      "passChanceDefault": 0.09160000085830688,
      "passChanceForward": 0.11540000140666962,
      "passChancePressured": 0.39969998598098755,
      "passChanceWing": 0.009999999776482582,
      "shootProgressThreshold": 0.8104000091552734,
      "tackleChance": 0.1899999976158142
    },
    "sourceEpoch": 240
  },
  "session": "session-6"
}
