{
  "accepted": false,
  "candidate": {
    "parameters": {
      "forwardPassMinGain": 14.0,
      "markDistance": 61.0,
      "passChanceDefault": 0.19709999859333038,
      "passChanceForward": 0.051500000059604645,
      "passChancePressured": 0.34130001068115234,
      "passChanceWing": 0.022199999541044235,
      "shootProgressThreshold": 0.8098999857902527,
      "tackleChance": 0.18400000035762787
    }
  },
  "championEpoch": 405,
  "championParameters": {
    "forwardPassMinGain": 14.0,
    "markDistance": 61.0,
    "passChanceDefault": 0.19269999861717224,
    "passChanceForward": 0.050700001418590546,
    "passChancePressured": 0.38119998574256897,
    "passChanceWing": 0.009999999776482582,
    "shootProgressThreshold": 0.8098999857902527,
    "tackleChance": 0.18400000035762787
  },
  "createdAt": "2026-04-30T10:04:48Z",
  "epoch": 407,
  "evaluation": {
    "avgGoals": 10.88,
    "avgOutOfBounds": 0.01,
    "avgPasses": 147.73,
    "avgShots": 38.64,
    "avgTackles": 4.72,
    "baselineAvgGoals": 5.532,
    "candidateAvgGoals": 5.35,
    "candidateWon": false,
    "earlyStop": null,
    "elapsedMs": 298,
    "games": 1000,
    "gamesPerSecond": 3355.7,
    "goalDiff": -182.0,
    "maxGames": 1000,
    "passCompletionRate": 0.92,
    "tackleSuccessRate": 1.0,
    "zScore": -1.082
  },
  "gamesPerEpoch": 1000,
  "name": "epoch-407",
  "opponent": {
    "parameters": {
      "forwardPassMinGain": 14.0,
      "markDistance": 61.0,
      "passChanceDefault": 0.19269999861717224,
      "passChanceForward": 0.050700001418590546,
      "passChancePressured": 0.38119998574256897,
      "passChanceWing": 0.009999999776482582,
      "shootProgressThreshold": 0.8098999857902527,
      "tackleChance": 0.18400000035762787
    },
    "sourceEpoch": 405
  },
  "session": "session-6"
}
