{
  "accepted": true,
  "candidate": {
    "parameters": {
      "forwardPassMinGain": 18.0,
      "markDistance": 67.0,
      "passChanceDefault": 0.041999999433755875,
      "passChanceForward": 0.16259999573230743,
      "passChancePressured": 0.391400009393692,
      "passChanceWing": 0.010900000110268593,
      "shootProgressThreshold": 0.8133999705314636,
      "tackleChance": 0.2199999988079071
    }
  },
  "championEpoch": 71,
  "championParameters": {
    "forwardPassMinGain": 18.0,
    "markDistance": 67.0,
    "passChanceDefault": 0.041999999433755875,
    "passChanceForward": 0.16259999573230743,
    "passChancePressured": 0.391400009393692,
    "passChanceWing": 0.010900000110268593,
    "shootProgressThreshold": 0.8133999705314636,
    "tackleChance": 0.2199999988079071
  },
  "createdAt": "2026-04-30T10:26:38Z",
  "epoch": 71,
  "evaluation": {
    "avgGoals": 12.29,
    "avgOutOfBounds": 0.01,
    "avgPasses": 128.88,
    "avgShots": 38.47,
    "avgTackles": 5.86,
    "baselineAvgGoals": 6.136,
    "candidateAvgGoals": 6.158,
    "candidateWon": true,
    "earlyStop": null,
    "elapsedMs": 2840,
    "games": 10000,
    "gamesPerSecond": 3521.13,
    "goalDiff": 224.0,
    "maxGames": 10000,
    "passCompletionRate": 0.903,
    "tackleSuccessRate": 1.0,
    "zScore": 0.347
  },
  "gamesPerEpoch": 10000,
  "name": "epoch-071",
  "opponent": {
    "parameters": {
      "forwardPassMinGain": 18.0,
      "markDistance": 68.0,
      "passChanceDefault": 0.02370000071823597,
      "passChanceForward": 0.16259999573230743,
      "passChancePressured": 0.36250001192092896,
      "passChanceWing": 0.009999999776482582,
      "shootProgressThreshold": 0.8133999705314636,
      "tackleChance": 0.2199999988079071
    },
    "sourceEpoch": 51
  },
  "session": "session-9"
}
