{
  "accepted": false,
  "candidate": {
    "parameters": {
      "forwardPassMinGain": 14.0,
      "markDistance": 69.0,
      "passChanceDefault": 0.03099999949336052,
      "passChanceForward": 0.16259999573230743,
      "passChancePressured": 0.4000000059604645,
      "passChanceWing": 0.023000000044703484,
      "shootProgressThreshold": 0.8086000084877014,
      "tackleChance": 0.2199999988079071
    }
  },
  "championEpoch": 13,
  "championParameters": {
    "forwardPassMinGain": 14.0,
    "markDistance": 68.0,
    "passChanceDefault": 0.014399999752640724,
    "passChanceForward": 0.16259999573230743,
    "passChancePressured": 0.36899998784065247,
    "passChanceWing": 0.009999999776482582,
    "shootProgressThreshold": 0.8133999705314636,
    "tackleChance": 0.2199999988079071
  },
  "createdAt": "2026-04-30T10:25:51Z",
  "epoch": 37,
  "evaluation": {
    "avgGoals": 11.97,
    "avgOutOfBounds": 0.01,
    "avgPasses": 131.45,
    "avgShots": 37.26,
    "avgTackles": 5.95,
    "baselineAvgGoals": 6.044,
    "candidateAvgGoals": 5.922,
    "candidateWon": false,
    "earlyStop": null,
    "elapsedMs": 2837,
    "games": 10000,
    "gamesPerSecond": 3524.85,
    "goalDiff": -1218.0,
    "maxGames": 10000,
    "passCompletionRate": 0.907,
    "tackleSuccessRate": 1.0,
    "zScore": -1.909
  },
  "gamesPerEpoch": 10000,
  "name": "epoch-037",
  "opponent": {
    "parameters": {
      "forwardPassMinGain": 14.0,
      "markDistance": 68.0,
      "passChanceDefault": 0.014399999752640724,
      "passChanceForward": 0.16259999573230743,
      "passChancePressured": 0.36899998784065247,
      "passChanceWing": 0.009999999776482582,
      "shootProgressThreshold": 0.8133999705314636,
      "tackleChance": 0.2199999988079071
    },
    "sourceEpoch": 13
  },
  "session": "session-9"
}
