{
  "accepted": false,
  "candidate": {
    "parameters": {
      "forwardPassMinGain": 14.0,
      "markDistance": 68.0,
      "passChanceDefault": 0.027300000190734863,
      "passChanceForward": 0.16259999573230743,
      "passChancePressured": 0.36230000853538513,
      "passChanceWing": 0.009999999776482582,
      "shootProgressThreshold": 0.8518000245094299,
      "tackleChance": 0.2199999988079071
    }
  },
  "championEpoch": 13,
  "championParameters": {
    "forwardPassMinGain": 14.0,
    "markDistance": 68.0,
    "passChanceDefault": 0.014399999752640724,
    "passChanceForward": 0.16259999573230743,
    "passChancePressured": 0.36899998784065247,
    "passChanceWing": 0.009999999776482582,
    "shootProgressThreshold": 0.8133999705314636,
    "tackleChance": 0.2199999988079071
  },
  "createdAt": "2026-04-30T10:25:52Z",
  "epoch": 39,
  "evaluation": {
    "avgGoals": 10.38,
    "avgOutOfBounds": 0.0,
    "avgPasses": 126.56,
    "avgShots": 48.51,
    "avgTackles": 5.51,
    "baselineAvgGoals": 5.691,
    "candidateAvgGoals": 4.691,
    "candidateWon": false,
    "earlyStop": "worse",
    "elapsedMs": 50,
    "games": 175,
    "gamesPerSecond": 3500.0,
    "goalDiff": -175.0,
    "maxGames": 10000,
    "passCompletionRate": 0.909,
    "tackleSuccessRate": 1.0,
    "zScore": -2.519
  },
  "gamesPerEpoch": 10000,
  "name": "epoch-039",
  "opponent": {
    "parameters": {
      "forwardPassMinGain": 14.0,
      "markDistance": 68.0,
      "passChanceDefault": 0.014399999752640724,
      "passChanceForward": 0.16259999573230743,
      "passChancePressured": 0.36899998784065247,
      "passChanceWing": 0.009999999776482582,
      "shootProgressThreshold": 0.8133999705314636,
      "tackleChance": 0.2199999988079071
    },
    "sourceEpoch": 13
  },
  "session": "session-9"
}
