{
  "accepted": false,
  "candidate": {
    "parameters": {
      "forwardPassMinGain": 18.0,
      "markDistance": 67.0,
      "passChanceDefault": 0.004999999888241291,
      "passChanceForward": 0.17489999532699585,
      "passChancePressured": 0.4000000059604645,
      "passChanceWing": 0.009999999776482582,
      "shootProgressThreshold": 0.7918999791145325,
      "tackleChance": 0.21739999949932098
    }
  },
  "championEpoch": 0,
  "championParameters": {
    "forwardPassMinGain": 18.0,
    "markDistance": 67.0,
    "passChanceDefault": 0.004999999888241291,
    "passChanceForward": 0.18000000715255737,
    "passChancePressured": 0.36899998784065247,
    "passChanceWing": 0.009999999776482582,
    "shootProgressThreshold": 0.8133999705314636,
    "tackleChance": 0.21739999949932098
  },
  "createdAt": "2026-04-30T10:24:46Z",
  "epoch": 1,
  "evaluation": {
    "avgGoals": 9.56,
    "avgOutOfBounds": 0.01,
    "avgPasses": 120.52,
    "avgShots": 68.22,
    "avgTackles": 5.13,
    "baselineAvgGoals": 5.204,
    "candidateAvgGoals": 4.36,
    "candidateWon": false,
    "earlyStop": "worse",
    "elapsedMs": 77,
    "games": 250,
    "gamesPerSecond": 3246.75,
    "goalDiff": -211.0,
    "maxGames": 10000,
    "passCompletionRate": 0.925,
    "tackleSuccessRate": 1.0,
    "zScore": -2.643
  },
  "gamesPerEpoch": 10000,
  "name": "epoch-001",
  "opponent": {
    "parameters": {
      "forwardPassMinGain": 18.0,
      "markDistance": 67.0,
      "passChanceDefault": 0.004999999888241291,
      "passChanceForward": 0.18000000715255737,
      "passChancePressured": 0.36899998784065247,
      "passChanceWing": 0.009999999776482582,
      "shootProgressThreshold": 0.8133999705314636,
      "tackleChance": 0.21739999949932098
    },
    "sourceEpoch": 0
  },
  "session": "session-9"
}
