{
  "accepted": false,
  "candidate": {
    "parameters": {
      "forwardPassMinGain": 16.0,
      "markDistance": 67.0,
      "passChanceDefault": 0.07000000029802322,
      "passChanceForward": 0.18000000715255737,
      "passChancePressured": 0.391400009393692,
      "passChanceWing": 0.014000000432133675,
      "shootProgressThreshold": 0.8080999851226807,
      "tackleChance": 0.2199999988079071
    }
  },
  "championEpoch": 93,
  "championParameters": {
    "forwardPassMinGain": 17.0,
    "markDistance": 68.0,
    "passChanceDefault": 0.07000000029802322,
    "passChanceForward": 0.18000000715255737,
    "passChancePressured": 0.391400009393692,
    "passChanceWing": 0.009999999776482582,
    "shootProgressThreshold": 0.8080999851226807,
    "tackleChance": 0.21480000019073486
  },
  "createdAt": "2026-04-30T10:27:37Z",
  "epoch": 95,
  "evaluation": {
    "avgGoals": 12.05,
    "avgOutOfBounds": 0.01,
    "avgPasses": 132.79,
    "avgShots": 37.52,
    "avgTackles": 6.0,
    "baselineAvgGoals": 6.037,
    "candidateAvgGoals": 6.012,
    "candidateWon": false,
    "earlyStop": null,
    "elapsedMs": 2873,
    "games": 10000,
    "gamesPerSecond": 3480.68,
    "goalDiff": -258.0,
    "maxGames": 10000,
    "passCompletionRate": 0.91,
    "tackleSuccessRate": 1.0,
    "zScore": -0.403
  },
  "gamesPerEpoch": 10000,
  "name": "epoch-095",
  "opponent": {
    "parameters": {
      "forwardPassMinGain": 17.0,
      "markDistance": 68.0,
      "passChanceDefault": 0.07000000029802322,
      "passChanceForward": 0.18000000715255737,
      "passChancePressured": 0.391400009393692,
      "passChanceWing": 0.009999999776482582,
      "shootProgressThreshold": 0.8080999851226807,
      "tackleChance": 0.21480000019073486
    },
    "sourceEpoch": 93
  },
  "session": "session-9"
}
