{
  "accepted": false,
  "candidate": {
    "parameters": {
      "forwardPassMinGain": 18.0,
      "markDistance": 67.0,
      "passChanceDefault": 0.032999999821186066,
      "passChanceForward": 0.1582999974489212,
      "passChancePressured": 0.391400009393692,
      "passChanceWing": 0.010900000110268593,
      "shootProgressThreshold": 0.8001000285148621,
      "tackleChance": 0.2199999988079071
    }
  },
  "championEpoch": 71,
  "championParameters": {
    "forwardPassMinGain": 18.0,
    "markDistance": 67.0,
    "passChanceDefault": 0.041999999433755875,
    "passChanceForward": 0.16259999573230743,
    "passChancePressured": 0.391400009393692,
    "passChanceWing": 0.010900000110268593,
    "shootProgressThreshold": 0.8133999705314636,
    "tackleChance": 0.2199999988079071
  },
  "createdAt": "2026-04-30T10:26:44Z",
  "epoch": 73,
  "evaluation": {
    "avgGoals": 11.86,
    "avgOutOfBounds": 0.01,
    "avgPasses": 129.28,
    "avgShots": 41.47,
    "avgTackles": 6.09,
    "baselineAvgGoals": 6.008,
    "candidateAvgGoals": 5.85,
    "candidateWon": false,
    "earlyStop": "worse",
    "elapsedMs": 2805,
    "games": 9775,
    "gamesPerSecond": 3484.85,
    "goalDiff": -1550.0,
    "maxGames": 10000,
    "passCompletionRate": 0.91,
    "tackleSuccessRate": 1.0,
    "zScore": -2.522
  },
  "gamesPerEpoch": 10000,
  "name": "epoch-073",
  "opponent": {
    "parameters": {
      "forwardPassMinGain": 18.0,
      "markDistance": 67.0,
      "passChanceDefault": 0.041999999433755875,
      "passChanceForward": 0.16259999573230743,
      "passChancePressured": 0.391400009393692,
      "passChanceWing": 0.010900000110268593,
      "shootProgressThreshold": 0.8133999705314636,
      "tackleChance": 0.2199999988079071
    },
    "sourceEpoch": 71
  },
  "session": "session-9"
}
