{
  "accepted": true,
  "candidate": {
    "parameters": {
      "forwardPassMinGain": 18.0,
      "markDistance": 67.0,
      "passChanceDefault": 0.041999999433755875,
      "passChanceForward": 0.18000000715255737,
      "passChancePressured": 0.391400009393692,
      "passChanceWing": 0.010900000110268593,
      "shootProgressThreshold": 0.8080999851226807,
      "tackleChance": 0.2199999988079071
    }
  },
  "championEpoch": 74,
  "championParameters": {
    "forwardPassMinGain": 18.0,
    "markDistance": 67.0,
    "passChanceDefault": 0.041999999433755875,
    "passChanceForward": 0.18000000715255737,
    "passChancePressured": 0.391400009393692,
    "passChanceWing": 0.010900000110268593,
    "shootProgressThreshold": 0.8080999851226807,
    "tackleChance": 0.2199999988079071
  },
  "createdAt": "2026-04-30T10:26:47Z",
  "epoch": 74,
  "evaluation": {
    "avgGoals": 12.22,
    "avgOutOfBounds": 0.01,
    "avgPasses": 130.65,
    "avgShots": 38.21,
    "avgTackles": 5.87,
    "baselineAvgGoals": 6.108,
    "candidateAvgGoals": 6.109,
    "candidateWon": true,
    "earlyStop": null,
    "elapsedMs": 2835,
    "games": 10000,
    "gamesPerSecond": 3527.34,
    "goalDiff": 10.0,
    "maxGames": 10000,
    "passCompletionRate": 0.905,
    "tackleSuccessRate": 1.0,
    "zScore": 0.016
  },
  "gamesPerEpoch": 10000,
  "name": "epoch-074",
  "opponent": {
    "parameters": {
      "forwardPassMinGain": 18.0,
      "markDistance": 67.0,
      "passChanceDefault": 0.041999999433755875,
      "passChanceForward": 0.16259999573230743,
      "passChancePressured": 0.391400009393692,
      "passChanceWing": 0.010900000110268593,
      "shootProgressThreshold": 0.8133999705314636,
      "tackleChance": 0.2199999988079071
    },
    "sourceEpoch": 71
  },
  "session": "session-9"
}
