{
  "accepted": false,
  "candidate": {
    "parameters": {
      "forwardPassMinGain": 17.0,
      "markDistance": 68.0,
      "passChanceDefault": 0.07000000029802322,
      "passChanceForward": 0.18000000715255737,
      "passChancePressured": 0.391400009393692,
      "passChanceWing": 0.009999999776482582,
      "shootProgressThreshold": 0.8080999851226807,
      "tackleChance": 0.21480000019073486
    }
  },
  "championEpoch": 93,
  "championParameters": {
    "forwardPassMinGain": 17.0,
    "markDistance": 68.0,
    "passChanceDefault": 0.07000000029802322,
    "passChanceForward": 0.18000000715255737,
    "passChancePressured": 0.391400009393692,
    "passChanceWing": 0.009999999776482582,
    "shootProgressThreshold": 0.8080999851226807,
    "tackleChance": 0.21480000019073486
  },
  "createdAt": "2026-04-30T10:27:40Z",
  "epoch": 96,
  "evaluation": {
    "avgGoals": 12.12,
    "avgOutOfBounds": 0.01,
    "avgPasses": 130.82,
    "avgShots": 37.79,
    "avgTackles": 6.11,
    "baselineAvgGoals": 6.075,
    "candidateAvgGoals": 6.048,
    "candidateWon": false,
    "earlyStop": null,
    "elapsedMs": 2839,
    "games": 10000,
    "gamesPerSecond": 3522.37,
    "goalDiff": -272.0,
    "maxGames": 10000,
    "passCompletionRate": 0.907,
    "tackleSuccessRate": 1.0,
    "zScore": -0.418
  },
  "gamesPerEpoch": 10000,
  "name": "epoch-096",
  "opponent": {
    "parameters": {
      "forwardPassMinGain": 17.0,
      "markDistance": 68.0,
      "passChanceDefault": 0.07000000029802322,
      "passChanceForward": 0.18000000715255737,
      "passChancePressured": 0.391400009393692,
      "passChanceWing": 0.009999999776482582,
      "shootProgressThreshold": 0.8080999851226807,
      "tackleChance": 0.21480000019073486
    },
    "sourceEpoch": 93
  },
  "session": "session-9"
}
