{
  "name": "s4-anneal-stage-2-20ep-5000g-best",
  "playerParams": [
    {
      "decisions": {
        "aggression": 1.3741999864578247,
        "forwardPassMinGain": 2.5469000339508057,
        "markDistance": 47.76449966430664,
        "passChanceDefault": 0.07249999791383743,
        "passChanceForward": 0.05860000103712082,
        "passChancePressured": 0.05249999836087227,
        "passChanceWing": 0.06120000034570694,
        "passDirDefensive": 1.6196999549865723,
        "passDirNeutral": 0.5400999784469604,
        "passDirOffensive": 1.9632999897003174,
        "riskAppetite": 0.24449999630451202,
        "shootProgressThreshold": 0.82669997215271,
        "tackleChance": 0.16660000383853912
      },
      "gk": null,
      "spatial": {
        "ball": {
          "max": 38.65840148925781,
          "min": 0.0,
          "preferred": 2.0857999324798584
        },
        "opponent": {
          "max": 344.6216125488281,
          "min": 101.88500213623047,
          "preferred": 147.8616943359375
        },
        "ownGoal": {
          "max": 625.4581909179688,
          "min": 615.5830078125,
          "preferred": 615.5830078125
        },
        "side": {
          "max": 355.4538879394531,
          "min": 193.21270751953125,
          "preferred": 225.55450439453125
        },
        "teammate": {
          "max": 314.08380126953125,
          "min": 45.29309844970703,
          "preferred": 163.39700317382812
        }
      }
    },
    {
      "decisions": {
        "aggression": 0.11900000274181366,
        "forwardPassMinGain": 15.028400421142578,
        "markDistance": 55.403900146484375,
        "passChanceDefault": 0.1688999980688095,
        "passChanceForward": 0.13330000638961792,
        "passChancePressured": 0.38499999046325684,
        "passChanceWing": 0.009999999776482582,
        "passDirDefensive": 0.0,
        "passDirNeutral": 0.027000000700354576,
        "passDirOffensive": 0.17790000140666962,
        "riskAppetite": 0.7692000269889832,
        "shootProgressThreshold": 0.6003000140190125,
        "tackleChance": 0.15649999678134918
      },
      "gk": null,
      "spatial": {
        "ball": {
          "max": 76.24949645996094,
          "min": 65.58619689941406,
          "preferred": 76.24949645996094
        },
        "opponent": {
          "max": 305.0762023925781,
          "min": 16.167200088500977,
          "preferred": 134.0937042236328
        },
        "ownGoal": {
          "max": 535.2412109375,
          "min": 438.65020751953125,
          "preferred": 470.0498046875
        },
        "side": {
          "max": 518.8950805664062,
          "min": 112.44869995117188,
          "preferred": 345.5447998046875
        },
        "teammate": {
          "max": 311.2377014160156,
          "min": 186.460205078125,
          "preferred": 186.460205078125
        }
      }
    },
    {
      "decisions": {
        "aggression": 1.7098000049591064,
        "forwardPassMinGain": 4.301599979400635,
        "markDistance": 51.97600173950195,
        "passChanceDefault": 0.004999999888241291,
        "passChanceForward": 0.11900000274181366,
        "passChancePressured": 0.0851999968290329,
        "passChanceWing": 0.11710000038146973,
        "passDirDefensive": 2.0,
        "passDirNeutral": 1.6979000568389893,
        "passDirOffensive": 0.8991000056266785,
        "riskAppetite": 0.7560999989509583,
        "shootProgressThreshold": 0.8550000190734863,
        "tackleChance": 0.05040000006556511
      },
      "gk": null,
      "spatial": {
        "ball": {
          "max": 89.0291976928711,
          "min": 32.64250183105469,
          "preferred": 32.64250183105469
        },
        "opponent": {
          "max": 290.5096130371094,
          "min": 0.0,
          "preferred": 108.82039642333984
        },
        "ownGoal": {
          "max": 715.4512939453125,
          "min": 319.1689147949219,
          "preferred": 476.17559814453125
        },
        "side": {
          "max": 375.5981140136719,
          "min": 301.5190124511719,
          "preferred": 329.8562927246094
        },
        "teammate": {
          "max": 396.8174133300781,
          "min": 98.61609649658203,
          "preferred": 145.23190307617188
        }
      }
    },
    {
      "decisions": {
        "aggression": 1.8250000476837158,
        "forwardPassMinGain": 0.5116000175476074,
        "markDistance": 26.98590087890625,
        "passChanceDefault": 0.13580000400543213,
        "passChanceForward": 0.01600000075995922,
        "passChancePressured": 0.2838999927043915,
        "passChanceWing": 0.15639999508857727,
        "passDirDefensive": 0.11479999870061874,
        "passDirNeutral": 0.374099999666214,
        "passDirOffensive": 0.5625,
        "riskAppetite": 0.0,
        "shootProgressThreshold": 0.6406999826431274,
        "tackleChance": 0.031300000846385956
      },
      "gk": null,
      "spatial": {
        "ball": {
          "max": 381.94488525390625,
          "min": 1.9017000198364258,
          "preferred": 381.94488525390625
        },
        "opponent": {
          "max": 290.2206115722656,
          "min": 47.800899505615234,
          "preferred": 102.64800262451172
        },
        "ownGoal": {
          "max": 822.5942993164062,
          "min": 315.2130126953125,
          "preferred": 648.9238891601562
        },
        "side": {
          "max": 202.7061004638672,
          "min": 111.4896011352539,
          "preferred": 164.70359802246094
        },
        "teammate": {
          "max": 22.7362003326416,
          "min": 0.0,
          "preferred": 18.805400848388672
        }
      }
    },
    {
      "decisions": {
        "aggression": 1.8162000179290771,
        "forwardPassMinGain": 16.263399124145508,
        "markDistance": 75.52559661865234,
        "passChanceDefault": 0.18070000410079956,
        "passChanceForward": 0.1704999953508377,
        "passChancePressured": 0.2515000104904175,
        "passChanceWing": 0.09889999777078629,
        "passDirDefensive": 0.9046000242233276,
        "passDirNeutral": 0.0502999983727932,
        "passDirOffensive": 0.31949999928474426,
        "riskAppetite": 0.6134999990463257,
        "shootProgressThreshold": 0.7935000061988831,
        "tackleChance": 0.19529999792575836
      },
      "gk": {
        "gkDistributionZone": 0.6054999828338623,
        "gkDiveChance": 0.6704999804496765,
        "gkDiveCommitDist": 164.67630004882812,
        "gkPassTargetDist": 285.1435852050781,
        "gkRiskClearance": 0.45730000734329224
      },
      "spatial": {
        "ball": {
          "max": 425.6647033691406,
          "min": 327.1932067871094,
          "preferred": 327.1932067871094
        },
        "opponent": {
          "max": 306.59210205078125,
          "min": 304.7319030761719,
          "preferred": 304.7319030761719
        },
        "ownGoal": {
          "max": 183.0157928466797,
          "min": 152.40260314941406,
          "preferred": 171.4604034423828
        },
        "side": {
          "max": 25.72439956665039,
          "min": 10.80840015411377,
          "preferred": 10.84220027923584
        },
        "teammate": {
          "max": 389.2958068847656,
          "min": 0.0,
          "preferred": 253.9145050048828
        }
      }
    }
  ],
  "sourceEpoch": 20,
  "sourceSession": "s4-anneal-stage-2-20ep-5000g",
  "type": "team-policy-v6",
  "version": 1
}
