{
  "acceptedCount": 7,
  "acceptedEpochs": [
    4,
    6,
    8,
    9,
    13,
    16,
    18
  ],
  "averageEpochElapsedMs": 310,
  "bestGoalDiff": 871.0,
  "epochs": 20,
  "finalChampionEpoch": 18,
  "finalChampionPlayerParams": [
    {
      "decisions": {
        "aggression": 1.7102999687194824,
        "forwardPassMinGain": 1.8725999593734741,
        "markDistance": 85.0,
        "passChanceDefault": 0.08810000121593475,
        "passChanceForward": 0.004999999888241291,
        "passChancePressured": 0.30959999561309814,
        "passChanceWing": 0.25,
        "passDirDefensive": 1.0972000360488892,
        "passDirNeutral": 1.8105000257492065,
        "passDirOffensive": 0.5983999967575073,
        "riskAppetite": 0.45249998569488525,
        "shootProgressThreshold": 0.6302000284194946,
        "tackleChance": 0.2199999988079071
      },
      "spatial": {
        "ball": {
          "max": 0.0,
          "min": 0.0,
          "preferred": 0.0
        },
        "opponent": {
          "max": 219.01040649414062,
          "min": 47.20909881591797,
          "preferred": 166.2281951904297
        },
        "ownGoal": {
          "max": 725.9752807617188,
          "min": 395.2088928222656,
          "preferred": 685.1098022460938
        },
        "side": {
          "max": 143.0301055908203,
          "min": 69.33889770507812,
          "preferred": 69.33889770507812
        },
        "teammate": {
          "max": 256.8778991699219,
          "min": 230.02479553222656,
          "preferred": 256.8778991699219
        }
      }
    },
    {
      "decisions": {
        "aggression": 1.5579999685287476,
        "forwardPassMinGain": 6.170599937438965,
        "markDistance": 25.0,
        "passChanceDefault": 0.12559999525547028,
        "passChanceForward": 0.06629999727010727,
        "passChancePressured": 0.03009999915957451,
        "passChanceWing": 0.1395999938249588,
        "passDirDefensive": 1.5606000423431396,
        "passDirNeutral": 0.0,
        "passDirOffensive": 2.0,
        "riskAppetite": 0.33399999141693115,
        "shootProgressThreshold": 0.7053999900817871,
        "tackleChance": 0.07940000295639038
      },
      "spatial": {
        "ball": {
          "max": 660.8770141601562,
          "min": 0.0,
          "preferred": 101.8384017944336
        },
        "opponent": {
          "max": 355.3121032714844,
          "min": 12.706700325012207,
          "preferred": 115.68209838867188
        },
        "ownGoal": {
          "max": 362.72430419921875,
          "min": 227.11199951171875,
          "preferred": 279.147705078125
        },
        "side": {
          "max": 400.5632019042969,
          "min": 83.60690307617188,
          "preferred": 346.27899169921875
        },
        "teammate": {
          "max": 111.17829895019531,
          "min": 20.69029998779297,
          "preferred": 76.02580261230469
        }
      }
    },
    {
      "decisions": {
        "aggression": 0.05730000138282776,
        "forwardPassMinGain": 3.148699998855591,
        "markDistance": 40.22700119018555,
        "passChanceDefault": 0.20000000298023224,
        "passChanceForward": 0.03139999881386757,
        "passChancePressured": 0.30160000920295715,
        "passChanceWing": 0.03590000048279762,
        "passDirDefensive": 1.5771000385284424,
        "passDirNeutral": 0.0,
        "passDirOffensive": 1.0205999612808228,
        "riskAppetite": 0.8007000088691711,
        "shootProgressThreshold": 0.550000011920929,
        "tackleChance": 0.2199999988079071
      },
      "spatial": {
        "ball": {
          "max": 138.04200744628906,
          "min": 15.604999542236328,
          "preferred": 36.2151985168457
        },
        "opponent": {
          "max": 47.774200439453125,
          "min": 0.0,
          "preferred": 0.0
        },
        "ownGoal": {
          "max": 770.2996215820312,
          "min": 0.1362999975681305,
          "preferred": 418.57269287109375
        },
        "side": {
          "max": 467.07958984375,
          "min": 337.2742004394531,
          "preferred": 375.05938720703125
        },
        "teammate": {
          "max": 77.4540023803711,
          "min": 0.0,
          "preferred": 11.029199600219727
        }
      }
    },
    {
      "decisions": {
        "aggression": 2.0,
        "forwardPassMinGain": 10.376899719238281,
        "markDistance": 62.779701232910156,
        "passChanceDefault": 0.1615999937057495,
        "passChanceForward": 0.10450000315904617,
        "passChancePressured": 0.13339999318122864,
        "passChanceWing": 0.009999999776482582,
        "passDirDefensive": 0.18289999663829803,
        "passDirNeutral": 1.697700023651123,
        "passDirOffensive": 1.6775000095367432,
        "riskAppetite": 0.11500000208616257,
        "shootProgressThreshold": 0.5898000001907349,
        "tackleChance": 0.10289999842643738
      },
      "spatial": {
        "ball": {
          "max": 70.55919647216797,
          "min": 36.1609992980957,
          "preferred": 36.1609992980957
        },
        "opponent": {
          "max": 117.82640075683594,
          "min": 35.28379821777344,
          "preferred": 64.21080017089844
        },
        "ownGoal": {
          "max": 388.8785095214844,
          "min": 328.84478759765625,
          "preferred": 388.8785095214844
        },
        "side": {
          "max": 257.9872131347656,
          "min": 34.79650115966797,
          "preferred": 257.9872131347656
        },
        "teammate": {
          "max": 66.31659698486328,
          "min": 0.0,
          "preferred": 27.99090003967285
        }
      }
    },
    {
      "decisions": {
        "aggression": 0.0,
        "forwardPassMinGain": 6.478799819946289,
        "markDistance": 30.393600463867188,
        "passChanceDefault": 0.06719999760389328,
        "passChanceForward": 0.01269999984651804,
        "passChancePressured": 0.22130000591278076,
        "passChanceWing": 0.09390000253915787,
        "passDirDefensive": 0.6901000142097473,
        "passDirNeutral": 1.374400019645691,
        "passDirOffensive": 1.236199975013733,
        "riskAppetite": 0.4426000118255615,
        "shootProgressThreshold": 0.8228999972343445,
        "tackleChance": 0.05350000038743019
      },
      "spatial": {
        "ball": {
          "max": 700.0,
          "min": 184.6739044189453,
          "preferred": 315.8356018066406
        },
        "opponent": {
          "max": 249.86419677734375,
          "min": 172.60369873046875,
          "preferred": 215.02059936523438
        },
        "ownGoal": {
          "max": 807.5106201171875,
          "min": 60.24209976196289,
          "preferred": 447.0346984863281
        },
        "side": {
          "max": 263.4966125488281,
          "min": 152.69239807128906,
          "preferred": 215.14610290527344
        },
        "teammate": {
          "max": 400.0,
          "min": 96.0770034790039,
          "preferred": 379.81988525390625
        }
      }
    }
  ],
  "finishedAt": "2026-05-05T09:04:44Z",
  "gamesPerEpoch": 5000,
  "history": [
    {
      "accepted": false,
      "baselineAvgGoals": 2.76,
      "candidateAvgGoals": 0.03,
      "championEpoch": 0,
      "earlyStop": "worse",
      "elapsedMs": 185,
      "epoch": 1,
      "gamesRun": 100,
      "goalDiff": -273.0,
      "zScore": -7.421
    },
    {
      "accepted": false,
      "baselineAvgGoals": 6.08,
      "candidateAvgGoals": 6.126,
      "championEpoch": 0,
      "earlyStop": "indecisive",
      "elapsedMs": 334,
      "epoch": 2,
      "gamesRun": 175,
      "goalDiff": 8.0,
      "zScore": 0.127
    },
    {
      "accepted": false,
      "baselineAvgGoals": 6.072,
      "candidateAvgGoals": 6.007,
      "championEpoch": 0,
      "earlyStop": "indecisive",
      "elapsedMs": 1551,
      "epoch": 3,
      "gamesRun": 825,
      "goalDiff": -53.0,
      "zScore": -0.394
    },
    {
      "accepted": true,