{
  "acceptedCount": 1,
  "acceptedEpochs": [
    2
  ],
  "averageEpochElapsedMs": 903,
  "bestGoalDiff": 78.0,
  "epochs": 20,
  "finalChampionEpoch": 2,
  "finalChampionPlayerParams": [
    {
      "decisions": {
        "aggression": 0.23330000042915344,
        "forwardPassMinGain": 9.999099731445312,
        "markDistance": 27.121599197387695,
        "passChanceDefault": 0.1404000073671341,
        "passChanceForward": 0.18000000715255737,
        "passChancePressured": 0.28790000081062317,
        "passChanceWing": 0.012900000438094139,
        "passDirDefensive": 0.40450000762939453,
        "passDirNeutral": 1.24590003490448,
        "passDirOffensive": 1.9764000177383423,
        "riskAppetite": 0.8547999858856201,
        "shootProgressThreshold": 0.6816999912261963,
        "tackleChance": 0.04399999976158142
      },
      "gk": null,
      "spatial": {
        "ball": {
          "max": 223.28160095214844,
          "min": 33.892601013183594,
          "preferred": 56.27349853515625
        },
        "opponent": {
          "max": 240.31500244140625,
          "min": 6.82420015335083,
          "preferred": 66.2426986694336
        },
        "ownGoal": {
          "max": 339.93609619140625,
          "min": 309.7012939453125,
          "preferred": 309.7012939453125
        },
        "side": {
          "max": 327.0328063964844,
          "min": 167.1221923828125,
          "preferred": 327.0328063964844
        },
        "teammate": {
          "max": 155.9470977783203,
          "min": 93.12580108642578,
          "preferred": 93.12580108642578
        }
      }
    },
    {
      "decisions": {
        "aggression": 1.6008000373840332,
        "forwardPassMinGain": 13.064599990844727,
        "markDistance": 46.00680160522461,
        "passChanceDefault": 0.004999999888241291,
        "passChanceForward": 0.08619999885559082,
        "passChancePressured": 0.07479999959468842,
        "passChanceWing": 0.020099999383091927,
        "passDirDefensive": 0.5116999745368958,
        "passDirNeutral": 1.1827000379562378,
        "passDirOffensive": 0.7080000042915344,
        "riskAppetite": 0.7196999788284302,
        "shootProgressThreshold": 0.555400013923645,
        "tackleChance": 0.2013999968767166
      },
      "gk": null,
      "spatial": {
        "ball": {
          "max": 24.483200073242188,
          "min": 4.363500118255615,
          "preferred": 8.53279972076416
        },
        "opponent": {
          "max": 130.3621063232422,
          "min": 37.46039962768555,
          "preferred": 118.39219665527344
        },
        "ownGoal": {
          "max": 718.5780029296875,
          "min": 27.812700271606445,
          "preferred": 388.1228942871094
        },
        "side": {
          "max": 404.9783020019531,
          "min": 40.74599838256836,
          "preferred": 330.8869934082031
        },
        "teammate": {
          "max": 178.606201171875,
          "min": 174.5941925048828,
          "preferred": 178.606201171875
        }
      }
    },
    {
      "decisions": {
        "aggression": 1.136299967765808,
        "forwardPassMinGain": 0.0,
        "markDistance": 25.0,
        "passChanceDefault": 0.11379999667406082,
        "passChanceForward": 0.0414000004529953,
        "passChancePressured": 0.021900000050663948,
        "passChanceWing": 0.15770000219345093,
        "passDirDefensive": 0.6590999960899353,
        "passDirNeutral": 1.5927000045776367,
        "passDirOffensive": 1.7777999639511108,
        "riskAppetite": 0.7473999857902527,
        "shootProgressThreshold": 0.5536999702453613,
        "tackleChance": 0.15379999577999115
      },
      "gk": null,
      "spatial": {
        "ball": {
          "max": 0.0,
          "min": 0.0,
          "preferred": 0.0
        },
        "opponent": {
          "max": 149.30599975585938,
          "min": 19.498600006103516,
          "preferred": 131.53689575195312
        },
        "ownGoal": {
          "max": 187.24769592285156,
          "min": 182.69970703125,
          "preferred": 182.69970703125
        },
        "side": {
          "max": 387.3699035644531,
          "min": 194.85769653320312,
          "preferred": 219.17999267578125
        },
        "teammate": {
          "max": 396.1258850097656,
          "min": 7.129799842834473,
          "preferred": 288.4923095703125
        }
      }
    },
    {
      "decisions": {
        "aggression": 1.731600046157837,
        "forwardPassMinGain": 9.44260025024414,
        "markDistance": 34.64580154418945,
        "passChanceDefault": 0.06780000030994415,
        "passChanceForward": 0.09600000083446503,
        "passChancePressured": 0.3961000144481659,
        "passChanceWing": 0.16439999639987946,
        "passDirDefensive": 2.0,
        "passDirNeutral": 1.8131999969482422,
        "passDirOffensive": 1.6805000305175781,
        "riskAppetite": 0.7469000220298767,
        "shootProgressThreshold": 0.6614000201225281,
        "tackleChance": 0.03590000048279762
      },
      "gk": null,
      "spatial": {
        "ball": {
          "max": 95.38710021972656,
          "min": 10.738200187683105,
          "preferred": 60.44599914550781
        },
        "opponent": {
          "max": 163.30450439453125,
          "min": 57.57939910888672,
          "preferred": 73.9800033569336
        },
        "ownGoal": {
          "max": 490.3312072753906,
          "min": 45.88370132446289,
          "preferred": 171.48049926757812
        },
        "side": {
          "max": 412.9696044921875,
          "min": 33.938201904296875,
          "preferred": 74.76580047607422
        },
        "teammate": {
          "max": 351.27740478515625,
          "min": 26.32469940185547,
          "preferred": 112.12120056152344
        }
      }
    },
    {
      "decisions": {
        "aggression": 0.8227999806404114,
        "forwardPassMinGain": 7.785299777984619,
        "markDistance": 77.96189880371094,
        "passChanceDefault": 0.043699998408555984,
        "passChanceForward": 0.022199999541044235,
        "passChancePressured": 0.34220001101493835,
        "passChanceWing": 0.19529999792575836,
        "passDirDefensive": 0.5604000091552734,
        "passDirNeutral": 1.8381999731063843,
        "passDirOffensive": 1.5464999675750732,
        "riskAppetite": 0.10530000180006027,
        "shootProgressThreshold": 0.5993000268936157,
        "tackleChance": 0.2199999988079071
      },
      "gk": {
        "gkDistributionZone": 0.4262999892234802,
        "gkDiveChance": 0.8061000108718872,
        "gkDiveCommitDist": 200.685302734375,
        "gkPassTargetDist": 209.4029998779297,
        "gkRiskClearance": 0.6866000294685364
      },
      "spatial": {
        "ball": {
          "max": 515.5772094726562,
          "min": 508.1903991699219,
          "preferred": 508.1903991699219
        },
        "opponent": {
          "max": 109.33740234375,
          "min": 75.25279998779297,
          "preferred": 98.90170288085938
        },
        "ownGoal": {
          "max": 93.87689971923828,
          "min": 44.448299407958984,
          "preferred": 44.448299407958984
        },
        "side": {
          "max": 520.0,
          "min": 361.5315856933594,
          "preferred": 361.5315856933594
        },
        "teammate": {
          "max": 400.0,
          "min": 81.15889739990234,
          "preferred": 192.7613983154297
        }
      }
    }
  ],
  "finishedAt": "2026-05-06T01:33:12Z",
  "gamesPerEpoch": 5000,
  "history": [
    {
      "accepted": false,
      "baselineAvgGoals": 2.61,
      "candidateAvgGoals": 1.37,
      "championEpoch": 0,
      "earlyStop": "worse",
      "elapsedMs": 389,
      "epoch": 1,
      "gamesRun": 100,
      "goalDiff": -124.0,
      "zScore": -6.344
    },
    {
      "accepted": true,
      "baselineAvgGoals": 1.594,
      "candidateAvgGoals": 1.834,
      "championEpoch": 2,
      "earlyStop": "better",
      "elapsedMs": 1016,