{
  "acceptedCount": 3,
  "acceptedEpochs": [
    4,
    12,
    15
  ],
  "averageEpochElapsedMs": 382,
  "bestGoalDiff": 125.0,
  "epochs": 20,
  "finalChampionEpoch": 15,
  "finalChampionPlayerParams": [
    {
      "decisions": {
        "aggression": 1.9408999681472778,
        "forwardPassMinGain": 11.887800216674805,
        "markDistance": 53.02750015258789,
        "passChanceDefault": 0.0674000009894371,
        "passChanceForward": 0.008100000210106373,
        "passChancePressured": 0.019999999552965164,
        "passChanceWing": 0.009999999776482582,
        "passDirDefensive": 0.684499979019165,
        "passDirNeutral": 1.3181999921798706,
        "passDirOffensive": 0.8797000050544739,
        "riskAppetite": 0.6328999996185303,
        "shootProgressThreshold": 0.550000011920929,
        "tackleChance": 0.051100000739097595
      },
      "gk": null,
      "spatial": {
        "ball": {
          "max": 364.87860107421875,
          "min": 0.0,
          "preferred": 55.14649963378906
        },
        "opponent": {
          "max": 246.39540100097656,
          "min": 0.0,
          "preferred": 83.61150360107422
        },
        "ownGoal": {
          "max": 652.5339965820312,
          "min": 389.1283874511719,
          "preferred": 513.4793090820312
        },
        "side": {
          "max": 497.1783142089844,
          "min": 49.67210006713867,
          "preferred": 270.8205871582031
        },
        "teammate": {
          "max": 137.05259704589844,
          "min": 0.0,
          "preferred": 89.55419921875
        }
      }
    },
    {
      "decisions": {
        "aggression": 1.2868000268936157,
        "forwardPassMinGain": 16.631000518798828,
        "markDistance": 27.81599998474121,
        "passChanceDefault": 0.05249999836087227,
        "passChanceForward": 0.004999999888241291,
        "passChancePressured": 0.13269999623298645,
        "passChanceWing": 0.07559999823570251,
        "passDirDefensive": 1.5426000356674194,
        "passDirNeutral": 1.0125999450683594,
        "passDirOffensive": 0.45210000872612,
        "riskAppetite": 0.5702999830245972,
        "shootProgressThreshold": 0.8181999921798706,
        "tackleChance": 0.17499999701976776
      },
      "gk": null,
      "spatial": {
        "ball": {
          "max": 404.9031066894531,
          "min": 53.05759811401367,
          "preferred": 53.05759811401367
        },
        "opponent": {
          "max": 195.8560028076172,
          "min": 66.58920288085938,
          "preferred": 105.41680145263672
        },
        "ownGoal": {
          "max": 633.5285034179688,
          "min": 38.33599853515625,
          "preferred": 320.0357971191406
        },
        "side": {
          "max": 401.8133850097656,
          "min": 9.979399681091309,
          "preferred": 213.21580505371094
        },
        "teammate": {
          "max": 171.3415069580078,
          "min": 45.9656982421875,
          "preferred": 84.04519653320312
        }
      }
    },
    {
      "decisions": {
        "aggression": 1.2271000146865845,
        "forwardPassMinGain": 9.827899932861328,
        "markDistance": 56.97060012817383,
        "passChanceDefault": 0.029500000178813934,
        "passChanceForward": 0.18000000715255737,
        "passChancePressured": 0.13269999623298645,
        "passChanceWing": 0.009999999776482582,
        "passDirDefensive": 0.02879999950528145,
        "passDirNeutral": 0.5508999824523926,
        "passDirOffensive": 0.9067000150680542,
        "riskAppetite": 0.003700000001117587,
        "shootProgressThreshold": 0.8632000088691711,
        "tackleChance": 0.07280000299215317
      },
      "gk": null,
      "spatial": {
        "ball": {
          "max": 152.83059692382812,
          "min": 0.0,
          "preferred": 0.0
        },
        "opponent": {
          "max": 240.648193359375,
          "min": 22.686100006103516,
          "preferred": 118.26480102539062
        },
        "ownGoal": {
          "max": 499.15679931640625,
          "min": 0.0,
          "preferred": 170.66029357910156
        },
        "side": {
          "max": 480.7933044433594,
          "min": 156.7519073486328,
          "preferred": 327.6619873046875
        },
        "teammate": {
          "max": 276.2619934082031,
          "min": 5.423900127410889,
          "preferred": 112.49359893798828
        }
      }
    },
    {
      "decisions": {
        "aggression": 1.162500023841858,
        "forwardPassMinGain": 9.70259952545166,
        "markDistance": 61.0166015625,
        "passChanceDefault": 0.19020000100135803,
        "passChanceForward": 0.006800000090152025,
        "passChancePressured": 0.11580000072717667,
        "passChanceWing": 0.03689999878406525,
        "passDirDefensive": 0.3490000069141388,
        "passDirNeutral": 1.8835999965667725,
        "passDirOffensive": 0.1753000020980835,
        "riskAppetite": 0.6187000274658203,
        "shootProgressThreshold": 0.6930999755859375,
        "tackleChance": 0.18289999663829803
      },
      "gk": null,
      "spatial": {
        "ball": {
          "max": 308.4219055175781,
          "min": 15.341300010681152,
          "preferred": 15.341300010681152
        },
        "opponent": {
          "max": 116.57039642333984,
          "min": 0.0,
          "preferred": 0.0
        },
        "ownGoal": {
          "max": 408.8172912597656,
          "min": 121.27639770507812,
          "preferred": 376.4440002441406
        },
        "side": {
          "max": 501.3949890136719,
          "min": 126.30819702148438,
          "preferred": 317.4483947753906
        },
        "teammate": {
          "max": 230.64039611816406,
          "min": 55.39400100708008,
          "preferred": 71.46520233154297
        }
      }
    },
    {
      "decisions": {
        "aggression": 1.0,
        "forwardPassMinGain": 8.0,
        "markDistance": 48.0,
        "passChanceDefault": 0.20000000298023224,
        "passChanceForward": 0.03999999910593033,
        "passChancePressured": 0.1599999964237213,
        "passChanceWing": 0.07000000029802322,
        "passDirDefensive": 1.0,
        "passDirNeutral": 1.0,
        "passDirOffensive": 1.0,
        "riskAppetite": 0.5,
        "shootProgressThreshold": 0.7599999904632568,
        "tackleChance": 0.07999999821186066
      },
      "gk": {
        "gkDistributionZone": 0.05939999967813492,
        "gkDiveChance": 0.6660000085830688,
        "gkDiveCommitDist": 201.9250030517578,
        "gkPassTargetDist": 293.860107421875,
        "gkRiskClearance": 0.43320000171661377
      },
      "spatial": {
        "ball": {
          "max": 620.18408203125,
          "min": 242.22300720214844,
          "preferred": 296.7987060546875
        },
        "opponent": {
          "max": 303.4881896972656,
          "min": 51.682701110839844,
          "preferred": 109.65249633789062
        },
        "ownGoal": {
          "max": 234.27549743652344,
          "min": 0.0,
          "preferred": 209.81190490722656
        },
        "side": {
          "max": 461.6830139160156,
          "min": 106.08390045166016,
          "preferred": 405.3731994628906
        },
        "teammate": {
          "max": 155.7908935546875,
          "min": 0.0,
          "preferred": 152.10679626464844
        }
      }
    }
  ],
  "finishedAt": "2026-05-06T02:25:52Z",
  "gamesPerEpoch": 5000,
  "history": [
    {
      "accepted": false,
      "baselineAvgGoals": 1.42,
      "candidateAvgGoals": 0.7,
      "championEpoch": 0,
      "earlyStop": "worse",
      "elapsedMs": 179,
      "epoch": 1,
      "gamesRun": 100,
      "goalDiff": -72.0,
      "zScore": -4.28
    },
    {
      "accepted": false,
      "baselineAvgGoals": 1.1,
      "candidateAvgGoals": 1.21,
      "championEpoch": 0,
      "earlyStop": "indecisive",
      "elapsedMs": 177,
      "epoch": 2,
      "gamesRun": 100,
      "goalDiff": 11.0,