{
  "createdAt": "2026-05-05T08:58:53Z",
  "epoch": 0,
  "name": "epoch-000-baseline",
  "playerParams": [
    {
      "decisions": {
        "aggression": 1.573099970817566,
        "forwardPassMinGain": 0.43470001220703125,
        "markDistance": 78.94719696044922,
        "passChanceDefault": 0.05829999968409538,
        "passChanceForward": 0.026100000366568565,
        "passChancePressured": 0.23919999599456787,
        "passChanceWing": 0.25,
        "passDirDefensive": 0.9904999732971191,
        "passDirNeutral": 1.3847999572753906,
        "passDirOffensive": 0.7738999724388123,
        "riskAppetite": 0.5710999965667725,
        "shootProgressThreshold": 0.6650000214576721,
        "tackleChance": 0.2199999988079071
      },
      "spatial": {
        "ball": {
          "max": 0.0,
          "min": 0.0,
          "preferred": 0.0
        },
        "opponent": {
          "max": 201.16830444335938,
          "min": 57.43349838256836,
          "preferred": 108.35050201416016
        },
        "ownGoal": {
          "max": 775.5441284179688,
          "min": 337.8008117675781,
          "preferred": 706.4227905273438
        },
        "side": {
          "max": 181.89439392089844,
          "min": 69.33889770507812,
          "preferred": 129.8278045654297
        },
        "teammate": {
          "max": 299.4898986816406,
          "min": 187.3730010986328,
          "preferred": 285.10650634765625
        }
      }
    },
    {
      "decisions": {
        "aggression": 1.4076000452041626,
        "forwardPassMinGain": 7.009200096130371,
        "markDistance": 25.0,
        "passChanceDefault": 0.12809999287128448,
        "passChanceForward": 0.04740000143647194,
        "passChancePressured": 0.019999999552965164,
        "passChanceWing": 0.06279999762773514,
        "passDirDefensive": 1.8937000036239624,
        "passDirNeutral": 0.0,
        "passDirOffensive": 2.0,
        "riskAppetite": 0.36899998784065247,
        "shootProgressThreshold": 0.6789000034332275,
        "tackleChance": 0.1031000018119812
      },
      "spatial": {
        "ball": {
          "max": 646.5151977539062,
          "min": 20.967899322509766,
          "preferred": 108.70359802246094
        },
        "opponent": {
          "max": 390.3868103027344,
          "min": 0.0,
          "preferred": 78.05809783935547
        },
        "ownGoal": {
          "max": 347.4309997558594,
          "min": 31.29829978942871,
          "preferred": 321.48980712890625
        },
        "side": {
          "max": 398.7145080566406,
          "min": 130.2801055908203,
          "preferred": 352.285400390625
        },
        "teammate": {
          "max": 76.02580261230469,
          "min": 60.05670166015625,
          "preferred": 67.9135971069336
        }
      }
    },
    {
      "decisions": {
        "aggression": 1.031499981880188,
        "forwardPassMinGain": 2.2114999294281006,
        "markDistance": 36.66469955444336,
        "passChanceDefault": 0.18119999766349792,
        "passChanceForward": 0.03139999881386757,
        "passChancePressured": 0.33820000290870667,
        "passChanceWing": 0.0658000037074089,
        "passDirDefensive": 1.3992999792099,
        "passDirNeutral": 0.0,
        "passDirOffensive": 0.9804999828338623,
        "riskAppetite": 0.6861000061035156,
        "shootProgressThreshold": 0.5960999727249146,
        "tackleChance": 0.20569999516010284
      },
      "spatial": {
        "ball": {
          "max": 71.54129791259766,
          "min": 0.0,
          "preferred": 68.87550354003906
        },
        "opponent": {
          "max": 33.40629959106445,
          "min": 0.0,
          "preferred": 27.870899200439453
        },
        "ownGoal": {
          "max": 685.6611938476562,
          "min": 0.0,
          "preferred": 522.6887817382812
        },
        "side": {
          "max": 513.5123901367188,
          "min": 357.4495849609375,
          "preferred": 417.1597900390625
        },
        "teammate": {
          "max": 69.22630310058594,
          "min": 0.0,
          "preferred": 0.5514000058174133
        }
      }
    },
    {
      "decisions": {
        "aggression": 1.972000002861023,
        "forwardPassMinGain": 13.27239990234375,
        "markDistance": 64.04000091552734,
        "passChanceDefault": 0.15860000252723694,
        "passChanceForward": 0.12370000034570694,
        "passChancePressured": 0.11659999936819077,
        "passChanceWing": 0.009999999776482582,
        "passDirDefensive": 0.09549999982118607,
        "passDirNeutral": 1.656599998474121,
        "passDirOffensive": 1.597100019454956,
        "riskAppetite": 0.0,
        "shootProgressThreshold": 0.5763000249862671,
        "tackleChance": 0.014399999752640724
      },
      "spatial": {
        "ball": {
          "max": 75.81849670410156,
          "min": 3.2676000595092773,
          "preferred": 42.93239974975586
        },
        "opponent": {
          "max": 93.1530990600586,
          "min": 0.0,
          "preferred": 83.8478012084961
        },
        "ownGoal": {
          "max": 550.8803100585938,
          "min": 442.7210998535156,
          "preferred": 442.7210998535156
        },
        "side": {
          "max": 296.2571105957031,
          "min": 55.1953010559082,
          "preferred": 253.6112060546875
        },
        "teammate": {
          "max": 71.3125,
          "min": 21.86669921875,
          "preferred": 48.63610076904297
        }
      }
    },
    {
      "decisions": {
        "aggression": 1.6836999654769897,
        "forwardPassMinGain": 5.925000190734863,
        "markDistance": 25.0,
        "passChanceDefault": 0.09889999777078629,
        "passChanceForward": 0.059300001710653305,
        "passChancePressured": 0.1412000060081482,
        "passChanceWing": 0.17170000076293945,
        "passDirDefensive": 0.7347999811172485,
        "passDirNeutral": 1.6080000400543213,
        "passDirOffensive": 1.4837000370025635,
        "riskAppetite": 0.5383999943733215,
        "shootProgressThreshold": 0.745199978351593,
        "tackleChance": 0.07919999957084656
      },
      "spatial": {
        "ball": {
          "max": 654.4072875976562,
          "min": 217.1425018310547,
          "preferred": 378.6754150390625
        },
        "opponent": {
          "max": 249.4927978515625,
          "min": 172.60369873046875,
          "preferred": 199.9739990234375
        },
        "ownGoal": {
          "max": 840.2318725585938,
          "min": 119.2510986328125,
          "preferred": 377.75640869140625
        },
        "side": {
          "max": 275.2959899902344,
          "min": 171.76449584960938,
          "preferred": 245.29969787597656
        },
        "teammate": {
          "max": 400.0,
          "min": 123.33080291748047,
          "preferred": 289.85980224609375
        }
      }
    }
  ],
  "role": "initial-baseline",
  "session": "anneal-stage-2-20ep-5000g"
}
