{
  "accepted": false,
  "candidate": {
    "parameters": {
      "forwardPassMinGain": 18.0,
      "markDistance": 64.0,
      "passChanceDefault": 0.004999999888241291,
      "passChanceForward": 0.16130000352859497,
      "passChancePressured": 0.4000000059604645,
      "passChanceWing": 0.009999999776482582,
      "shootProgressThreshold": 0.8112000226974487,
      "tackleChance": 0.2199999988079071
    }
  },
  "championEpoch": 21,
  "championParameters": {
    "forwardPassMinGain": 18.0,
    "markDistance": 64.0,
    "passChanceDefault": 0.004999999888241291,
    "passChanceForward": 0.18000000715255737,
    "passChancePressured": 0.4000000059604645,
    "passChanceWing": 0.009999999776482582,
    "shootProgressThreshold": 0.8112000226974487,
    "tackleChance": 0.2199999988079071
  },
  "createdAt": "2026-04-30T11:05:32Z",
  "epoch": 29,
  "evaluation": {
    "avgGoals": 12.43,
    "avgOutOfBounds": 0.01,
    "avgPasses": 131.83,
    "avgShots": 38.67,
    "avgTackles": 5.62,
    "baselineAvgGoals": 6.221,
    "candidateAvgGoals": 6.211,
    "candidateWon": false,
    "earlyStop": null,
    "elapsedMs": 31248,
    "games": 100000,
    "gamesPerSecond": 3200.2,
    "goalDiff": -978.0,
    "maxGames": 100000,
    "passCompletionRate": 0.903,
    "tackleSuccessRate": 1.0,
    "zScore": -0.492
  },
  "gamesPerEpoch": 100000,
  "name": "epoch-029",
  "opponent": {
    "parameters": {
      "forwardPassMinGain": 18.0,
      "markDistance": 64.0,
      "passChanceDefault": 0.004999999888241291,
      "passChanceForward": 0.18000000715255737,
      "passChancePressured": 0.4000000059604645,
      "passChanceWing": 0.009999999776482582,
      "shootProgressThreshold": 0.8112000226974487,
      "tackleChance": 0.2199999988079071
    },
    "sourceEpoch": 21
  },
  "session": "session-14"
}
