{
  "accepted": false,
  "candidate": {
    "parameters": {
      "forwardPassMinGain": 17.0,
      "markDistance": 65.0,
      "passChanceDefault": 0.013700000010430813,
      "passChanceForward": 0.1670999974012375,
      "passChancePressured": 0.4000000059604645,
      "passChanceWing": 0.02250000089406967,
      "shootProgressThreshold": 0.8174999952316284,
      "tackleChance": 0.21610000729560852
    }
  },
  "championEpoch": 79,
  "championParameters": {
    "forwardPassMinGain": 18.0,
    "markDistance": 67.0,
    "passChanceDefault": 0.013700000010430813,
    "passChanceForward": 0.18000000715255737,
    "passChancePressured": 0.4000000059604645,
    "passChanceWing": 0.009999999776482582,
    "shootProgressThreshold": 0.8112000226974487,
    "tackleChance": 0.21610000729560852
  },
  "createdAt": "2026-04-30T11:18:32Z",
  "epoch": 89,
  "evaluation": {
    "avgGoals": 12.06,
    "avgOutOfBounds": 0.01,
    "avgPasses": 133.11,
    "avgShots": 38.05,
    "avgTackles": 5.62,
    "baselineAvgGoals": 6.086,
    "candidateAvgGoals": 5.974,
    "candidateWon": false,
    "earlyStop": "worse",
    "elapsedMs": 5755,
    "games": 19850,
    "gamesPerSecond": 3449.17,
    "goalDiff": -2216.0,
    "maxGames": 100000,
    "passCompletionRate": 0.906,
    "tackleSuccessRate": 1.0,
    "zScore": -2.505
  },
  "gamesPerEpoch": 100000,
  "name": "epoch-089",
  "opponent": {
    "parameters": {
      "forwardPassMinGain": 18.0,
      "markDistance": 67.0,
      "passChanceDefault": 0.013700000010430813,
      "passChanceForward": 0.18000000715255737,
      "passChancePressured": 0.4000000059604645,
      "passChanceWing": 0.009999999776482582,
      "shootProgressThreshold": 0.8112000226974487,
      "tackleChance": 0.21610000729560852
    },
    "sourceEpoch": 79
  },
  "session": "session-14"
}
