{
  "accepted": false,
  "candidate": {
    "parameters": {
      "forwardPassMinGain": 18.0,
      "markDistance": 65.0,
      "passChanceDefault": 0.013700000010430813,
      "passChanceForward": 0.18000000715255737,
      "passChancePressured": 0.4000000059604645,
      "passChanceWing": 0.03660000115633011,
      "shootProgressThreshold": 0.8112000226974487,
      "tackleChance": 0.21610000729560852
    }
  },
  "championEpoch": 79,
  "championParameters": {
    "forwardPassMinGain": 18.0,
    "markDistance": 67.0,
    "passChanceDefault": 0.013700000010430813,
    "passChanceForward": 0.18000000715255737,
    "passChancePressured": 0.4000000059604645,
    "passChanceWing": 0.009999999776482582,
    "shootProgressThreshold": 0.8112000226974487,
    "tackleChance": 0.21610000729560852
  },
  "createdAt": "2026-04-30T11:15:29Z",
  "epoch": 81,
  "evaluation": {
    "avgGoals": 11.93,
    "avgOutOfBounds": 0.01,
    "avgPasses": 136.94,
    "avgShots": 36.64,
    "avgTackles": 5.58,
    "baselineAvgGoals": 6.038,
    "candidateAvgGoals": 5.895,
    "candidateWon": false,
    "earlyStop": "worse",
    "elapsedMs": 3532,
    "games": 12175,
    "gamesPerSecond": 3447.06,
    "goalDiff": -1749.0,
    "maxGames": 100000,
    "passCompletionRate": 0.91,
    "tackleSuccessRate": 1.0,
    "zScore": -2.536
  },
  "gamesPerEpoch": 100000,
  "name": "epoch-081",
  "opponent": {
    "parameters": {
      "forwardPassMinGain": 18.0,
      "markDistance": 67.0,
      "passChanceDefault": 0.013700000010430813,
      "passChanceForward": 0.18000000715255737,
      "passChancePressured": 0.4000000059604645,
      "passChanceWing": 0.009999999776482582,
      "shootProgressThreshold": 0.8112000226974487,
      "tackleChance": 0.21610000729560852
    },
    "sourceEpoch": 79
  },
  "session": "session-14"
}
