{
  "accepted": true,
  "candidate": {
    "parameters": {
      "forwardPassMinGain": 18.0,
      "markDistance": 67.0,
      "passChanceDefault": 0.004999999888241291,
      "passChanceForward": 0.179299995303154,
      "passChancePressured": 0.36899998784065247,
      "passChanceWing": 0.009999999776482582,
      "shootProgressThreshold": 0.8112000226974487,
      "tackleChance": 0.2199999988079071
    }
  },
  "championEpoch": 1,
  "championParameters": {
    "forwardPassMinGain": 18.0,
    "markDistance": 67.0,
    "passChanceDefault": 0.004999999888241291,
    "passChanceForward": 0.179299995303154,
    "passChancePressured": 0.36899998784065247,
    "passChanceWing": 0.009999999776482582,
    "shootProgressThreshold": 0.8112000226974487,
    "tackleChance": 0.2199999988079071
  },
  "createdAt": "2026-04-30T10:57:25Z",
  "epoch": 1,
  "evaluation": {
    "avgGoals": 12.47,
    "avgOutOfBounds": 0.01,
    "avgPasses": 127.65,
    "avgShots": 38.63,
    "avgTackles": 5.9,
    "baselineAvgGoals": 6.227,
    "candidateAvgGoals": 6.241,
    "candidateWon": true,
    "earlyStop": null,
    "elapsedMs": 30072,
    "games": 100000,
    "gamesPerSecond": 3325.35,
    "goalDiff": 1465.0,
    "maxGames": 100000,
    "passCompletionRate": 0.901,
    "tackleSuccessRate": 1.0,
    "zScore": 0.712
  },
  "gamesPerEpoch": 100000,
  "name": "epoch-001",
  "opponent": {
    "parameters": {
      "forwardPassMinGain": 18.0,
      "markDistance": 67.0,
      "passChanceDefault": 0.004999999888241291,
      "passChanceForward": 0.18000000715255737,
      "passChancePressured": 0.36899998784065247,
      "passChanceWing": 0.009999999776482582,
      "shootProgressThreshold": 0.8133999705314636,
      "tackleChance": 0.21739999949932098
    },
    "sourceEpoch": 0
  },
  "session": "session-14"
}
