{
  "accepted": false,
  "candidate": {
    "parameters": {
      "forwardPassMinGain": 18.0,
      "markDistance": 67.0,
      "passChanceDefault": 0.006599999964237213,
      "passChanceForward": 0.18000000715255737,
      "passChancePressured": 0.4000000059604645,
      "passChanceWing": 0.009999999776482582,
      "shootProgressThreshold": 0.8112000226974487,
      "tackleChance": 0.2199999988079071
    }
  },
  "championEpoch": 79,
  "championParameters": {
    "forwardPassMinGain": 18.0,
    "markDistance": 67.0,
    "passChanceDefault": 0.013700000010430813,
    "passChanceForward": 0.18000000715255737,
    "passChancePressured": 0.4000000059604645,
    "passChanceWing": 0.009999999776482582,
    "shootProgressThreshold": 0.8112000226974487,
    "tackleChance": 0.21610000729560852
  },
  "createdAt": "2026-04-30T11:17:27Z",
  "epoch": 85,
  "evaluation": {
    "avgGoals": 12.43,
    "avgOutOfBounds": 0.01,
    "avgPasses": 128.19,
    "avgShots": 38.36,
    "avgTackles": 5.94,
    "baselineAvgGoals": 6.22,
    "candidateAvgGoals": 6.214,
    "candidateWon": false,
    "earlyStop": null,
    "elapsedMs": 29632,
    "games": 100000,
    "gamesPerSecond": 3374.73,
    "goalDiff": -661.0,
    "maxGames": 100000,
    "passCompletionRate": 0.901,
    "tackleSuccessRate": 1.0,
    "zScore": -0.319
  },
  "gamesPerEpoch": 100000,
  "name": "epoch-085",
  "opponent": {
    "parameters": {
      "forwardPassMinGain": 18.0,
      "markDistance": 67.0,
      "passChanceDefault": 0.013700000010430813,
      "passChanceForward": 0.18000000715255737,
      "passChancePressured": 0.4000000059604645,
      "passChanceWing": 0.009999999776482582,
      "shootProgressThreshold": 0.8112000226974487,
      "tackleChance": 0.21610000729560852
    },
    "sourceEpoch": 79
  },
  "session": "session-14"
}
