{
  "accepted": false,
  "candidate": {
    "parameters": {
      "forwardPassMinGain": 17.0,
      "markDistance": 64.0,
      "passChanceDefault": 0.00930000003427267,
      "passChanceForward": 0.18000000715255737,
      "passChancePressured": 0.4000000059604645,
      "passChanceWing": 0.053300000727176666,
      "shootProgressThreshold": 0.8062999844551086,
      "tackleChance": 0.2199999988079071
    }
  },
  "championEpoch": 33,
  "championParameters": {
    "forwardPassMinGain": 17.0,
    "markDistance": 64.0,
    "passChanceDefault": 0.015599999576807022,
    "passChanceForward": 0.18000000715255737,
    "passChancePressured": 0.4000000059604645,
    "passChanceWing": 0.009999999776482582,
    "shootProgressThreshold": 0.8112000226974487,
    "tackleChance": 0.2199999988079071
  },
  "createdAt": "2026-04-30T11:07:35Z",
  "epoch": 39,
  "evaluation": {
    "avgGoals": 11.55,
    "avgOutOfBounds": 0.01,
    "avgPasses": 143.74,
    "avgShots": 35.91,
    "avgTackles": 5.42,
    "baselineAvgGoals": 6.024,
    "candidateAvgGoals": 5.526,
    "candidateWon": false,
    "earlyStop": "worse",
    "elapsedMs": 271,
    "games": 925,
    "gamesPerSecond": 3413.28,
    "goalDiff": -460.0,
    "maxGames": 100000,
    "passCompletionRate": 0.916,
    "tackleSuccessRate": 1.0,
    "zScore": -2.62
  },
  "gamesPerEpoch": 100000,
  "name": "epoch-039",
  "opponent": {
    "parameters": {
      "forwardPassMinGain": 17.0,
      "markDistance": 64.0,
      "passChanceDefault": 0.015599999576807022,
      "passChanceForward": 0.18000000715255737,
      "passChancePressured": 0.4000000059604645,
      "passChanceWing": 0.009999999776482582,
      "shootProgressThreshold": 0.8112000226974487,
      "tackleChance": 0.2199999988079071
    },
    "sourceEpoch": 33
  },
  "session": "session-14"
}
