{
  "accepted": false,
  "candidate": {
    "parameters": {
      "forwardPassMinGain": 18.0,
      "markDistance": 59.0,
      "passChanceDefault": 0.015599999576807022,
      "passChanceForward": 0.18000000715255737,
      "passChancePressured": 0.4000000059604645,
      "passChanceWing": 0.009999999776482582,
      "shootProgressThreshold": 0.8252000212669373,
      "tackleChance": 0.2143000066280365
    }
  },
  "championEpoch": 54,
  "championParameters": {
    "forwardPassMinGain": 18.0,
    "markDistance": 64.0,
    "passChanceDefault": 0.015599999576807022,
    "passChanceForward": 0.18000000715255737,
    "passChancePressured": 0.4000000059604645,
    "passChanceWing": 0.009999999776482582,
    "shootProgressThreshold": 0.8112000226974487,
    "tackleChance": 0.2199999988079071
  },
  "createdAt": "2026-04-30T11:10:44Z",
  "epoch": 59,
  "evaluation": {
    "avgGoals": 12.05,
    "avgOutOfBounds": 0.01,
    "avgPasses": 135.54,
    "avgShots": 40.05,
    "avgTackles": 5.3,
    "baselineAvgGoals": 6.163,
    "candidateAvgGoals": 5.887,
    "candidateWon": false,
    "earlyStop": "worse",
    "elapsedMs": 881,
    "games": 2975,
    "gamesPerSecond": 3376.84,
    "goalDiff": -821.0,
    "maxGames": 100000,
    "passCompletionRate": 0.904,
    "tackleSuccessRate": 1.0,
    "zScore": -2.564
  },
  "gamesPerEpoch": 100000,
  "name": "epoch-059",
  "opponent": {
    "parameters": {
      "forwardPassMinGain": 18.0,
      "markDistance": 64.0,
      "passChanceDefault": 0.015599999576807022,
      "passChanceForward": 0.18000000715255737,
      "passChancePressured": 0.4000000059604645,
      "passChanceWing": 0.009999999776482582,
      "shootProgressThreshold": 0.8112000226974487,
      "tackleChance": 0.2199999988079071
    },
    "sourceEpoch": 54
  },
  "session": "session-14"
}
