{
  "accepted": false,
  "candidate": {
    "parameters": {
      "forwardPassMinGain": 18.0,
      "markDistance": 67.0,
      "passChanceDefault": 0.004999999888241291,
      "passChanceForward": 0.179299995303154,
      "passChancePressured": 0.3702000081539154,
      "passChanceWing": 0.018400000408291817,
      "shootProgressThreshold": 0.8655999898910522,
      "tackleChance": 0.2159000039100647
    }
  },
  "championEpoch": 3,
  "championParameters": {
    "forwardPassMinGain": 18.0,
    "markDistance": 67.0,
    "passChanceDefault": 0.004999999888241291,
    "passChanceForward": 0.179299995303154,
    "passChancePressured": 0.375900000333786,
    "passChanceWing": 0.009999999776482582,
    "shootProgressThreshold": 0.8112000226974487,
    "tackleChance": 0.2199999988079071
  },
  "createdAt": "2026-04-30T10:58:24Z",
  "epoch": 4,
  "evaluation": {
    "avgGoals": 8.41,
    "avgOutOfBounds": 0.01,
    "avgPasses": 130.37,
    "avgShots": 58.33,
    "avgTackles": 5.07,
    "baselineAvgGoals": 5.02,
    "candidateAvgGoals": 3.39,
    "candidateWon": false,
    "earlyStop": "worse",
    "elapsedMs": 30,
    "games": 100,
    "gamesPerSecond": 3333.33,
    "goalDiff": -163.0,
    "maxGames": 100000,
    "passCompletionRate": 0.907,
    "tackleSuccessRate": 1.0,
    "zScore": -3.114
  },
  "gamesPerEpoch": 100000,
  "name": "epoch-004",
  "opponent": {
    "parameters": {
      "forwardPassMinGain": 18.0,
      "markDistance": 67.0,
      "passChanceDefault": 0.004999999888241291,
      "passChanceForward": 0.179299995303154,
      "passChancePressured": 0.375900000333786,
      "passChanceWing": 0.009999999776482582,
      "shootProgressThreshold": 0.8112000226974487,
      "tackleChance": 0.2199999988079071
    },
    "sourceEpoch": 3
  },
  "session": "session-14"
}
