{
  "accepted": false,
  "candidate": {
    "parameters": {
      "forwardPassMinGain": 16.0,
      "markDistance": 67.0,
      "passChanceDefault": 0.013700000010430813,
      "passChanceForward": 0.18000000715255737,
      "passChancePressured": 0.35089999437332153,
      "passChanceWing": 0.07180000096559525,
      "shootProgressThreshold": 0.7645000219345093,
      "tackleChance": 0.21610000729560852
    }
  },
  "championEpoch": 79,
  "championParameters": {
    "forwardPassMinGain": 18.0,
    "markDistance": 67.0,
    "passChanceDefault": 0.013700000010430813,
    "passChanceForward": 0.18000000715255737,
    "passChancePressured": 0.4000000059604645,
    "passChanceWing": 0.009999999776482582,
    "shootProgressThreshold": 0.8112000226974487,
    "tackleChance": 0.21610000729560852
  },
  "createdAt": "2026-04-30T11:18:49Z",
  "epoch": 93,
  "evaluation": {
    "avgGoals": 3.7,
    "avgOutOfBounds": 0.0,
    "avgPasses": 113.6,
    "avgShots": 123.5,
    "avgTackles": 2.5,
    "baselineAvgGoals": 3.05,
    "candidateAvgGoals": 0.65,
    "candidateWon": false,
    "earlyStop": "worse",
    "elapsedMs": 31,
    "games": 100,
    "gamesPerSecond": 3225.81,
    "goalDiff": -240.0,
    "maxGames": 100000,
    "passCompletionRate": 0.966,
    "tackleSuccessRate": 1.0,
    "zScore": -6.598
  },
  "gamesPerEpoch": 100000,
  "name": "epoch-093",
  "opponent": {
    "parameters": {
      "forwardPassMinGain": 18.0,
      "markDistance": 67.0,
      "passChanceDefault": 0.013700000010430813,
      "passChanceForward": 0.18000000715255737,
      "passChancePressured": 0.4000000059604645,
      "passChanceWing": 0.009999999776482582,
      "shootProgressThreshold": 0.8112000226974487,
      "tackleChance": 0.21610000729560852
    },
    "sourceEpoch": 79
  },
  "session": "session-14"
}
