{
  "accepted": false,
  "candidate": {
    "parameters": {
      "forwardPassMinGain": 18.0,
      "markDistance": 64.0,
      "passChanceDefault": 0.015599999576807022,
      "passChanceForward": 0.18000000715255737,
      "passChancePressured": 0.4000000059604645,
      "passChanceWing": 0.009999999776482582,
      "shootProgressThreshold": 0.7692999839782715,
      "tackleChance": 0.2199999988079071
    }
  },
  "championEpoch": 54,
  "championParameters": {
    "forwardPassMinGain": 18.0,
    "markDistance": 64.0,
    "passChanceDefault": 0.015599999576807022,
    "passChanceForward": 0.18000000715255737,
    "passChancePressured": 0.4000000059604645,
    "passChanceWing": 0.009999999776482582,
    "shootProgressThreshold": 0.8112000226974487,
    "tackleChance": 0.2199999988079071
  },
  "createdAt": "2026-04-30T11:10:43Z",
  "epoch": 58,
  "evaluation": {
    "avgGoals": 3.43,
    "avgOutOfBounds": 0.0,
    "avgPasses": 106.92,
    "avgShots": 132.92,
    "avgTackles": 2.34,
    "baselineAvgGoals": 2.6,
    "candidateAvgGoals": 0.83,
    "candidateWon": false,
    "earlyStop": "worse",
    "elapsedMs": 32,
    "games": 100,
    "gamesPerSecond": 3125.0,
    "goalDiff": -177.0,
    "maxGames": 100000,
    "passCompletionRate": 0.96,
    "tackleSuccessRate": 1.0,
    "zScore": -5.801
  },
  "gamesPerEpoch": 100000,
  "name": "epoch-058",
  "opponent": {
    "parameters": {
      "forwardPassMinGain": 18.0,
      "markDistance": 64.0,
      "passChanceDefault": 0.015599999576807022,
      "passChanceForward": 0.18000000715255737,
      "passChancePressured": 0.4000000059604645,
      "passChanceWing": 0.009999999776482582,
      "shootProgressThreshold": 0.8112000226974487,
      "tackleChance": 0.2199999988079071
    },
    "sourceEpoch": 54
  },
  "session": "session-14"
}
