{
  "accepted": false,
  "candidate": {
    "parameters": {
      "forwardPassMinGain": 18.0,
      "markDistance": 59.0,
      "passChanceDefault": 0.020099999383091927,
      "passChanceForward": 0.18000000715255737,
      "passChancePressured": 0.3398999869823456,
      "passChanceWing": 0.009999999776482582,
      "shootProgressThreshold": 0.8145999908447266,
      "tackleChance": 0.2199999988079071
    }
  },
  "championEpoch": 54,
  "championParameters": {
    "forwardPassMinGain": 18.0,
    "markDistance": 64.0,
    "passChanceDefault": 0.015599999576807022,
    "passChanceForward": 0.18000000715255737,
    "passChancePressured": 0.4000000059604645,
    "passChanceWing": 0.009999999776482582,
    "shootProgressThreshold": 0.8112000226974487,
    "tackleChance": 0.2199999988079071
  },
  "createdAt": "2026-04-30T11:10:43Z",
  "epoch": 56,
  "evaluation": {
    "avgGoals": 12.4,
    "avgOutOfBounds": 0.01,
    "avgPasses": 135.68,
    "avgShots": 38.73,
    "avgTackles": 5.36,
    "baselineAvgGoals": 6.302,
    "candidateAvgGoals": 6.096,
    "candidateWon": false,
    "earlyStop": "worse",
    "elapsedMs": 1511,
    "games": 5150,
    "gamesPerSecond": 3408.34,
    "goalDiff": -1061.0,
    "maxGames": 100000,
    "passCompletionRate": 0.905,
    "tackleSuccessRate": 1.0,
    "zScore": -2.505
  },
  "gamesPerEpoch": 100000,
  "name": "epoch-056",
  "opponent": {
    "parameters": {
      "forwardPassMinGain": 18.0,
      "markDistance": 64.0,
      "passChanceDefault": 0.015599999576807022,
      "passChanceForward": 0.18000000715255737,
      "passChancePressured": 0.4000000059604645,
      "passChanceWing": 0.009999999776482582,
      "shootProgressThreshold": 0.8112000226974487,
      "tackleChance": 0.2199999988079071
    },
    "sourceEpoch": 54
  },
  "session": "session-14"
}
