{
  "acceptedCount": 1,
  "acceptedEpochs": [
    5
  ],
  "averageEpochElapsedMs": 1674,
  "bestGoalDiff": 60.0,
  "epochs": 5,
  "finalChampionEpoch": 5,
  "finalChampionPlayerParams": [
    {
      "decisions": {
        "aggression": 1.3147000074386597,
        "forwardPassMinGain": 6.477700233459473,
        "markDistance": 67.99749755859375,
        "passChanceDefault": 0.06710000336170197,
        "passChanceForward": 0.09279999881982803,
        "passChancePressured": 0.14090000092983246,
        "passChanceWing": 0.10719999670982361,
        "passDirDefensive": 0.7985000014305115,
        "passDirNeutral": 0.7099000215530396,
        "passDirOffensive": 0.9093999862670898,
        "riskAppetite": 0.5569999814033508,
        "shootProgressThreshold": 0.550000011920929,
        "tackleChance": 0.18569999933242798
      },
      "gk": null,
      "spatial": {
        "ball": {
          "max": 34.8671989440918,
          "min": 0.0,
          "preferred": 0.0
        },
        "opponent": {
          "max": 259.7131042480469,
          "min": 0.0,
          "preferred": 191.91709899902344
        },
        "ownGoal": {
          "max": 579.3291015625,
          "min": 540.0739135742188,
          "preferred": 540.0739135742188
        },
        "side": {
          "max": 520.0,
          "min": 90.89630126953125,
          "preferred": 179.2176971435547
        },
        "teammate": {
          "max": 245.50250244140625,
          "min": 0.18060000240802765,
          "preferred": 229.24510192871094
        }
      }
    },
    {
      "decisions": {
        "aggression": 1.6640000343322754,
        "forwardPassMinGain": 16.964399337768555,
        "markDistance": 26.11319923400879,
        "passChanceDefault": 0.08990000188350677,
        "passChanceForward": 0.10440000146627426,
        "passChancePressured": 0.1720000058412552,
        "passChanceWing": 0.06069999933242798,
        "passDirDefensive": 0.38670000433921814,
        "passDirNeutral": 0.4957999885082245,
        "passDirOffensive": 0.04479999840259552,
        "riskAppetite": 0.39100000262260437,
        "shootProgressThreshold": 0.6628999710083008,
        "tackleChance": 0.15610000491142273
      },
      "gk": null,
      "spatial": {
        "ball": {
          "max": 5.885000228881836,
          "min": 5.834199905395508,
          "preferred": 5.834199905395508
        },
        "opponent": {
          "max": 283.6466979980469,
          "min": 90.31939697265625,
          "preferred": 123.97750091552734
        },
        "ownGoal": {
          "max": 129.0303955078125,
          "min": 88.72480010986328,
          "preferred": 129.0303955078125
        },
        "side": {
          "max": 338.6325988769531,
          "min": 152.36529541015625,
          "preferred": 174.2675018310547
        },
        "teammate": {
          "max": 375.54010009765625,
          "min": 58.791099548339844,
          "preferred": 189.61289978027344
        }
      }
    },
    {
      "decisions": {
        "aggression": 1.5413999557495117,
        "forwardPassMinGain": 8.366800308227539,
        "markDistance": 26.820100784301758,
        "passChanceDefault": 0.11460000276565552,
        "passChanceForward": 0.004999999888241291,
        "passChancePressured": 0.019999999552965164,
        "passChanceWing": 0.04729999974370003,
        "passDirDefensive": 0.49230000376701355,
        "passDirNeutral": 1.3609999418258667,
        "passDirOffensive": 0.7702999711036682,
        "riskAppetite": 0.24169999361038208,
        "shootProgressThreshold": 0.670799970626831,
        "tackleChance": 0.13099999725818634
      },
      "gk": null,
      "spatial": {
        "ball": {
          "max": 38.59700012207031,
          "min": 3.001699924468994,
          "preferred": 3.8915998935699463
        },
        "opponent": {
          "max": 270.1907043457031,
          "min": 18.942800521850586,
          "preferred": 93.49140167236328
        },
        "ownGoal": {
          "max": 449.0,
          "min": 233.50180053710938,
          "preferred": 328.7887878417969
        },
        "side": {
          "max": 438.8030090332031,
          "min": 143.84959411621094,
          "preferred": 413.4375
        },
        "teammate": {
          "max": 341.43170166015625,
          "min": 53.94070053100586,
          "preferred": 64.95069885253906
        }
      }
    },
    {
      "decisions": {
        "aggression": 0.3125999867916107,
        "forwardPassMinGain": 18.0,
        "markDistance": 29.12929916381836,
        "passChanceDefault": 0.004999999888241291,
        "passChanceForward": 0.07090000063180923,
        "passChancePressured": 0.24799999594688416,
        "passChanceWing": 0.11389999836683273,
        "passDirDefensive": 0.017799999564886093,
        "passDirNeutral": 1.2106000185012817,
        "passDirOffensive": 0.25760000944137573,
        "riskAppetite": 0.8345999717712402,
        "shootProgressThreshold": 0.5539000034332275,
        "tackleChance": 0.02800000086426735
      },
      "gk": null,
      "spatial": {
        "ball": {
          "max": 160.6540069580078,
          "min": 24.03059959411621,
          "preferred": 28.552900314331055
        },
        "opponent": {
          "max": 204.39480590820312,
          "min": 0.0,
          "preferred": 83.81099700927734
        },
        "ownGoal": {
          "max": 644.4989013671875,
          "min": 240.8636016845703,
          "preferred": 374.7218017578125
        },
        "side": {
          "max": 345.21319580078125,
          "min": 52.614601135253906,
          "preferred": 308.8778991699219
        },
        "teammate": {
          "max": 400.0,
          "min": 98.0105972290039,
          "preferred": 166.8177947998047
        }
      }
    },
    {
      "decisions": {
        "aggression": 0.9904000163078308,
        "forwardPassMinGain": 12.791799545288086,
        "markDistance": 32.061500549316406,
        "passChanceDefault": 0.036400001496076584,
        "passChanceForward": 0.012000000104308128,
        "passChancePressured": 0.21699999272823334,
        "passChanceWing": 0.05990000069141388,
        "passDirDefensive": 1.61899995803833,
        "passDirNeutral": 1.917799949645996,
        "passDirOffensive": 0.2076999992132187,
        "riskAppetite": 0.5712000131607056,
        "shootProgressThreshold": 0.5759999752044678,
        "tackleChance": 0.16979999840259552
      },
      "gk": {
        "gkDistributionZone": 0.30570000410079956,
        "gkDiveChance": 0.8361999988555908,
        "gkDiveCommitDist": 102.6603012084961,
        "gkPassTargetDist": 211.46470642089844,
        "gkRiskClearance": 0.5834000110626221
      },
      "spatial": {
        "ball": {
          "max": 177.06039428710938,
          "min": 84.36620330810547,
          "preferred": 84.36620330810547
        },
        "opponent": {
          "max": 271.29119873046875,
          "min": 38.655399322509766,
          "preferred": 203.97979736328125
        },
        "ownGoal": {
          "max": 454.92730712890625,
          "min": 412.95709228515625,
          "preferred": 438.9993896484375
        },
        "side": {
          "max": 172.22999572753906,
          "min": 120.44989776611328,
          "preferred": 135.9185028076172
        },
        "teammate": {
          "max": 174.5395050048828,
          "min": 114.09829711914062,
          "preferred": 155.53799438476562
        }
      }
    }
  ],
  "finishedAt": "2026-05-06T02:18:36Z",
  "gamesPerEpoch": 50000,
  "history": [
    {
      "accepted": false,
      "baselineAvgGoals": 1.17,
      "candidateAvgGoals": 0.62,
      "championEpoch": 0,
      "earlyStop": "worse",
      "elapsedMs": 695,
      "epoch": 1,
      "gamesRun": 100,
      "goalDiff": -55.0,
      "zScore": -4.457
    },
    {
      "accepted": false,
      "baselineAvgGoals": 0.893,
      "candidateAvgGoals": 0.68,
      "championEpoch": 0,
      "earlyStop": "worse",